"id","voucher_id","category_id","description","quantity","unit_price","amount","gst_rate","gst_amount","reference_invoice_number","reference_invoice_date","cost_center","remarks","record_status","created_at","updated_at"
"71fcb375-bce7-43ca-8aec-95dfcadaaae2","1a248b8a-d94f-4582-a45b-42f4af30a32f",NULL,"Diesel",1,0,300000,"0.00",0,NULL,NULL,NULL,NULL,1,"2026-02-18 07:31:32.940048","2026-02-18 07:31:32.940048"
"aa08a0f8-35ea-4bc7-a82e-a06764baccd9","53db9f1a-f5e4-4d28-83ab-1bf8f40b44e5",NULL,"For Office Expenses",1,0,400000,"0.00",0,NULL,NULL,NULL,NULL,1,"2026-02-17 11:06:24.279079","2026-02-17 11:06:24.279079"
"46769c70-c981-41a4-aa56-cd66f487c7a9","2d33196f-13c7-4312-b586-c37afb8bca6d",NULL,"For Diesel Expense",1,0,300000,"0.00",0,NULL,NULL,NULL,NULL,1,"2026-02-17 11:10:00.569398","2026-02-17 11:10:00.569398"
"046137de-245f-49b5-a293-724c4f209e5f","6aa416c8-e1c4-4445-a4d2-6b9c7301582a",NULL,"Stationary Items",1,0,11000,"0.00",0,NULL,NULL,NULL,NULL,1,"2026-02-17 12:33:54.511759","2026-02-17 12:33:54.511759"
"27027701-9b5a-418d-b412-f1faeb252545","707e466f-0a63-4bfb-aa2a-9a9a37e7ec25",NULL,"RO Filters",1,0,584000,"0.00",0,NULL,NULL,NULL,NULL,1,"2026-02-17 13:37:53.168101","2026-02-17 13:37:53.168101"
"ebb27bce-0519-4dcb-affb-ab58a6506f84","adc2a20b-eeea-4224-8b22-966e7cdbaee8",NULL,"Petrol Expenses",1,0,26000,"0.00",0,NULL,NULL,NULL,NULL,1,"2026-02-17 13:38:36.240647","2026-02-17 13:38:36.240647"
"8b69e1bd-4a21-4ec8-8410-b327f6f97b91","8230501a-1dd7-4034-a5b9-248f74fbdc37",NULL,"Staff Dinner",1,0,210000,"0.00",0,NULL,NULL,NULL,NULL,1,"2026-02-17 13:38:59.294857","2026-02-17 13:38:59.294857"
"f53a3426-4e05-415e-8f36-ef479b875bad","d9822692-cbd0-48fb-8688-3d8cd6fac115",NULL,"Transport",1,0,300000,"0.00",0,NULL,NULL,NULL,NULL,1,"2026-02-17 13:40:32.631549","2026-02-17 13:40:32.631549"
"3734477c-f59c-4c30-a556-967a6282acb7","859fa001-fee7-4733-abaf-195d6db53c98",NULL,"Diesel ",1,0,600000,"0.00",0,NULL,NULL,NULL,NULL,1,"2026-02-17 14:06:47.795167","2026-02-17 14:06:47.795167"
"eca1b74e-b0de-45be-8da5-74d0ed9b8671","6761163e-8c78-49b3-960e-5c591c2e35ba",NULL,"Fast Tag",1,0,50000,"0.00",0,NULL,NULL,NULL,NULL,1,"2026-02-17 14:07:18.729786","2026-02-17 14:07:18.729786"
"24a10657-9b20-4085-befe-874913548005","681d8857-9148-4190-9133-d19fd0c6b640",NULL,"Milk Expenses",1,0,840000,"0.00",0,NULL,NULL,NULL,NULL,1,"2026-02-17 14:08:59.255066","2026-02-17 14:08:59.255066"
"ea240c3e-c280-4fac-ae55-a4f58aa3a619","50b635d3-c4db-42f3-87ba-f8b1d83a8655",NULL,"Petrol",1,0,20000,"0.00",0,NULL,NULL,NULL,NULL,1,"2026-02-17 14:09:18.103473","2026-02-17 14:09:18.103473"
"dae9ae1b-6218-46f4-874a-a78cd3fd601f","413fe3c4-5213-40be-a536-22c0c443a4f4",NULL,"Diesel",1,0,600000,"0.00",0,NULL,NULL,NULL,NULL,1,"2026-02-17 14:13:19.342759","2026-02-17 14:13:19.342759"
"115342c0-3f31-40a2-906e-57e9161d0665","36cef1bc-a7fe-4bba-8fa2-87049a435c52",NULL,"Weight Overload ",1,0,30000,"0.00",0,NULL,NULL,NULL,NULL,1,"2026-02-17 14:13:51.165744","2026-02-17 14:13:51.165744"
"4980e57f-f5da-4deb-918c-4aba6ed61ef8","2980fd18-58da-4a3e-9b9d-68f7473ac39f",NULL,"Green Mat",1,0,30000,"0.00",0,NULL,NULL,NULL,NULL,1,"2026-02-17 14:15:01.501388","2026-02-17 14:15:01.501388"
"44e765d4-3ccc-4b96-ba9c-377b539c0078","70630e7e-0114-49d2-a7d9-45316f02aa7a",NULL,"Cash Deposit",1,0,4000000,"0.00",0,NULL,NULL,NULL,NULL,1,"2026-02-17 14:27:58.35622","2026-02-17 14:27:58.35622"
"4d0b6cc2-c680-4a96-b027-2347d91a8676","904843cb-c0df-49e8-8d6c-56461b1914bc",NULL,"Chlorine",1,0,100000,"0.00",0,NULL,NULL,NULL,NULL,1,"2026-02-17 14:28:47.351122","2026-02-17 14:28:47.351122"
"17872269-3fe2-4381-814e-0658f03fee79","eb8d2398-599b-45b9-be70-e430b369a0db",NULL,"Food Expenses",1,0,700000,"0.00",0,NULL,NULL,NULL,NULL,1,"2026-02-17 14:29:29.779918","2026-02-17 14:29:29.779918"
"fd15354f-308b-4498-b11c-dc46847e3550","d6d848ec-da0e-4fba-a96f-59c047001e92",NULL,"Travelling Charges and Expenses",1,0,300000,"0.00",0,NULL,NULL,NULL,NULL,1,"2026-02-17 14:30:03.609197","2026-02-17 14:30:03.609197"
"52dbb830-3ccf-4f68-b22a-59a87082c936","0ea43941-6479-4561-a678-b20d76723993",NULL,"Transport",1,0,10000,"0.00",0,NULL,NULL,NULL,NULL,1,"2026-02-17 14:30:33.856161","2026-02-17 14:30:33.856161"
"e8366a4d-090a-45cd-ac9d-c38b74eed0eb","1a2442ae-5db5-427a-9387-8769316c10d3",NULL,"Plumbing Charges",1,0,150000,"0.00",0,NULL,NULL,NULL,NULL,1,"2026-02-17 14:33:30.20186","2026-02-17 14:33:30.20186"
"93c37ea1-8078-4533-a10f-213da1e500bf","0afce8b5-0a3f-497c-93d8-b437a232b78a",NULL,"Drum ",1,0,80000,"0.00",0,NULL,NULL,NULL,NULL,1,"2026-02-17 14:34:30.305008","2026-02-17 14:34:30.305008"
"49043a65-a036-472f-b138-c4b85f58cfaa","023a380e-4c2d-4b9e-ab4d-6bc2fced7ad7",NULL,"Stay Expenses",1,0,330000,"0.00",0,NULL,NULL,NULL,NULL,1,"2026-02-17 14:35:03.949344","2026-02-17 14:35:03.949344"
"b68f9ce1-7ede-4348-aa13-50588ba91c86","5d211e19-1d88-41f4-858c-057a9f8112bb",NULL,"Stationary",1,0,60000,"0.00",0,NULL,NULL,NULL,NULL,1,"2026-02-17 14:35:40.632456","2026-02-17 14:35:40.632456"
"e877cd23-76fb-4ce5-a703-5fb5c4ad82c1","6e988940-a2e6-4766-8b85-40cfb08fe85e",NULL,"Petrol",1,0,20000,"0.00",0,NULL,NULL,NULL,NULL,1,"2026-02-17 14:35:58.879898","2026-02-17 14:35:58.879898"
"c214dbef-81f8-4cf3-b50a-a80f10f98b4a","22bc0043-ac38-4458-a25e-ed03879fdcf2",NULL,"Diesel",1,0,550000,"0.00",0,NULL,NULL,NULL,NULL,1,"2026-02-18 05:35:59.29884","2026-02-18 05:35:59.29884"
"e4bfd6c0-e2d7-4f57-9159-0b1e5652ddea","34ea6689-d6cd-410c-8272-eca5e69ea7b3",NULL,"Fasttag",1,0,50000,"0.00",0,NULL,NULL,NULL,NULL,1,"2026-02-18 05:36:30.426827","2026-02-18 05:36:30.426827"
"ef1ae51f-c46f-48bc-b8b2-92ba5933e015","a550bbdc-e43c-471d-bd2c-613cdb3f0901",NULL,"Overload",1,0,30000,"0.00",0,NULL,NULL,NULL,NULL,1,"2026-02-18 05:36:58.72242","2026-02-18 05:36:58.72242"
"d840d92a-fbbd-4468-b117-4905e4c1d528","62d10521-cf2d-46de-ac24-0a374bd8ad5e",NULL,"Transport",1,0,200000,"0.00",0,NULL,NULL,NULL,NULL,1,"2026-02-18 05:42:58.097348","2026-02-18 05:42:58.097348"
"35b4a608-2ee4-4a2d-a571-77a523a9e909","c7eba9a3-8c99-44a6-af79-cc0123b34641",NULL,"Diesel",1,0,300000,"0.00",0,NULL,NULL,NULL,NULL,1,"2026-02-18 05:44:52.387213","2026-02-18 05:44:52.387213"
"6624ad39-44d5-4197-900a-a9dc520dc285","33343884-63e9-4412-b250-c5ecb061ca42",NULL,"Diesel",1,0,300000,"0.00",0,NULL,NULL,NULL,NULL,1,"2026-02-18 05:46:13.254602","2026-02-18 05:46:13.254602"
"30dd05be-9fe3-47aa-a015-ee4fb7cd1525","b686eeda-d303-4ddd-9929-d8e63403f7df",NULL,"Diesel",1,0,300000,"0.00",0,NULL,NULL,NULL,NULL,1,"2026-02-18 05:55:26.178365","2026-02-18 05:55:26.178365"
"101b1b4b-64b1-4f9f-8a65-040926189fbf","43acd08d-0412-4cf0-910d-d783d76bdb85",NULL,"Geologist",1,0,500000,"0.00",0,NULL,NULL,NULL,NULL,1,"2026-02-18 05:56:17.954318","2026-02-18 05:56:17.954318"
"4f5745dd-b9eb-47c5-97ef-deacfb6200fb","b713be19-f976-4770-bc7b-2f33ecca21f7",NULL,"Stationary",1,0,120000,"0.00",0,NULL,NULL,NULL,NULL,1,"2026-02-18 05:56:46.102004","2026-02-18 05:56:46.102004"
"de53c7fc-5462-46be-b71d-73085d9f1b28","2a177a76-7bae-4d9c-9efb-36db8772413a",NULL,"Coconut",1,0,17000,"0.00",0,NULL,NULL,NULL,NULL,1,"2026-02-18 05:57:15.914808","2026-02-18 05:57:15.914808"
"2e002ad6-cbbb-4bdf-ac84-67554c7fa5b6","401359e7-31cb-48a1-a33b-6ec4a0685654",NULL,"Diesel",1,0,100000,"0.00",0,NULL,NULL,NULL,NULL,1,"2026-02-18 05:59:54.988325","2026-02-18 05:59:54.988325"
"28b1c5e6-90ca-4f43-8882-bc12da52bd31","b666c673-931b-4a58-8fd4-5f626c810f22",NULL,"Marketing",1,0,4950000,"0.00",0,NULL,NULL,NULL,NULL,1,"2026-02-18 06:02:12.030941","2026-02-18 06:02:12.030941"
"ac6bd9be-ba9f-4d0c-b2ef-744ed434bbce","7009ccb2-c55b-43c5-b6ab-afbb27dc9e5f",NULL,"Diesel",1,0,200000,"0.00",0,NULL,NULL,NULL,NULL,1,"2026-02-18 06:02:51.881392","2026-02-18 06:02:51.881392"
"e9969bb6-36b2-4776-8d3a-36f0b06565fc","44eaeafb-8429-4407-9d31-37e9db6b9ad1",NULL,"Diesel",1,0,300000,"0.00",0,NULL,NULL,NULL,NULL,1,"2026-02-18 06:05:11.512467","2026-02-18 06:05:11.512467"
"708d96e7-ce5f-45d1-a4d0-b84c1e171651","685d7c77-12a6-4437-aa01-9a75be65b0d0",NULL,"Assil",1,0,10000,"0.00",0,NULL,NULL,NULL,NULL,1,"2026-02-18 06:06:17.270512","2026-02-18 06:06:17.270512"
"f1e72dd1-7ebc-4827-af23-633adc14455e","3a321c42-9976-433c-944c-fea6ff7d0716",NULL,"Number Plate",1,0,35000,"0.00",0,NULL,NULL,NULL,NULL,1,"2026-02-18 06:06:48.607115","2026-02-18 06:06:48.607115"
"5919a24d-3370-4782-ac1e-bcabe2a0b648","0f6e4f76-065e-4e9d-a926-81d29325b0ec",NULL,"Water Testing",1,0,885000,"0.00",0,NULL,NULL,NULL,NULL,1,"2026-02-18 06:17:08.332841","2026-02-18 06:17:08.332841"
"f7c265a6-52cf-44ba-86e3-41d0e5c74c17","3fd38fde-6b76-403c-8fe8-4462898c56ce",NULL,"Travel",1,0,70000,"0.00",0,NULL,NULL,NULL,NULL,1,"2026-02-18 06:19:26.856545","2026-02-18 06:19:26.856545"
"4a96ba7f-d106-4ced-91f4-65c722640faa","26c1a705-02e0-4e84-87ae-167e779744d2",NULL,"First Ais",1,0,30000,"0.00",0,NULL,NULL,NULL,NULL,1,"2026-02-18 06:20:46.063441","2026-02-18 06:20:46.063441"
"ae3cb5d9-59a7-4ca8-9369-6667bc4419cc","21f9da39-3c84-4030-8353-d3c924a095b1",NULL,"Tollgates",1,0,112000,"0.00",0,NULL,NULL,NULL,NULL,1,"2026-02-18 07:37:44.109644","2026-02-18 07:37:44.109644"
"bc4a59fe-7a56-46e4-ab7a-f2836fdfc88f","c2d99591-1e29-447a-8070-8ae13731fc35",NULL,"Driver Beta",1,0,20000,"0.00",0,NULL,NULL,NULL,NULL,1,"2026-02-18 08:28:33.415334","2026-02-18 08:28:33.415334"
"45e695da-123f-43c2-9fc0-b7c646bc5824","4c951067-3401-4fda-ae9c-886b4c56b78f",NULL,"Dinner",1,0,60000,"0.00",0,NULL,NULL,NULL,NULL,1,"2026-02-18 08:34:18.109756","2026-02-18 08:34:18.109756"
"4c2ff077-0989-4c0e-af15-bf7aa92d5db4","7b0d51ca-78eb-44e2-81c9-8aee371df351",NULL,"Diesel",1,0,90000,"0.00",0,NULL,NULL,NULL,NULL,1,"2026-02-18 08:35:16.048545","2026-02-18 08:35:16.048545"
"9862a122-8d55-4031-9de5-db172285e923","fa593980-badf-402a-8806-da7a5c3463c0",NULL,"Diesel",1,0,300000,"0.00",0,NULL,NULL,NULL,NULL,1,"2026-02-18 08:39:30.229154","2026-02-18 08:39:30.229154"
"904996e6-3218-43f4-9806-0169374fd418","97bd0f64-9675-46de-8e32-2e58051e9231",NULL,"Daily wages",1,0,408000,"0.00",0,NULL,NULL,NULL,NULL,1,"2026-02-18 09:13:31.489149","2026-02-18 09:13:31.489149"
"5143a698-a76b-466f-8073-e910ecf10617","86c2ca7c-c0c5-4221-a1f2-eb301f0a7916",NULL,"Daily Wage",1,0,50000,"0.00",0,NULL,NULL,NULL,NULL,1,"2026-02-18 09:15:02.362967","2026-02-18 09:15:02.362967"
"c5b210ec-bf9d-4fbf-9ee2-3fe19f08276e","715464f1-ccde-49ed-9c68-1fa8a2ef0da1",NULL,"Consumable",1,0,170000,"0.00",0,NULL,NULL,NULL,NULL,1,"2026-02-18 09:36:35.631797","2026-02-18 09:36:35.631797"
"4de05480-46d8-4787-a900-eedd209ae541","38140674-b606-405d-b291-6425aae52378",NULL,"Fine",1,0,30000,"0.00",0,NULL,NULL,NULL,NULL,1,"2026-02-18 09:37:37.830961","2026-02-18 09:37:37.830961"
"96656233-aa37-4b4d-9ec5-684cc8c306a7","a972a012-0c56-49ae-8175-5d97d63a6325",NULL,"Petrol",1,0,15000,"0.00",0,NULL,NULL,NULL,NULL,1,"2026-02-18 09:42:13.067313","2026-02-18 09:42:13.067313"
"13b5a84d-208b-4e17-941e-6371aa0d5fca","cb179b61-3264-4dbd-a0ca-2685c8fe4eef",NULL,"Milk",1,0,14000,"0.00",0,NULL,NULL,NULL,NULL,1,"2026-02-18 09:44:40.676262","2026-02-18 09:44:40.676262"
"e7cd0aea-6478-4f4d-8f3b-c1f544020193","160a243d-a112-4453-9f60-62e8116a26a0",NULL,"Diesel",1,0,300000,"0.00",0,NULL,NULL,NULL,NULL,1,"2026-02-18 09:46:44.634539","2026-02-18 09:46:44.634539"
"45493ff9-863d-4ac7-afff-3737b80ac458","80f0b578-25cc-40e3-b269-adfff503a782",NULL,"Tollgate",1,0,50000,"0.00",0,NULL,NULL,NULL,NULL,1,"2026-02-18 09:47:44.70638","2026-02-18 09:47:44.70638"
"50fd70db-3a3b-4432-b3ca-1efb9f9234ad","d71fa29d-560c-43ff-87ad-00d253d2c089",NULL,"Stationary",1,0,17000,"0.00",0,NULL,NULL,NULL,NULL,1,"2026-02-18 09:49:07.567453","2026-02-18 09:49:07.567453"
"961126e4-c8c9-4365-8faa-4a876364c036","2ba95abf-5591-4455-bc0e-361a710ce31d",NULL,"Travel",1,0,60000,"0.00",0,NULL,NULL,NULL,NULL,1,"2026-02-18 10:09:17.088441","2026-02-18 10:09:17.088441"
"afb3e207-08e0-4e75-b6d0-3eb868bc45ff","0083b6ca-a431-4c2a-9034-8be14ba2b2ad",NULL,"Diesel",1,0,300000,"0.00",0,NULL,NULL,NULL,NULL,1,"2026-02-18 10:09:47.92747","2026-02-18 10:09:47.92747"
"36a31e5c-9444-4a76-8595-af21c19567cf","bf155998-94af-4e8f-b3ca-d43eb89de335",NULL,"Consumable",1,0,184000,"0.00",0,NULL,NULL,NULL,NULL,1,"2026-02-18 10:18:34.191412","2026-02-18 10:18:34.191412"
"c828044b-bb64-4c6d-93e7-62dcb21d5ac6","00483b85-a06b-4420-9969-3f2790eb1ede",NULL,"Vehicle maintenance",1,0,12000,"0.00",0,NULL,NULL,NULL,NULL,1,"2026-02-18 10:20:25.827996","2026-02-18 10:20:25.827996"
"158acec1-5a6b-4515-97ad-dccd87074829","746f3fdc-7a6d-4fe1-9ce2-560db6ef5b11",NULL,"Diesel",1,0,600000,"0.00",0,NULL,NULL,NULL,NULL,1,"2026-02-18 10:20:52.388004","2026-02-18 10:20:52.388004"
"a1d3885c-dd8f-4a3f-bc5b-972412b9013a","aca80e36-9c64-4cc3-ab6f-a0ca2d3c55c7",NULL,"Daily wage",1,0,20000,"0.00",0,NULL,NULL,NULL,NULL,1,"2026-02-18 10:22:34.248866","2026-02-18 10:22:34.248866"
"f0bbe5f0-2886-4983-8f8c-15e0af3842c2","e16c58ca-fe3b-4669-9ce7-5dfeb13af650",NULL,"Dinner",1,0,80000,"0.00",0,NULL,NULL,NULL,NULL,1,"2026-02-18 10:25:51.768985","2026-02-18 10:25:51.768985"
"41939bb4-be84-4f34-8694-98312580357c","40cb30ed-73dc-46f4-95dd-ee538afe06cd",NULL,"Meals",1,0,26000,"0.00",0,NULL,NULL,NULL,NULL,1,"2026-02-18 10:49:05.929553","2026-02-18 10:49:05.929553"
"ce6ea36e-3789-4120-886c-e4b7fad65b35","1f67432f-ec5d-4ef1-b8ef-4ae1ed2d613a",NULL,"Diesel",1,0,300000,"0.00",0,NULL,NULL,NULL,NULL,1,"2026-02-18 10:49:40.641301","2026-02-18 10:49:40.641301"
"6e96b0b9-a5a5-4ca9-9b3d-7defeb02bdc9","857ca4ea-bb5d-4c0a-8bbe-86abafa64fa9",NULL,"Tavel",1,0,35000,"0.00",0,NULL,NULL,NULL,NULL,1,"2026-02-18 10:53:06.01407","2026-02-18 10:53:06.01407"
"5b2cd579-49ba-48e2-a27b-97e67b6a6a2f","344fd34f-e315-4acc-bc1e-18db5df5c7aa",NULL,"Milk",1,0,20000,"0.00",0,NULL,NULL,NULL,NULL,1,"2026-02-18 10:55:49.226882","2026-02-18 10:55:49.226882"
"56db0d20-bef8-4902-a0ff-01e177339ded","7d2fbd96-4e46-417b-8a5c-9d5d576045a6",NULL,"Daily wage",1,0,500000,"0.00",0,NULL,NULL,NULL,NULL,1,"2026-02-18 10:56:37.383636","2026-02-18 10:56:37.383636"
"f1926f46-15fc-4baa-91f4-46a805db5907","1f9d367e-a153-44c1-ba1b-695d9d9c8f98",NULL,"Spare",1,0,547700,"0.00",0,NULL,NULL,NULL,NULL,1,"2026-02-18 11:56:09.630099","2026-02-18 11:56:09.630099"
"6edbcb2d-39de-4fbd-827b-272042644dd8","72692bfd-1531-4fb7-ac13-887ad7a2670d",NULL,"Travel",1,0,100000,"0.00",0,NULL,NULL,NULL,NULL,1,"2026-02-18 11:57:24.568497","2026-02-18 11:57:24.568497"
"003a7da4-704b-4fdb-abe4-1aefb8632910","915f2d58-cf19-47ea-aaf3-e664a4c5dacb",NULL,"Transport ",1,0,600000,"0.00",0,NULL,NULL,NULL,NULL,1,"2026-02-18 12:06:42.447968","2026-02-18 12:06:42.447968"
"cdc87764-f846-4652-8bca-18c64ad9d22a","9ef669fd-153e-47ac-8ebc-0fc1557bee81",NULL,"Dinner",1,0,100000,"0.00",0,NULL,NULL,NULL,NULL,1,"2026-02-18 12:07:50.048163","2026-02-18 12:07:50.048163"
"b25cfbc4-a0ee-4710-b402-fc7ef74f5150","4eb1b9a3-ce4d-4fb2-87af-2b64ce4b6b62",NULL,"Diesel",1,0,300000,"0.00",0,NULL,NULL,NULL,NULL,1,"2026-02-18 12:08:49.787664","2026-02-18 12:08:49.787664"
"d211ee6c-e719-4b23-9b4e-72dc2a53eca3","d535774e-2afb-4241-b046-cc5db37a0550",NULL,"Petrol",1,0,50000,"0.00",0,NULL,NULL,NULL,NULL,1,"2026-02-18 12:09:21.648864","2026-02-18 12:09:21.648864"
"a79d7a84-2835-42fb-b818-312a5d9d4629","f75f9d37-8afc-45f3-817f-a4b9903e93c5",NULL,"Daily Wages",1,0,280000,"0.00",0,NULL,NULL,NULL,NULL,1,"2026-02-18 12:10:01.314861","2026-02-18 12:10:01.314861"
"b5013b41-7d98-4329-9dc7-17bbdab1742b","a7d5cbf2-f73c-4296-8633-d733acecbd70",NULL,"Diesel",1,0,300000,"0.00",0,NULL,NULL,NULL,NULL,1,"2026-02-18 12:12:09.186224","2026-02-18 12:12:09.186224"
"d2927527-8e86-4321-8809-ba4b2e4375b6","20b3817e-78d5-4ceb-a384-18d5d54ae805",NULL,"Diesel",1,0,200000,"0.00",0,NULL,NULL,NULL,NULL,1,"2026-02-18 12:12:44.106187","2026-02-18 12:12:44.106187"
"607d19b6-b3f4-4b8b-a83a-32fb2c5f8f76","57783664-3be3-49ef-800c-d544a129ee2e",NULL,"Vehicle maintenance",1,0,40000,"0.00",0,NULL,NULL,NULL,NULL,1,"2026-02-18 12:14:20.50307","2026-02-18 12:14:20.50307"
"a39ea23d-a217-47af-b9d4-4f0db8b304b5","f6e2cdb5-7484-4c64-946e-fb240bcbe0c7",NULL,"Spares",1,0,45000,"0.00",0,NULL,NULL,NULL,NULL,1,"2026-02-18 12:16:52.863405","2026-02-18 12:16:52.863405"
"58d5bfca-7c81-430d-82e8-de10011318dc","853199c6-f22d-44a2-948a-81853203af28",NULL,"Transport",1,0,200000,"0.00",0,NULL,NULL,NULL,NULL,1,"2026-02-18 12:18:59.991081","2026-02-18 12:18:59.991081"
"8be83b14-0631-440d-84c8-0a8e933b3f4f","c88571bf-4924-41a8-b91f-9527def99191",NULL,"Diesel",1,0,100000,"0.00",0,NULL,NULL,NULL,NULL,1,"2026-02-19 08:34:11.761974","2026-02-19 08:34:11.761974"
"6db8a040-256e-407c-8f85-a23b0dcd5fd6","afc59c09-6fbe-4ca8-bcc4-d45f0d5229d7",NULL,"Lunch",1,0,60000,"0.00",0,NULL,NULL,NULL,NULL,1,"2026-02-19 08:35:18.290189","2026-02-19 08:35:18.290189"
"18afee0b-1ef4-4027-b9c2-5fc1f03ed413","8ae04262-7035-4655-ae2d-7e092fd75f33",NULL,"Diesel",1,0,300000,"0.00",0,NULL,NULL,NULL,NULL,1,"2026-02-19 08:41:25.168945","2026-02-19 08:41:25.168945"
"f39d53af-c6cf-40c7-ae2f-5a10363f50c0","fe1acdbe-2a31-4264-9a22-baae86faa029",NULL,"Diesel",1,0,300000,"0.00",0,NULL,NULL,NULL,NULL,1,"2026-02-19 08:54:58.174216","2026-02-19 08:54:58.174216"
"40660965-b2ea-43a1-be5f-5204f1f0f3cd","9c18d2b6-67c9-44ca-bf5a-37211251603b",NULL,"Diesel",1,0,600000,"0.00",0,NULL,NULL,NULL,NULL,1,"2026-02-19 08:57:25.928096","2026-02-19 08:57:25.928096"
"2afe92c5-a36a-4258-83fa-7f9ac360bad7","8bf2b327-9917-4cd5-a81e-44184a0da4c2",NULL,"Fast Tag Registration",1,0,130000,"0.00",0,NULL,NULL,NULL,NULL,1,"2026-02-19 08:59:03.009401","2026-02-19 08:59:03.009401"
"81e49ca2-079b-43bf-b9cb-e03f1699ab12","44988dec-8122-4421-9630-84b63888c7ce",NULL,"Fast tag",1,0,100000,"0.00",0,NULL,NULL,NULL,NULL,1,"2026-02-19 09:01:03.553779","2026-02-19 09:01:03.553779"
"064bde8e-4a98-488e-a726-f4cf00803767","18d6819b-30fb-4f7b-9eeb-0be1332866f4",NULL,"Daily wage",1,0,20000,"0.00",0,NULL,NULL,NULL,NULL,1,"2026-02-19 09:01:53.810565","2026-02-19 09:01:53.810565"
"86569def-1ae4-4a3f-bb7a-c8353b85d479","c4d9bbe4-c1ec-43e3-b9fc-124595e70ba4",NULL,"Milk",1,0,15000,"0.00",0,NULL,NULL,NULL,NULL,1,"2026-02-19 09:02:19.687238","2026-02-19 09:02:19.687238"
"d2096210-4a7d-4c4a-8333-1bae9091337f","d347ef8e-2512-4497-b90c-4ad9441923a3",NULL,"Flooring",1,0,2500000,"0.00",0,NULL,NULL,NULL,NULL,1,"2026-02-19 09:07:24.768982","2026-02-19 09:07:24.768982"
"7ae20141-142e-41f6-9a22-89d8bc81bd7b","44c6619f-5058-416b-bb72-b4134e20905a",NULL,"Diesel",1,0,300000,"0.00",0,NULL,NULL,NULL,NULL,1,"2026-02-19 09:11:27.977296","2026-02-19 09:11:27.977296"
"e706d201-fece-49c2-8f15-31ef1e553de9","34aab1b9-7922-4ad7-900d-b684fa4302c6",NULL,"Flooring",1,0,500000,"0.00",0,NULL,NULL,NULL,NULL,1,"2026-02-19 09:13:28.929217","2026-02-19 09:13:28.929217"
"4ebfba4f-d5ec-4c95-989a-0447316564af","b81268e9-26a0-403c-a0d3-cec34cd987d1",NULL,"Milk",1,0,18000,"0.00",0,NULL,NULL,NULL,NULL,1,"2026-02-19 09:13:58.067733","2026-02-19 09:13:58.067733"
"02dc33c2-07fe-4aae-9cfb-16956d2135f3","1d950ef5-401a-448f-b706-edf44fdb7d61",NULL,"Dinner",1,0,80000,"0.00",0,NULL,NULL,NULL,NULL,1,"2026-02-19 09:15:07.509963","2026-02-19 09:15:07.509963"
"c4e4878d-3404-4974-b9ff-445c1dc16734","4d894f43-bfd6-4cc7-a363-f756a2e18040",NULL,"vehicle maintenance",1,0,35000,"0.00",0,NULL,NULL,NULL,NULL,1,"2026-02-19 09:18:24.035719","2026-02-19 09:18:24.035719"
"7bcf10cc-7611-4c11-a4e7-441995dedee2","190bb8f5-e592-439f-aba1-1ef5e0b12b25",NULL,"Fast Tag Sticker",1,0,10000,"0.00",0,NULL,NULL,NULL,NULL,1,"2026-02-19 09:20:07.045944","2026-02-19 09:20:07.045944"
"f3b68256-3b4a-4999-8aee-b21c6ff3a2d0","d1853759-e3b9-4d9b-8aaa-590868dd926e",NULL,"Diesel",1,0,300000,"0.00",0,NULL,NULL,NULL,NULL,1,"2026-02-19 09:20:49.767139","2026-02-19 09:20:49.767139"
"b53f3b35-749b-417f-ae4d-dcbc27a29d72","2efb9e60-021e-4d8c-a0a1-c4a03ab2dd3f",NULL,"Fridge Stickring",1,0,100000,"0.00",0,NULL,NULL,NULL,NULL,1,"2026-02-19 10:43:19.323377","2026-02-19 10:43:19.323377"
"66823ea6-fb7e-4a8c-b7e2-804528287ed4","a19b5ea1-4151-4888-866f-049f2378b3f2",NULL,"Grocerys",1,0,542000,"0.00",0,NULL,NULL,NULL,NULL,1,"2026-02-19 10:44:39.904706","2026-02-19 10:44:39.904706"
"3132eaca-4182-4865-8d91-56eb7082d915","5bde6fe9-b718-4e5c-87d4-8b5d0b5b14dd",NULL,"Electricity bill",1,0,131200,"0.00",0,NULL,NULL,NULL,NULL,1,"2026-02-19 11:35:08.123766","2026-02-19 11:35:08.123766"
"54923e44-1261-462b-a6e3-b020e5313326","b19a2254-66e4-44ab-b8b5-be8a78810fe3",NULL,"Diesel",1,0,300000,"0.00",0,NULL,NULL,NULL,NULL,1,"2026-02-19 11:36:52.441496","2026-02-19 11:36:52.441496"
"f81c22e1-1179-4844-8918-27d59ec67c62","ea9a4a65-78df-4688-bcf9-865fadb238f1",NULL,"Spares",1,0,5500,"0.00",0,NULL,NULL,NULL,NULL,1,"2026-02-19 11:42:43.182733","2026-02-19 11:42:43.182733"
"2f1008b9-5f3d-430d-adc1-6388a6f629ba","5c40e9cc-1f6c-43c3-9953-5ea62fa68c3e",NULL,"Spares",1,0,200000,"0.00",0,NULL,NULL,NULL,NULL,1,"2026-02-19 11:46:08.907811","2026-02-19 11:46:08.907811"
"74736bac-ac4b-4dfb-9bcc-416cdaa1daef","f9f28306-f383-49c8-96d0-6317baf16000",NULL,"Consumable",1,0,90000,"0.00",0,NULL,NULL,NULL,NULL,1,"2026-02-19 11:53:30.463128","2026-02-19 11:53:30.463128"
"6460b835-69f5-47fb-9814-c7f9c8a25807","127230d5-db60-4885-b3ea-f73045e23e88",NULL,"Spares",1,0,220000,"0.00",0,NULL,NULL,NULL,NULL,1,"2026-02-20 08:36:31.879162","2026-02-20 08:36:31.879162"
"968a2c00-8d1b-4013-9150-69eaa50c44e6","e5756e83-c08a-47cd-8cba-88b7e055f3c7",NULL,"Spare",1,0,76700,"0.00",0,NULL,NULL,NULL,NULL,1,"2026-02-20 08:38:35.468056","2026-02-20 08:38:35.468056"
"96245d4f-1753-4fc2-8d32-d5365bc6f1c0","0901043c-792e-44fd-980c-ba4ac85858b2",NULL,"Electrical ",1,0,180000,"0.00",0,NULL,NULL,NULL,NULL,1,"2026-02-20 08:40:06.311963","2026-02-20 08:40:06.311963"
"20e5d98e-51b8-417b-9a39-928f68572c4a","78af782e-e057-45d6-b368-edcfd9b48d17",NULL,"Travel",1,0,61500,"0.00",0,NULL,NULL,NULL,NULL,1,"2026-02-20 08:40:37.53046","2026-02-20 08:40:37.53046"
"0a83dae0-39d3-477f-b478-19df06505722","2e753112-bd5d-4abf-8ced-4836241a7623",NULL,"Diesel",1,0,300000,"0.00",0,NULL,NULL,NULL,NULL,1,"2026-02-20 08:41:52.828409","2026-02-20 08:41:52.828409"
"01131a97-18fc-4ab6-8dcf-29891b1a769c","b2f221c6-0845-4865-bcfc-cd0440db04ea",NULL,"Room Rent",1,0,933300,"0.00",0,NULL,NULL,NULL,NULL,1,"2026-02-20 08:42:47.287641","2026-02-20 08:42:47.287641"
"8d46df79-5838-4e1a-866a-7fbefae8eb58","b054785f-9f17-474a-9415-69eb3c1e67d9",NULL,"Maintenance",1,0,350000,"0.00",0,NULL,NULL,NULL,NULL,1,"2026-02-20 08:52:32.207506","2026-02-20 08:52:32.207506"
"10500edf-d35b-4e4c-8a66-60f6c2aade30","962d9649-4eeb-4d2e-8aa4-7b8e93c2076a",NULL,"Spare",1,0,150000,"0.00",0,NULL,NULL,NULL,NULL,1,"2026-02-20 08:53:25.489009","2026-02-20 08:53:25.489009"
"02047338-bba7-447e-a801-3eb80dbfa43b","7b946dc9-f085-495e-83ab-e8529b5c7457",NULL,"Diesel",1,0,300000,"0.00",0,NULL,NULL,NULL,NULL,1,"2026-02-20 08:53:56.788555","2026-02-20 08:53:56.788555"
"82f4c59d-d1de-4fe3-b4b5-d4dfdef5acdf","8bb3979e-f967-43e8-9bf1-31a9eaa49347",NULL,"Travel",1,0,80000,"0.00",0,NULL,NULL,NULL,NULL,1,"2026-02-20 08:56:50.169648","2026-02-20 08:56:50.169648"
"ff4fed74-13c8-4a63-9741-71844fa2ba94","dfac9168-203b-4aa0-a8da-d77f1f9929c7",NULL,"Diesel",1,0,300000,"0.00",0,NULL,NULL,NULL,NULL,1,"2026-02-20 09:01:36.358954","2026-02-20 09:01:36.358954"
"d73eb5f9-dc8f-4ff8-9e78-06df95ac0562","67b47e03-1350-4ead-9af7-7dfd9f1af380",NULL,"Consumable",1,0,90000,"0.00",0,NULL,NULL,NULL,NULL,1,"2026-02-20 09:07:16.850273","2026-02-20 09:07:16.850273"
"a52574c5-90c8-4f05-88f5-85ecf91a973c","5337b2b4-a053-47ec-82e2-860692a276dc",NULL,"Travel",1,0,15000,"0.00",0,NULL,NULL,NULL,NULL,1,"2026-02-20 09:08:00.148418","2026-02-20 09:08:00.148418"
"2f9a6efe-01a8-457a-b27f-6ccd86938493","5af0f312-7fbc-43f7-8ed3-2e484c857f8b",NULL,"Diesel",1,0,600000,"0.00",0,NULL,NULL,NULL,NULL,1,"2026-02-20 09:08:45.367225","2026-02-20 09:08:45.367225"
"cfb09b0e-5354-4ddb-aa3c-5cbd0dc75307","90fc9315-ccd6-49d2-88e7-72e972494241",NULL,"Consumable",1,0,140000,"0.00",0,NULL,NULL,NULL,NULL,1,"2026-02-20 09:11:06.748282","2026-02-20 09:11:06.748282"
"1db6fb81-48ec-4002-8bd2-c9dcb6a41d08","7ac3b912-4d45-4e01-a604-7be284dfda85",NULL,"Meals",1,0,70000,"0.00",0,NULL,NULL,NULL,NULL,1,"2026-02-20 09:11:43.292176","2026-02-20 09:11:43.292176"
"6abda9d2-768c-4482-86f0-8d79d243ac48","2de36a47-bd3b-4db1-b24c-7ebc79493b8a",NULL,"Beta",1,0,20000,"0.00",0,NULL,NULL,NULL,NULL,1,"2026-02-20 09:12:17.270011","2026-02-20 09:12:17.270011"
"5ab29121-7ded-49ec-ae62-b3078dc01bec","da9cd9b4-060a-4c1c-87cf-4befbb5647e9",NULL,"Diesel",1,0,300000,"0.00",0,NULL,NULL,NULL,NULL,1,"2026-02-20 09:16:48.031105","2026-02-20 09:16:48.031105"
"0a75a158-bd04-4ea8-bf90-4f754d7d6411","c2c6ee2d-693d-4800-b82c-99666811a392",NULL,"Vegetables",1,0,50000,"0.00",0,NULL,NULL,NULL,NULL,1,"2026-02-20 09:17:16.647891","2026-02-20 09:17:16.647891"
"845124c7-90fd-4fd8-9e38-35b7f81d41f2","531a93d6-632b-4dc9-a40b-060a2a0c7309",NULL,"Snacks",1,0,50000,"0.00",0,NULL,NULL,NULL,NULL,1,"2026-02-20 09:19:55.5502","2026-02-20 09:19:55.5502"
"c5e2a22b-8750-44c0-9154-c25e78637590","066385e5-599f-43e5-ac68-2362645cff42",NULL,"Petrol",1,0,20000,"0.00",0,NULL,NULL,NULL,NULL,1,"2026-02-20 09:21:07.648922","2026-02-20 09:21:07.648922"
"761f41fe-616f-4812-9d0b-50ea6b9d549e","01dba1ab-3865-4c27-95a6-3661e82066b2",NULL,"Consumable",1,0,115000,"0.00",0,NULL,NULL,NULL,NULL,1,"2026-02-20 09:22:56.109254","2026-02-20 09:22:56.109254"
"4835252c-bce4-419e-ad52-7b6eae4dee02","86de7b0b-a7ab-4ea0-a9c9-2aa51f344a8a",NULL,"Snacks",1,0,40000,"0.00",0,NULL,NULL,NULL,NULL,1,"2026-02-20 09:23:39.180746","2026-02-20 09:23:39.180746"
"5a205707-b1ac-4348-b84b-1f513b981c3f","cabbdac7-22aa-4a6e-bfe4-305e5a49f445",NULL,"Diesel",1,0,300000,"0.00",0,NULL,NULL,NULL,NULL,1,"2026-02-20 09:24:21.213467","2026-02-20 09:24:21.213467"
"3cd679ec-d71a-405e-9a1c-4e735bb959f6","2555cee6-a47b-4247-98e1-0c28e20f172a",NULL,"Spares",1,0,377000,"0.00",0,NULL,NULL,NULL,NULL,1,"2026-02-20 09:32:13.54823","2026-02-20 09:32:13.54823"
"5171efd9-0403-4bd6-84a4-e2cb17ebac46","80d5587c-75d0-434c-aac5-4d6922575a81",NULL,"Diesel",1,0,250000,"0.00",0,NULL,NULL,NULL,NULL,1,"2026-02-20 09:33:20.830143","2026-02-20 09:33:20.830143"
"9ca0b263-a600-43fe-9d3f-bdbaa9f8d901","ffac827a-e131-4f00-8a8f-1e6f5fcb0263",NULL,"fast tag",1,0,50000,"0.00",0,NULL,NULL,NULL,NULL,1,"2026-02-20 09:33:49.908035","2026-02-20 09:33:49.908035"
"a4aaa3e0-1e2a-4164-b8e0-9b89f292e5f8","a5f2389b-2ff6-450a-bb38-082ff118913d",NULL,"Factory Maintenance ",1,0,2500000,"0.00",0,NULL,NULL,NULL,NULL,1,"2026-02-20 09:35:02.928088","2026-02-20 09:35:02.928088"
"e7e24d05-1bf1-4ef6-8320-93e843969e30","a05c39ef-063d-4bc9-815e-2bdf7c1c79ba",NULL,"Spares",1,0,110000,"0.00",0,NULL,NULL,NULL,NULL,1,"2026-02-20 09:36:01.888427","2026-02-20 09:36:01.888427"
"24b87438-e6bd-4213-beac-ee587afccd73","3b817c4a-fced-48aa-8422-af8e6a47f455",NULL,"Petrol",1,0,50000,"0.00",0,NULL,NULL,NULL,NULL,1,"2026-02-20 09:46:13.969117","2026-02-20 09:46:13.969117"
"02b3fd7d-2647-4e7d-81a1-47d04825aa10","fcb5251c-09aa-400e-bcfc-eaffabb665d4",NULL,"Diesel",1,0,300000,"0.00",0,NULL,NULL,NULL,NULL,1,"2026-02-20 09:47:14.768761","2026-02-20 09:47:14.768761"
"1667c06d-e0f1-41d1-8564-e05e50124d2c","944b26c9-8bf5-4cd2-95a1-9b06542ff292",NULL,"Diesel",1,0,300000,"0.00",0,NULL,NULL,NULL,NULL,1,"2026-02-20 09:47:40.311557","2026-02-20 09:47:40.311557"
"013fe2eb-82ad-4051-918b-5da00b587f0c","3590143c-8621-4398-852a-2e6d7c363854",NULL,"Travel",1,0,150000,"0.00",0,NULL,NULL,NULL,NULL,1,"2026-02-20 09:49:03.748526","2026-02-20 09:49:03.748526"
"114c7304-36bb-4800-936a-31539cd0ed35","b322f2a0-eed1-4d93-82ac-b7161e2fb2e5",NULL,"petrol",1,0,20000,"0.00",0,NULL,NULL,NULL,NULL,1,"2026-02-20 09:49:31.968513","2026-02-20 09:49:31.968513"
"770a42f6-86a2-49db-a9da-4c2cfe71a020","3753640e-af85-4631-83bf-ec54e915d00d",NULL,"Beta",1,0,20000,"0.00",0,NULL,NULL,NULL,NULL,1,"2026-02-20 09:49:58.110782","2026-02-20 09:49:58.110782"
"7a49970e-1525-4ed7-9956-e1e88119ceff","b3bd6339-ff51-4bca-8800-4e1619c950b3",NULL,"Tax",1,0,10000,"0.00",0,NULL,NULL,NULL,NULL,1,"2026-02-20 09:50:32.948018","2026-02-20 09:50:32.948018"
"8efd8504-e725-46bb-b3e9-1b4d1279c0eb","8160f8e3-7aee-42c8-8f9c-52f2a41cebde",NULL,"Milk",1,0,384000,"0.00",0,NULL,NULL,NULL,NULL,1,"2026-02-20 09:53:23.887561","2026-02-20 09:53:23.887561"
"d85d2685-44fe-49e6-adc1-fee665d8bb63","6598cdcd-1ba4-4d90-bb78-7bf0c58832e2",NULL,"Diesel",1,0,300000,"0.00",0,NULL,NULL,NULL,NULL,1,"2026-02-20 10:00:00.95413","2026-02-20 10:00:00.95413"
"48f3a455-113d-40a4-b82c-1f61cd10bb98","d0298ad5-358c-403f-9890-5a2085f46748",NULL,"Diesel",1,0,300000,"0.00",0,NULL,NULL,NULL,NULL,1,"2026-02-20 10:00:24.207507","2026-02-20 10:00:24.207507"
"32a7bd04-2e55-4aee-b79f-d1b992c4b475","96046816-5737-4cf1-a4fc-0b7c6516a6e6",NULL,"Spare",1,0,150000,"0.00",0,NULL,NULL,NULL,NULL,1,"2026-02-20 10:02:57.282827","2026-02-20 10:02:57.282827"
"505bf6a8-84f8-4092-b7ea-1d6bb65d1f57","c2a4d699-592b-4aff-b4a0-41b2ac0f70e4",NULL,"Consumable",1,0,20000,"0.00",0,NULL,NULL,NULL,NULL,1,"2026-02-20 10:03:55.1292","2026-02-20 10:03:55.1292"
"cae87395-1e1e-4f0d-982d-0b55edf498c6","a051142b-77d7-476e-955f-bb47b1c02051",NULL,"spares",1,0,10000,"0.00",0,NULL,NULL,NULL,NULL,1,"2026-02-20 10:15:25.666317","2026-02-20 10:15:25.666317"
"8ff32f29-a455-45ff-a50e-e7120a6a206e","697d3525-3992-428e-bc45-5a5276856b5e",NULL,"Spares",1,0,6000,"0.00",0,NULL,NULL,NULL,NULL,1,"2026-02-20 10:16:24.053089","2026-02-20 10:16:24.053089"
"0a416c51-7cbc-4790-8bca-2dd6233aee37","b371a5ff-09eb-4937-8a69-308aa80844e0",NULL,"Road Tax",1,0,634000,"0.00",0,NULL,NULL,NULL,NULL,1,"2026-02-20 10:19:36.327957","2026-02-20 10:19:36.327957"
"5a871926-2748-4bf7-8723-1384be251363","120fb8c1-ffb5-4a3b-8a65-4d008c495140",NULL,"Stationary",1,0,60000,"0.00",0,NULL,NULL,NULL,NULL,1,"2026-02-20 10:20:18.536202","2026-02-20 10:20:18.536202"
"e38832b8-51dc-48d8-a162-daae062a3a4d","b1321774-aea4-49bc-a05b-cc306421154d",NULL,"Vegetables",1,0,50000,"0.00",0,NULL,NULL,NULL,NULL,1,"2026-02-20 10:20:54.108197","2026-02-20 10:20:54.108197"
"84684c46-a55d-4d6b-b2fb-4aaaf5d92e3c","df63b5f4-e040-4ad5-9bdc-15c6d1c420d6",NULL,"Diesel",1,0,300000,"0.00",0,NULL,NULL,NULL,NULL,1,"2026-02-20 10:30:16.426713","2026-02-20 10:30:16.426713"
"da7dc0a1-2c39-428e-9fb6-539bd96a96bf","d9652460-4008-4f3c-be77-2b7e6dc93efd",NULL,"Diesel",1,0,300000,"0.00",0,NULL,NULL,NULL,NULL,1,"2026-02-20 10:30:42.331563","2026-02-20 10:30:42.331563"
"bea413ed-587c-43de-927a-8a37ce3e4cce","aaac3718-9fb3-4637-a1dc-ceda5e75848b",NULL,"Fast tag",1,0,50000,"0.00",0,NULL,NULL,NULL,NULL,1,"2026-02-20 10:31:20.067287","2026-02-20 10:31:20.067287"
"8ff16c68-5ac3-408e-8289-4d75ab63d36e","6547c84f-5309-4b6c-b624-7181f56758ae",NULL,"Diesel",1,0,600000,"0.00",0,NULL,NULL,NULL,NULL,1,"2026-02-20 10:31:48.607413","2026-02-20 10:31:48.607413"
"8353051b-39d9-4667-acbc-49f7c416c8fb","06a05aee-10ad-49eb-8e3e-4efdd3f1a15e",NULL,"Beta",1,0,20000,"0.00",0,NULL,NULL,NULL,NULL,1,"2026-02-20 10:32:17.466663","2026-02-20 10:32:17.466663"
"0931722c-06a3-4f44-adec-356abe01c611","adb88ac8-bb91-439e-b0ad-11da787394f8",NULL,"Sationary",1,0,40000,"0.00",0,NULL,NULL,NULL,NULL,1,"2026-02-20 11:20:53.983749","2026-02-20 11:20:53.983749"
"e1601d62-6f47-4327-a144-ba1220f361a7","a6822594-1727-436d-aec8-367e1d00f53b",NULL,"Lunch",1,0,70000,"0.00",0,NULL,NULL,NULL,NULL,1,"2026-02-20 11:21:25.320745","2026-02-20 11:21:25.320745"
"08d17f8d-d7a7-4ae6-b091-a72b6b7bae8a","84d65523-3b83-4d1e-9910-6d5e8964bf05",NULL,"Vehicle maintenance",1,0,140000,"0.00",0,NULL,NULL,NULL,NULL,1,"2026-02-20 11:23:21.93816","2026-02-20 11:23:21.93816"
"cdbfe6ee-3f66-4e14-b431-1c02a647487a","dc3562af-f44c-4fda-bf1e-535e65add4f6",NULL,"Diesel",1,0,600000,"0.00",0,NULL,NULL,NULL,NULL,1,"2026-02-20 11:44:11.950488","2026-02-20 11:44:11.950488"
"7d72fb92-5605-4fed-909c-79ca5ea0d435","5da71b91-ccc2-4204-a5a0-c794e8c472cb",NULL,"Beta",1,0,20000,"0.00",0,NULL,NULL,NULL,NULL,1,"2026-02-20 11:44:33.82418","2026-02-20 11:44:33.82418"
"bbaca048-d265-4b56-9b8f-b1bf3e4823c8","8fca6c08-32af-48a3-8b19-5e8a1c2807db",NULL,"Commision",1,0,10000,"0.00",0,NULL,NULL,NULL,NULL,1,"2026-02-20 11:45:18.080132","2026-02-20 11:45:18.080132"
"a83c0653-4adf-4083-9328-1d8764ab9d8a","336e1bdb-012e-4fe7-989e-108e7bab50e1",NULL,"Lunch",1,0,70000,"0.00",0,NULL,NULL,NULL,NULL,1,"2026-02-20 11:46:14.820982","2026-02-20 11:46:14.820982"
"316f5d2b-c64b-4b24-b322-3b085d685e9e","2f2f7c2a-5063-4a07-b034-b2a4f175bec5",NULL,"Snacks",1,0,30000,"0.00",0,NULL,NULL,NULL,NULL,1,"2026-02-20 11:46:45.53937","2026-02-20 11:46:45.53937"
"8050c991-40e3-4076-8076-f3cd56978219","1a6a1ff6-00f6-4c99-817a-a9f39be69f40",NULL,"Dinner",1,0,104000,"0.00",0,NULL,NULL,NULL,NULL,1,"2026-02-20 11:47:26.975698","2026-02-20 11:47:26.975698"
"1e5957d3-e973-4ccc-94d6-cba8ec2db6b0","89c704ec-87f3-4314-a06e-386d972bc163",NULL,"Diesel",1,0,300000,"0.00",0,NULL,NULL,NULL,NULL,1,"2026-02-20 11:48:00.639928","2026-02-20 11:48:00.639928"
"aa70431e-d070-4516-9a64-df187101499b","80825b7c-b49c-4d35-a840-4dbf48b22a15",NULL,"Dinner",1,0,15000,"0.00",0,NULL,NULL,NULL,NULL,1,"2026-02-20 11:48:30.013726","2026-02-20 11:48:30.013726"
"63176b83-190b-4afc-a2bc-adbda8a7e04e","f10917b8-4ee9-4764-9bdf-1c2deefe5766",NULL,"Diesel",1,0,300000,"0.00",0,NULL,NULL,NULL,NULL,1,"2026-02-20 11:52:25.726374","2026-02-20 11:52:25.726374"
"806eb1c8-8dd3-48ef-a59d-82df250b2fb7","b50df24c-e52a-4ece-a8d3-2686ad0200c3",NULL,"Consumable",1,0,280000,"0.00",0,NULL,NULL,NULL,NULL,1,"2026-02-20 11:54:57.399273","2026-02-20 11:54:57.399273"
"01ca1baf-9a27-47b5-9072-d9b406bfe497","2c728941-d891-4cd7-ad6d-73dd1adfdb71",NULL,"Petrol",1,0,20000,"0.00",0,NULL,NULL,NULL,NULL,1,"2026-02-20 11:56:48.98618","2026-02-20 11:56:48.98618"
"aea75552-e297-4ad8-84de-ee540bbab693","6903a04a-21e1-496a-aa08-f254e35e6b3e",NULL,"daily wages",1,0,270000,"0.00",0,NULL,NULL,NULL,NULL,1,"2026-02-20 11:57:34.24525","2026-02-20 11:57:34.24525"
"2dda39d2-c089-4908-ab0b-2e9a6828ae2d","1c10d723-7518-4228-b768-f01244acb85c",NULL,"Factory maintenance",1,0,15000,"0.00",0,NULL,NULL,NULL,NULL,1,"2026-02-20 11:59:39.997213","2026-02-20 11:59:39.997213"
"534009d5-82dd-47d8-951c-d8bf62e10033","f681320c-a5a2-4159-8106-745afe5061d4",NULL,"Spares",1,0,39000,"0.00",0,NULL,NULL,NULL,NULL,1,"2026-02-20 12:09:34.374278","2026-02-20 12:09:34.374278"
"d9d63b30-b3a2-4cbb-a206-6e0d657ea60b","948720ab-8cf3-4e69-b1a9-106ece1d2fba",NULL,"Diesel",1,0,500000,"0.00",0,NULL,NULL,NULL,NULL,1,"2026-02-20 12:10:58.605672","2026-02-20 12:10:58.605672"
"19c7239d-2e05-47e5-ab21-dd8e66db673e","75e54c3b-d93e-42f4-ad9c-9cf5703f47a5",NULL,"Diesel",1,0,300000,"0.00",0,NULL,NULL,NULL,NULL,1,"2026-02-20 12:11:54.924262","2026-02-20 12:11:54.924262"
"3db990c3-4cde-4f3f-a9ea-6da08238a766","42749232-218d-452b-a51e-848cc1bdafd7",NULL,"Stationary",1,0,26000,"0.00",0,NULL,NULL,NULL,NULL,1,"2026-02-21 06:46:34.053792","2026-02-21 06:46:34.053792"
"67a57507-4ae2-4350-81c9-5b27d63a85ba","d9d78675-be33-445c-86ca-af95fb4a465c",NULL,"Diesel",1,0,200000,"0.00",0,NULL,NULL,NULL,NULL,1,"2026-02-21 06:47:40.287227","2026-02-21 06:47:40.287227"
"910b9b6a-eb70-4d40-af9b-05f97b681ae7","d7188e14-e500-4eef-81f7-4142db983537",NULL,"Lunch",1,0,40000,"0.00",0,NULL,NULL,NULL,NULL,1,"2026-02-21 06:48:15.827821","2026-02-21 06:48:15.827821"
"02200971-b51b-4b5b-bb88-6c9a59f220f6","24d1e96b-3ea7-4443-8bb6-f10644c786c1",NULL,"Room Rent",1,0,700000,"0.00",0,NULL,NULL,NULL,NULL,1,"2026-02-21 06:48:46.709443","2026-02-21 06:48:46.709443"
"bc6a9ccb-6be6-44f3-bc85-81bd31827895","ed5cf93a-fd1d-4b1c-86e2-418c75f02218",NULL,"Grosaries",1,0,550000,"0.00",0,NULL,NULL,NULL,NULL,1,"2026-02-21 06:49:58.550809","2026-02-21 06:49:58.550809"
"2bd6772c-a853-458b-8ed9-444a647139cd","c3aadf0f-9372-4325-bd66-ed678b2ae740",NULL,"Lunch",1,0,20000,"0.00",0,NULL,NULL,NULL,NULL,1,"2026-02-21 06:50:31.227723","2026-02-21 06:50:31.227723"
"75b0154c-cac3-4ccd-8fde-d21a3030adc0","d2c2e76c-a852-498e-b4a1-114c210d5d9b",NULL,"Consumable",1,0,41000,"0.00",0,NULL,NULL,NULL,NULL,1,"2026-02-21 06:52:23.537276","2026-02-21 06:52:23.537276"
"80fcd820-3d30-4a86-98ec-e1c145fe8469","420f5744-1eba-4962-b55e-f5414c126bdb",NULL,"Petrol",1,0,20000,"0.00",0,NULL,NULL,NULL,NULL,1,"2026-02-21 06:53:37.370622","2026-02-21 06:53:37.370622"
"49efbd3f-d865-494e-a7eb-56cc00c09d75","59508b7e-8dbd-4f44-b4c2-a7ceca97a99b",NULL,"Diesel",1,0,200000,"0.00",0,NULL,NULL,NULL,NULL,1,"2026-02-21 06:54:59.887319","2026-02-21 06:54:59.887319"
"ac469e46-2c48-4286-8787-98cb520da15b","ab470068-c477-4225-aa87-e0be47da78ab",NULL,"Diesel",1,0,300000,"0.00",0,NULL,NULL,NULL,NULL,1,"2026-02-21 08:52:37.513855","2026-02-21 08:52:37.513855"
"6f32cd69-74c3-4d21-b864-79b784fb59fb","c3d86b59-7dff-4c78-ad13-12d1ebcf5169",NULL,"Spares",1,0,357000,"0.00",0,NULL,NULL,NULL,NULL,1,"2026-02-21 08:57:16.653991","2026-02-21 08:57:16.653991"
"800c5868-a939-4939-a177-ef319d2586a5","bbc8e56e-5780-423f-971e-c6c4aeb25ef8",NULL,"Consumable",1,0,10000,"0.00",0,NULL,NULL,NULL,NULL,1,"2026-02-21 08:57:51.5533","2026-02-21 08:57:51.5533"
"b742e8c3-80ac-4e75-9e65-42c1c048395b","c2801d1b-ac2b-46ca-9080-60d57e540e5b",NULL,"Lunch",1,0,30000,"0.00",0,NULL,NULL,NULL,NULL,1,"2026-02-21 08:58:57.929079","2026-02-21 08:58:57.929079"
"1df79be4-8f0b-4aa0-8ac4-558006b275c1","1ae001da-b259-4238-88bf-0cfe36d4427f",NULL,"Diesel",1,0,300000,"0.00",0,NULL,NULL,NULL,NULL,1,"2026-02-21 09:00:07.708568","2026-02-21 09:00:07.708568"
"c11a92f3-939b-4d63-b525-ce37aa86cb2e","95e45c42-234b-4b83-943f-4165fbc483e4",NULL,"Lunch",1,0,100000,"0.00",0,NULL,NULL,NULL,NULL,1,"2026-02-21 09:01:05.993701","2026-02-21 09:01:05.993701"
"411d4dfb-dba9-45c3-ad5b-ce9a26dce500","3a1edd16-9f06-4b8a-ac1b-a2571994befc",NULL,"Diesel",1,0,200000,"0.00",0,NULL,NULL,NULL,NULL,1,"2026-02-21 09:07:02.380626","2026-02-21 09:07:02.380626"
"e15ad801-fab3-4e65-832a-337d269df25f","bbb14655-b137-4eb5-b274-2a5029971991",NULL,"Travel",1,0,100000,"0.00",0,NULL,NULL,NULL,NULL,1,"2026-02-21 09:07:38.583621","2026-02-21 09:07:38.583621"
"669f109c-92ab-40f1-a954-9969cf2c2568","c8560099-b60c-484a-a378-3154ed6c3606",NULL,"Diesel",1,0,200000,"0.00",0,NULL,NULL,NULL,NULL,1,"2026-02-21 09:08:59.647628","2026-02-21 09:08:59.647628"
"fac3612d-1326-4a50-8678-5c53ff31dd00","46a008ee-f450-4c06-86c4-e751c867a0bb",NULL,"Salary",1,0,600000,"0.00",0,NULL,NULL,NULL,NULL,1,"2026-02-21 09:10:10.409079","2026-02-21 09:10:10.409079"
"7d92cfbd-88a5-48f4-8114-bbec6569db79","06e7683c-db8b-48fa-a572-1ba90e3f8cac",NULL,"Snacks",1,0,50000,"0.00",0,NULL,NULL,NULL,NULL,1,"2026-02-21 09:11:38.518907","2026-02-21 09:11:38.518907"
"49b845a5-be94-4115-ad3b-7c56e8af6c7b","0a9fa090-55e8-4fde-aee5-1868be5dd8ae",NULL,"Diesel",1,0,300000,"0.00",0,NULL,NULL,NULL,NULL,1,"2026-02-21 09:18:52.130805","2026-02-21 09:18:52.130805"
"5241bd26-f6ba-4483-8949-a5ba03e928c0","bf16721a-89e7-4285-82c5-959cbd12c19b",NULL,"Diesel",1,0,300000,"0.00",0,NULL,NULL,NULL,NULL,1,"2026-02-21 09:20:25.407497","2026-02-21 09:20:25.407497"
"c58ab352-c797-4a9b-b73d-ef32793f8e0b","590fc34f-5154-4fcf-a69d-1c89ad36ba96",NULL,"Maintenance",1,0,300000,"0.00",0,NULL,NULL,NULL,NULL,1,"2026-02-21 09:34:47.533647","2026-02-21 09:34:47.533647"
"8bfb43c2-31c3-40e1-bb54-f825a8320469","87b7d8ea-45d3-450f-b25c-6c12282b1991",NULL,"Spares",1,0,40000,"0.00",0,NULL,NULL,NULL,NULL,1,"2026-02-21 09:36:48.468561","2026-02-21 09:36:48.468561"
"0397320f-3167-4add-9f2b-e1645f7bf6a6","76b27a20-b530-4d16-bac4-c235e022ea96",NULL,"Petrol",1,0,30000,"0.00",0,NULL,NULL,NULL,NULL,1,"2026-02-21 09:37:10.868899","2026-02-21 09:37:10.868899"
"aa180954-d95d-4e9c-88b9-8635fb82bbd8","3beb4c48-7de5-4db8-877a-06da7f590a2c",NULL,"Diesel",1,0,300000,"0.00",0,NULL,NULL,NULL,NULL,1,"2026-02-21 09:40:25.968399","2026-02-21 09:40:25.968399"
"b78cd673-7de7-4c9c-a538-5847dee7aa7c","5ef397f1-35d2-491f-a290-436b85117ca6",NULL,"Diesel",1,0,300000,"0.00",0,NULL,NULL,NULL,NULL,1,"2026-02-21 09:52:13.049219","2026-02-21 09:52:13.049219"
"fd30712a-a85b-4973-b64c-c2ba1a6aad6a","3f7e4d5e-44d0-4723-bbb9-4df948be28e5",NULL,"Milk",1,0,9000,"0.00",0,NULL,NULL,NULL,NULL,1,"2026-02-21 09:52:37.887414","2026-02-21 09:52:37.887414"
"73197d29-e57e-463c-9e9c-62b8ff316a92","3cbb838b-7971-4fc9-bbf4-618613d094d9",NULL,"Diesel",1,0,50000,"0.00",0,NULL,NULL,NULL,NULL,1,"2026-02-21 09:53:43.50799","2026-02-21 09:53:43.50799"
"9834269d-14ed-4998-b49f-e3cf1a762d34","65694163-2ca5-4bf0-8662-8b260a54f23a",NULL,"Snacks",1,0,60000,"0.00",0,NULL,NULL,NULL,NULL,1,"2026-02-21 09:54:06.548371","2026-02-21 09:54:06.548371"
"a0fd9230-99db-4318-9adc-7a2b5d9f6bce","0775f52d-4d85-4b86-b2b1-0a1362f3f171",NULL,"Sugar",1,0,5000,"0.00",0,NULL,NULL,NULL,NULL,1,"2026-02-21 09:54:37.148392","2026-02-21 09:54:37.148392"
"f3fb89bd-e046-408c-ae6a-772aeae4e13d","dbce8bac-d656-4ecb-a5b9-b5bb5df22ad7",NULL,"Room rent",1,0,120000,"0.00",0,NULL,NULL,NULL,NULL,1,"2026-02-21 09:56:27.743554","2026-02-21 09:56:27.743554"
"432e8f95-4c81-4f88-b493-3624154b2372","141fb688-f226-467a-a076-47a90dabe4b8",NULL,"Lunch",1,0,38000,"0.00",0,NULL,NULL,NULL,NULL,1,"2026-02-21 09:57:08.933602","2026-02-21 09:57:08.933602"
"b67e452b-4cca-48a3-a8b6-9e512d45a3f8","4b3925bb-204e-4d6b-b953-2a46ac0a6d37",NULL,"Travel",1,0,29100,"0.00",0,NULL,NULL,NULL,NULL,1,"2026-02-21 09:57:35.061882","2026-02-21 09:57:35.061882"
"b4bb40e9-5927-49a4-a74a-69e29adf04e0","c60cca44-0546-4620-b024-feef7c9756e2",NULL,"Diesel",1,0,600000,"0.00",0,NULL,NULL,NULL,NULL,1,"2026-02-21 10:00:44.872943","2026-02-21 10:00:44.872943"
"3b3a76bd-502a-445e-a4be-ac82dadecd50","8be70f82-ef7d-44dd-b07a-cd18eb5d4431",NULL,"Lunch",1,0,140000,"0.00",0,NULL,NULL,NULL,NULL,1,"2026-02-21 10:02:25.511149","2026-02-21 10:02:25.511149"
"62a0dab1-c6ee-4100-8779-2000671acb65","fdac1052-147c-4bb5-abdb-cf6c9d511c04",NULL,"Beta",1,0,20000,"0.00",0,NULL,NULL,NULL,NULL,1,"2026-02-21 10:02:52.642768","2026-02-21 10:02:52.642768"
"7d4ee6d3-0c3d-49ad-9c45-ed1610f6b7a5","34cd33b2-946c-46cc-aaf9-a6eca10e63f4",NULL,"Commision",1,0,10000,"0.00",0,NULL,NULL,NULL,NULL,1,"2026-02-21 10:03:14.358991","2026-02-21 10:03:14.358991"
"7e906ac7-b096-4eed-8398-600c6adfa89e","4d4ccd2c-e64e-465b-b6d0-90d421cee9e5",NULL,"Daily Wages",1,0,420000,"0.00",0,NULL,NULL,NULL,NULL,1,"2026-02-21 10:04:00.070057","2026-02-21 10:04:00.070057"
"a20cf4bb-485b-43f1-affd-ae951c6c8508","a24e8d38-5c8a-42cf-a932-14c50a17d9a1",NULL,"diesel",1,0,300000,"0.00",0,NULL,NULL,NULL,NULL,1,"2026-02-21 10:06:09.669105","2026-02-21 10:06:09.669105"
"97455977-7088-4a60-b6b6-5a248814e27f","620c1da1-b8c3-4a1a-adda-1153b09e1742",NULL,"Diesel",1,0,300000,"0.00",0,NULL,NULL,NULL,NULL,1,"2026-02-21 10:06:42.247293","2026-02-21 10:06:42.247293"
"221e50c8-f1ce-47e4-b658-b8e81d1193ff","a8f6c753-d6ae-4cd7-b179-c82665376a66",NULL,"Worship Materials",1,0,354000,"0.00",0,NULL,NULL,NULL,NULL,1,"2026-02-21 10:09:44.80727","2026-02-21 10:09:44.80727"
"0293de12-4336-4d09-82ab-c39aafff73d5","648b07e0-1a2b-46c3-88e2-112ca40457a2",NULL,"Priest",1,0,111000,"0.00",0,NULL,NULL,NULL,NULL,1,"2026-02-21 10:11:20.347225","2026-02-21 10:11:20.347225"
"93d840bb-b84b-4f34-907e-af9ad8a11cc7","cda2f692-c7e7-4128-ae86-561a60d0c70d",NULL,"Snacks",1,0,20000,"0.00",0,NULL,NULL,NULL,NULL,1,"2026-02-21 10:13:33.788434","2026-02-21 10:13:33.788434"
"aded5281-8ce2-4faf-9d6e-87b2923a6953","7bea6d5d-e114-41a4-8f4c-a13f6832284d",NULL,"Beta",1,0,20000,"0.00",0,NULL,NULL,NULL,NULL,1,"2026-02-21 10:15:19.287378","2026-02-21 10:15:19.287378"
"cc1b09d6-d82a-49f6-9934-59cf89824dbb","8f4e7045-ee7c-43d9-83b5-c113414f58ed",NULL,"Commision",1,0,10000,"0.00",0,NULL,NULL,NULL,NULL,1,"2026-02-21 10:16:08.227588","2026-02-21 10:16:08.227588"
"a77781d6-9c54-4858-861b-4596d2d5867a","d5857ebe-cd70-469e-bc42-43ee6d708dda",NULL,"Food",1,0,20000,"0.00",0,NULL,NULL,NULL,NULL,1,"2026-02-21 10:18:59.53085","2026-02-21 10:18:59.53085"
"b651c85c-1235-4e9c-adf4-936f81333db6","25bb68af-c26d-45aa-a98d-88f25c723c1d",NULL,"Spares",1,0,9000,"0.00",0,NULL,NULL,NULL,NULL,1,"2026-02-21 10:19:28.30824","2026-02-21 10:19:28.30824"
"e0291caf-5ff9-4475-b3da-e340311666a9","7a715826-3788-420e-86d7-c4f124514e32",NULL,"Oil",1,0,9000,"0.00",0,NULL,NULL,NULL,NULL,1,"2026-02-21 10:20:01.849395","2026-02-21 10:20:01.849395"
"ebe169d1-0bcf-43da-93ee-2ce015a9c629","c6e89da2-499d-46ce-be1e-46800ac618eb",NULL,"Diesel",1,0,600000,"0.00",0,NULL,NULL,NULL,NULL,1,"2026-02-21 10:20:53.493663","2026-02-21 10:20:53.493663"
"d2f63326-d377-450d-8c56-20e5b196ae2a","73a7ab59-d815-4296-a2a5-d05effe452ee",NULL,"Fast tag",1,0,130000,"0.00",0,NULL,NULL,NULL,NULL,1,"2026-02-21 10:21:22.967803","2026-02-21 10:21:22.967803"
"0c8015d0-23c4-417b-86bc-a0da55ff1319","959baf87-a7e7-4a5a-9fbe-b54859099eb2",NULL,"Maintenance",1,0,20000,"0.00",0,NULL,NULL,NULL,NULL,1,"2026-02-21 10:22:17.226872","2026-02-21 10:22:17.226872"
"7a3242e5-4271-4480-8f1b-8df35a79117c","b9440202-df89-4c23-8103-3eb26897d2b4",NULL,"Diesel",1,0,300000,"0.00",0,NULL,NULL,NULL,NULL,1,"2026-02-21 10:25:18.407776","2026-02-21 10:25:18.407776"
"0d806095-408c-4fba-aefd-44c0d26b2240","1a4e03df-d952-454c-b97b-1e374d791e27",NULL,"Diesel",1,0,300000,"0.00",0,NULL,NULL,NULL,NULL,1,"2026-02-21 10:25:48.217836","2026-02-21 10:25:48.217836"
"e5d32279-088f-4bf0-9c73-23088089cfea","68267098-9cfe-40c9-ad02-5f8894282d5f",NULL,"Trvel",1,0,50000,"0.00",0,NULL,NULL,NULL,NULL,1,"2026-02-21 10:27:33.275049","2026-02-21 10:27:33.275049"
"2357cb10-a9da-4954-a17a-92784f99ffe3","b9232e31-f5ab-454b-9d84-0047eb92b75c",NULL,"Beta",1,0,20000,"0.00",0,NULL,NULL,NULL,NULL,1,"2026-02-21 10:28:19.392008","2026-02-21 10:28:19.392008"
"4b13656a-2a05-4f57-a403-4e7d28f6a90c","5f865fa0-c328-41a0-95e7-0ea54e21e57c",NULL,"Snacks",1,0,30000,"0.00",0,NULL,NULL,NULL,NULL,1,"2026-02-21 10:29:20.353634","2026-02-21 10:29:20.353634"
"b1f7611f-478f-40e6-b349-47079929c99d","0104b63b-915a-489e-bca7-4e2eaceb3af6",NULL,"RTO Fine",1,0,200000,"0.00",0,NULL,NULL,NULL,NULL,1,"2026-02-21 10:30:24.246304","2026-02-21 10:30:24.246304"
"881a08dc-5d56-4372-9547-cd4aebeb476d","38213b50-ffe1-4a78-b547-c07205d5ef62",NULL,"Milk",1,0,6000,"0.00",0,NULL,NULL,NULL,NULL,1,"2026-02-21 10:31:46.607207","2026-02-21 10:31:46.607207"
"02952480-5c1a-482d-b117-eedf927e2f5c","78ac5696-39c1-4568-9a48-db48559ba562",NULL,"Travel",1,0,200000,"0.00",0,NULL,NULL,NULL,NULL,1,"2026-02-21 10:32:18.978899","2026-02-21 10:32:18.978899"
"e760ea75-e3cf-4567-9e6e-07f1530a1d97","086ea932-a8f6-42ea-aa1d-4a8c7b6855f7",NULL,"Diesel",1,0,300000,"0.00",0,NULL,NULL,NULL,NULL,1,"2026-02-23 09:55:28.168876","2026-02-23 09:55:28.168876"
"21d0f1a0-a823-414c-a0e8-e3fd66d5f981","47b6aba0-0c76-42ce-9cab-735ba9b4faf3",NULL,"Milk",1,0,25000,"0.00",0,NULL,NULL,NULL,NULL,1,"2026-02-23 10:02:49.828905","2026-02-23 10:02:49.828905"
"c1f94f76-22f0-42b0-b994-30ac99be5132","c656f0a1-66e1-4d77-86e2-521c527a5d14",NULL,"Travel",1,0,135000,"0.00",0,NULL,NULL,NULL,NULL,1,"2026-02-23 10:03:24.796783","2026-02-23 10:03:24.796783"
"ae4761cf-626b-486e-88e3-d84f27316062","0d44db19-b54b-4ca3-b76d-f2c8f28e823b",NULL,"Milk",1,0,18000,"0.00",0,NULL,NULL,NULL,NULL,1,"2026-02-27 03:46:32.319572","2026-02-27 03:46:32.319572"
"7ffc2c19-646e-4097-8f77-73b9df5652cc","6003c7cf-a8ea-4bb3-9555-31e6a5161442",NULL,"Consumable",1,0,28000,"0.00",0,NULL,NULL,NULL,NULL,1,"2026-02-27 03:48:02.130928","2026-02-27 03:48:02.130928"
"4dd4ada7-e486-4371-8c2e-decc2f09f497","6b8d1471-4cfb-4c6f-88a4-40010aab48f7",NULL,"Consumable",1,0,13000,"0.00",0,NULL,NULL,NULL,NULL,1,"2026-02-27 03:48:36.764928","2026-02-27 03:48:36.764928"
"2275d1d1-79b4-4d2b-b9bd-21f0f15f6c85","d762bab3-1275-4e4a-b716-0a79cac6d51e",NULL,"maintenance",1,0,50000,"0.00",0,NULL,NULL,NULL,NULL,1,"2026-02-27 03:49:37.663631","2026-02-27 03:49:37.663631"
"06239903-348d-4301-95aa-0a02e09f85a8","9b97e5e1-2bf1-4a93-8b23-0d01a5779ecc",NULL,"Staionary",1,0,120000,"0.00",0,NULL,NULL,NULL,NULL,1,"2026-02-27 03:52:51.024282","2026-02-27 03:52:51.024282"
"042c284d-07b3-45cb-a1fd-3e1321ff98d0","807f0ff6-27a0-4fcb-9947-9716a98f7bdb",NULL,"Vegetables",1,0,70000,"0.00",0,NULL,NULL,NULL,NULL,1,"2026-02-27 03:56:49.653384","2026-02-27 03:56:49.653384"
"05696ea1-331a-434a-984d-0305480d67b3","a0166136-962c-402c-bec0-9fd5d344a9f7",NULL,"Diesel",1,0,300000,"0.00",0,NULL,NULL,NULL,NULL,1,"2026-02-27 03:57:11.888412","2026-02-27 03:57:11.888412"
"799ea104-2216-4561-931c-5c886dfd0932","93ae8d03-c36b-4552-95ce-556beedd72d8",NULL,"Fast tag",1,0,50000,"0.00",0,NULL,NULL,NULL,NULL,1,"2026-02-27 03:58:37.897089","2026-02-27 03:58:37.897089"
"ed7dd81e-e104-4abf-9bfd-0b0846081aa2","61dd9805-db85-4119-b40a-d03661296604",NULL,"Grosaries",1,0,108000,"0.00",0,NULL,NULL,NULL,NULL,1,"2026-02-27 03:59:20.433428","2026-02-27 03:59:20.433428"
"e94da291-d80f-46f0-a6d5-0ceae3e4d88b","4ee3e3dd-6727-4500-a2ac-a800ad898d92",NULL,"Diesel",1,0,300000,"0.00",0,NULL,NULL,NULL,NULL,1,"2026-02-27 04:00:01.117321","2026-02-27 04:00:01.117321"
"90fdd41c-fa69-4346-af1f-5f89c47e4b7f","10c468ca-8153-48f0-a340-8b83b302e029",NULL,"Diesel",1,0,300000,"0.00",0,NULL,NULL,NULL,NULL,1,"2026-02-27 04:01:38.478745","2026-02-27 04:01:38.478745"
"cb9ff6af-f26f-4ac8-8802-0cb256780ae5","da88181e-281c-49d3-bef8-f7f4f31414e9",NULL,"Milk",1,0,19000,"0.00",0,NULL,NULL,NULL,NULL,1,"2026-02-27 04:02:05.881468","2026-02-27 04:02:05.881468"
"dc7bf602-a3de-4ad1-9e4b-4f1c9cea5f52","903e0ac0-75ae-49f3-a014-f496e5d8877e",NULL,"maintenance",1,0,5000,"0.00",0,NULL,NULL,NULL,NULL,1,"2026-02-27 04:02:42.962316","2026-02-27 04:02:42.962316"
"dfbed271-4905-43ca-87dd-6894dae4d254","21e93cca-a166-4945-b4ca-61b8d15ba1be",NULL,"Diesel",1,0,500000,"0.00",0,NULL,NULL,NULL,NULL,1,"2026-02-27 04:03:09.63246","2026-02-27 04:03:09.63246"
"ce802368-5c95-42eb-b5c7-29a839c1eb7c","72f680f6-ee49-42db-851c-fc4c47793e6a",NULL,"Dinner",1,0,88000,"0.00",0,NULL,NULL,NULL,NULL,1,"2026-02-27 04:03:42.744251","2026-02-27 04:03:42.744251"
"153d070d-b380-46ce-9bcd-af48ce2da905","9e1b45e4-85a8-4213-bde9-935e06084e48",NULL,"Beta",1,0,20000,"0.00",0,NULL,NULL,NULL,NULL,1,"2026-02-27 04:04:00.211795","2026-02-27 04:04:00.211795"
"547f1226-f9a7-471c-a23a-3c0ea9fd3b08","5a30b9b7-8fed-4499-be53-01be99cde827",NULL,"Milk",1,0,9000,"0.00",0,NULL,NULL,NULL,NULL,1,"2026-02-27 04:07:26.485529","2026-02-27 04:07:26.485529"
"2c35bed1-f53d-493d-91e0-052ca9cd989a","b5271df8-1cf0-441e-8dc0-5f569e907aa5",NULL,"Spares",1,0,60000,"0.00",0,NULL,NULL,NULL,NULL,1,"2026-02-27 04:08:15.854836","2026-02-27 04:08:15.854836"
"0f37d6b6-2159-4b16-8374-83eca7863cca","d48df488-ac26-48e3-aaaf-72c001d5b696",NULL,"Lunch",1,0,60000,"0.00",0,NULL,NULL,NULL,NULL,1,"2026-02-27 04:09:05.424499","2026-02-27 04:09:05.424499"
"ee686ea6-ec1e-4928-8047-98003d07d455","a89553e6-aca8-41c5-901e-5ed81f76fade",NULL,"Gas",1,0,60000,"0.00",0,NULL,NULL,NULL,NULL,1,"2026-02-27 04:10:05.101977","2026-02-27 04:10:05.101977"
"8db396f7-156b-4375-8cc4-2940beb919bf","6304566c-efbf-4b5b-8063-0055eef63f93",NULL,"Gas",1,0,90000,"0.00",0,NULL,NULL,NULL,NULL,1,"2026-02-27 04:10:32.442589","2026-02-27 04:10:32.442589"
"0fc3e8ba-c6e1-44b9-9338-ce429c1d6185","fb893164-ca82-46eb-8c28-274ca6f31a54",NULL,"Lunch",1,0,45000,"0.00",0,NULL,NULL,NULL,NULL,1,"2026-02-27 04:11:00.321825","2026-02-27 04:11:00.321825"
"a19f9913-0030-4640-8ca0-4c7681c82374","74383152-9a6c-4544-9cfb-aa4d62fa5054",NULL,"Vegetable",1,0,50000,"0.00",0,NULL,NULL,NULL,NULL,1,"2026-02-27 04:11:54.192191","2026-02-27 04:11:54.192191"
"333d6217-6a75-4ea7-8194-ac39d2d53c4a","9c8a0778-3ab1-41d1-b7f8-d21ca6167ee3",NULL,"Diesel",1,0,300000,"0.00",0,NULL,NULL,NULL,NULL,1,"2026-02-27 04:12:35.401273","2026-02-27 04:12:35.401273"
"5953ef01-79bd-4a3f-9e62-05eeb97f373e","f198c355-a1a2-4093-9ff7-4e723c0cb72b",NULL,"Tollgate",1,0,9000,"0.00",0,NULL,NULL,NULL,NULL,1,"2026-02-27 04:13:19.001293","2026-02-27 04:13:19.001293"
"00883355-e14c-4284-8617-6b419973d6cc","08effd62-ff81-4baa-a011-d3ac80507903",NULL,"Diesel",1,0,550000,"0.00",0,NULL,NULL,NULL,NULL,1,"2026-02-27 04:13:44.778898","2026-02-27 04:13:44.778898"
"2050b9de-79e1-4a78-ac80-b23effb39925","576e7e8e-a1fc-454c-8049-c8f61b8a2543",NULL,"Snacks",1,0,25000,"0.00",0,NULL,NULL,NULL,NULL,1,"2026-02-27 04:16:53.983349","2026-02-27 04:16:53.983349"
"d933c8e2-db60-4e72-8c02-698a63ddf139","6ad9f5f6-7e13-4727-86c2-12bae4e04480",NULL,"Beta",1,0,20000,"0.00",0,NULL,NULL,NULL,NULL,1,"2026-02-27 04:17:42.542427","2026-02-27 04:17:42.542427"
"f9715459-3c42-449d-8ceb-4c3bc2e07789","e12fbb4d-dd99-45a9-a0d4-f78694f841e7",NULL,"Vehical maintenance",1,0,20000,"0.00",0,NULL,NULL,NULL,NULL,1,"2026-02-27 04:18:20.179455","2026-02-27 04:18:20.179455"
"254f4bf2-5701-4605-95f5-4bf0e1e01092","5c6a72e6-3090-463b-9240-f3850be5f320",NULL,"Commision",1,0,10000,"0.00",0,NULL,NULL,NULL,NULL,1,"2026-02-27 04:18:41.371956","2026-02-27 04:18:41.371956"
"76ab7e2e-ae34-4524-a286-05162591ee1a","f2ff1ffd-8cca-461b-b169-e96e9b54ecc1",NULL,"Stationary",1,0,43000,"0.00",0,NULL,NULL,NULL,NULL,1,"2026-02-27 04:19:30.521513","2026-02-27 04:19:30.521513"
"e1f8c6be-7819-4da3-97b4-f3437dcffa15","681b1e90-787e-4cfa-b494-e49f10214eae",NULL,"Milk",1,0,9000,"0.00",0,NULL,NULL,NULL,NULL,1,"2026-02-27 04:20:39.282043","2026-02-27 04:20:39.282043"
"51fb920a-8b63-4c20-bd00-3bd6a2c70b12","53e8e836-555d-4192-9f2a-aa679f340cc0",NULL,"Milk",1,0,18000,"0.00",0,NULL,NULL,NULL,NULL,1,"2026-02-27 04:30:12.897496","2026-02-27 04:30:12.897496"
"1cca67b4-8241-44fe-bdb7-2838d81ed08a","d16d0f5b-a98d-44eb-a8b1-a8e13a3f89ee",NULL,"Beta",1,0,20000,"0.00",0,NULL,NULL,NULL,NULL,1,"2026-02-27 04:30:52.023444","2026-02-27 04:30:52.023444"
"b0f42d1c-7d60-4808-a5bc-0f6b38aeb455","301d2394-7a4b-4093-b32d-e4e463f130df",NULL,"Daily wage",1,0,80000,"0.00",0,NULL,NULL,NULL,NULL,1,"2026-02-27 04:31:33.487017","2026-02-27 04:31:33.487017"
"f73f7f99-7fec-4662-b243-0f80cf887459","9eb3a34f-e17b-40ff-83ac-7b9dcf823a8f",NULL,"Fine",1,0,25000,"0.00",0,NULL,NULL,NULL,NULL,1,"2026-02-27 04:39:51.825279","2026-02-27 04:39:51.825279"
"80912406-205c-4813-a000-970d0819fdf6","f4eba058-d739-408c-9edd-08e083eea9c1",NULL,"Tollgate",1,0,23000,"0.00",0,NULL,NULL,NULL,NULL,1,"2026-02-27 04:40:40.703112","2026-02-27 04:40:40.703112"
"6aa4e5b9-25c8-4d12-adc2-e43b95719437","542cc456-243e-4d9b-b144-3081132f454f",NULL,"Room Rent ",1,0,700000,"0.00",0,NULL,NULL,NULL,NULL,1,"2026-02-27 04:41:10.087884","2026-02-27 04:41:10.087884"
"5e45b4aa-46e7-4fb8-b9bb-4c0e463c8ad7","edc9b80e-8689-4fc6-b6d2-4bb8ea2415d6",NULL,"Salary",1,0,3600000,"0.00",0,NULL,NULL,NULL,NULL,1,"2026-02-27 04:41:57.863085","2026-02-27 04:41:57.863085"
"5e69b324-71ae-4605-966c-f931ffff6cc6","743ad059-b57b-4d07-b4a9-4faf2dd546c0",NULL,"Diesel",1,0,300000,"0.00",0,NULL,NULL,NULL,NULL,1,"2026-02-27 04:43:28.608664","2026-02-27 04:43:28.608664"
"95105df5-f8ec-4cf7-93d3-bad65d755299","e44fa38a-cf9f-482a-a0d8-f6297fdc1c52",NULL,"Diesel",1,0,300000,"0.00",0,NULL,NULL,NULL,NULL,1,"2026-02-27 04:43:48.723183","2026-02-27 04:43:48.723183"
"c981657c-a103-4ecf-b529-1dc8bdb24187","4793ccb6-c1e6-4c32-a8e6-58436448d674",NULL,"Milk",1,0,6000,"0.00",0,NULL,NULL,NULL,NULL,1,"2026-02-27 04:44:45.889052","2026-02-27 04:44:45.889052"
"0ebc1445-4c4e-4464-8a33-647b7b0205d4","db5d4df6-00c9-4565-a9d8-f489853dc963",NULL,"Milk",1,0,32000,"0.00",0,NULL,NULL,NULL,NULL,1,"2026-02-27 04:46:45.836461","2026-02-27 04:46:45.836461"
"36cd8296-ddb2-42e1-94c6-9e02a1f8be6b","128b8c39-167c-41d7-9473-beed08c9ab38",NULL,"Diesel",1,0,700000,"0.00",0,NULL,NULL,NULL,NULL,1,"2026-02-27 04:47:30.902418","2026-02-27 04:47:30.902418"
"5401fb01-fd9f-4c68-8012-3ba8c18d85f6","768942a0-c77d-46cc-86dd-ac233bd44f51",NULL,"Snacks",1,0,25000,"0.00",0,NULL,NULL,NULL,NULL,1,"2026-02-27 04:48:14.743225","2026-02-27 04:48:14.743225"
"901c8e2a-50b4-4c74-89c0-ec8ca55060ec","adec9537-cfb7-4751-b2ed-244c6da713d4",NULL,"Tax",1,0,20000,"0.00",0,NULL,NULL,NULL,NULL,1,"2026-02-27 04:48:51.957415","2026-02-27 04:48:51.957415"
"57465451-73b2-4816-b2bf-bb14e84a88f3","3ae69788-62c1-4b11-afe5-5b3ac9989062",NULL,"Beta",1,0,20000,"0.00",0,NULL,NULL,NULL,NULL,1,"2026-02-27 04:49:13.086685","2026-02-27 04:49:13.086685"
"c642b9c0-e4b3-41a7-a52e-87ea042a1f31","51d808ab-5916-4c67-b452-e792e95aa50a",NULL,"Fast tag",1,0,200000,"0.00",0,NULL,NULL,NULL,NULL,1,"2026-02-27 04:49:57.438259","2026-02-27 04:49:57.438259"
"be7a87b7-cfd9-40bd-a710-f71ba4d135f1","d3aef5fb-324f-4e02-961c-a8e7ff553c27",NULL,"Groseries",1,0,682000,"0.00",0,NULL,NULL,NULL,NULL,1,"2026-02-27 04:50:40.303088","2026-02-27 04:50:40.303088"
"e1da029d-b6e3-4f39-a569-e67a067b5baa","26e88460-b707-4fb2-a53f-d4073ca16528",NULL,"Stationary",1,0,11000,"0.00",0,NULL,NULL,NULL,NULL,1,"2026-02-27 04:52:46.236225","2026-02-27 04:52:46.236225"
"03fa1657-59ef-4003-80dd-46d2021e710e","d74c41d4-a2bf-4d22-a996-1683960f0d35",NULL,"Milk",1,0,24000,"0.00",0,NULL,NULL,NULL,NULL,1,"2026-02-27 04:53:03.98423","2026-02-27 04:53:03.98423"
"e29da3d6-45d6-4522-8381-874fb7c39ca7","ef38435c-24ff-47d1-b735-5b29aec17883",NULL,"Diesel",1,0,300000,"0.00",0,NULL,NULL,NULL,NULL,1,"2026-02-27 05:01:18.882344","2026-02-27 05:01:18.882344"
"5ce27bde-a501-482c-ae0a-a19b8075fbf3","4119ae60-1d73-4230-be24-56a2a469e5a7",NULL,"Power bill",1,0,175000,"0.00",0,NULL,NULL,NULL,NULL,1,"2026-02-27 05:18:12.85848","2026-02-27 05:18:12.85848"
"c73026b1-ea8f-493b-b106-3be60aeb0fdb","b121fcef-fb31-44cc-97de-90ce22de6835",NULL,"Milk",1,0,24000,"0.00",0,NULL,NULL,NULL,NULL,1,"2026-02-27 05:18:31.166591","2026-02-27 05:18:31.166591"
"9b1e0a29-5d18-4fb6-8a78-47156229d62b","ccab1bea-b73d-4e64-bb3e-e54755abccb7",NULL,"Diesel",1,0,300000,"0.00",0,NULL,NULL,NULL,NULL,1,"2026-02-28 06:11:17.463123","2026-02-28 06:11:17.463123"
"d5d59ed0-0eb8-410d-8bfc-91aaf64cfcb4","9afc19c3-c6b6-4cfd-b910-bd6e0861a6b8",NULL,"Spares",1,0,20000,"0.00",0,NULL,NULL,NULL,NULL,1,"2026-02-28 06:20:27.269781","2026-02-28 06:20:27.269781"
"8d692781-4aa4-40d1-a521-e8fdf3df076a","34b80261-f176-402b-b582-fd5a2e158575",NULL,"Spares",1,0,145000,"0.00",0,NULL,NULL,NULL,NULL,1,"2026-02-28 06:21:14.737104","2026-02-28 06:21:14.737104"
"2039ed99-4dfe-4fbd-8e3c-61f0c99be3ba","ed601a83-8976-4d19-abb3-4fdca494a36d",NULL,"Spares",1,0,28000,"0.00",0,NULL,NULL,NULL,NULL,1,"2026-02-28 06:24:15.723002","2026-02-28 06:24:15.723002"
"9bd20b86-a0d2-43bc-a798-f922ec2219c9","289a3da3-a58d-4081-9188-5aeccc899491",NULL,"Snacks",1,0,120000,"0.00",0,NULL,NULL,NULL,NULL,1,"2026-02-28 06:24:47.528218","2026-02-28 06:24:47.528218"
"12bf2c0c-05e0-4cda-9ba1-6db81ed82414","06212410-b4a5-4616-9d18-02aff23a453c",NULL,"Sugar",1,0,6000,"0.00",0,NULL,NULL,NULL,NULL,1,"2026-02-28 06:25:58.86914","2026-02-28 06:25:58.86914"
"f0673d64-620c-4a0e-96fd-0f85e777a63b","b8295dcc-3d15-4dcd-9140-7fdb822904cd",NULL,"Rent",1,0,40000,"0.00",0,NULL,NULL,NULL,NULL,1,"2026-02-28 06:26:48.308246","2026-02-28 06:26:48.308246"
"80735bb6-ed23-4364-bfb1-fa8fa1395b57","ea3a4daa-ea70-4a61-a2ac-3338adf3b731",NULL,"Toll gate",1,0,7000,"0.00",0,NULL,NULL,NULL,NULL,1,"2026-02-28 06:29:38.027085","2026-02-28 06:29:38.027085"
"abc6739a-56f0-456c-be75-a36ff963f361","78ccba1f-1503-4ac3-9b2d-518e95183265",NULL,"Diesel",1,0,600000,"0.00",0,NULL,NULL,NULL,NULL,1,"2026-02-28 06:37:15.333299","2026-02-28 06:37:15.333299"
"3bb04331-2c5c-4dcf-965e-64f38fef0a4d","2eeb132c-54f3-4a42-972b-852df19d18ed",NULL,"Food",1,0,70000,"0.00",0,NULL,NULL,NULL,NULL,1,"2026-02-28 06:39:47.563857","2026-02-28 06:39:47.563857"
"aeac1f05-d877-4c2b-9775-fe149eacdf45","5acf9f3d-f0ec-41b6-bf78-ac086dea5df1",NULL,"Beta",1,0,20000,"0.00",0,NULL,NULL,NULL,NULL,1,"2026-02-28 06:40:28.589041","2026-02-28 06:40:28.589041"
"47ff92eb-073d-4132-a6ad-f79f607946a7","9ee3da04-8d61-4e41-bb10-8d9bb7894148",NULL,"Diesel",1,0,300000,"0.00",0,NULL,NULL,NULL,NULL,1,"2026-02-28 06:41:04.56858","2026-02-28 06:41:04.56858"
"2968f184-fe22-41d7-ad84-9f8ba8f7fa97","a4c93fec-01cb-4a3d-b4dd-49ff2da0f24e",NULL,"Diesel",1,0,300000,"0.00",0,NULL,NULL,NULL,NULL,1,"2026-02-28 06:41:39.549333","2026-02-28 06:41:39.549333"
"a0fec8cc-44ee-4980-ad91-83af9448ea0d","02471cef-efc5-4639-bcdf-6d9314bfb070",NULL,"Daily wages",1,0,60000,"0.00",0,NULL,NULL,NULL,NULL,1,"2026-02-28 06:42:19.288389","2026-02-28 06:42:19.288389"
"8dab85d2-08c7-40b6-b30d-4292e96e93d3","ea96d360-4d87-460d-8269-9dbbfafb9aa6",NULL,"Milk",1,0,18000,"0.00",0,NULL,NULL,NULL,NULL,1,"2026-02-28 06:42:53.58372","2026-02-28 06:42:53.58372"
"3de91a13-a77b-4ff7-b619-8e7a3311463a","9fde68b0-a1f1-4bc8-be07-f81815f22450",NULL,"Diesel",1,0,500000,"0.00",0,NULL,NULL,NULL,NULL,1,"2026-02-28 07:23:21.71033","2026-02-28 07:23:21.71033"
"6744f535-24d5-42c0-8a57-35f2e857bcd0","e1e3dee7-f143-4f76-aff7-a24c3b9e2432",NULL,"Snacks",1,0,25000,"0.00",0,NULL,NULL,NULL,NULL,1,"2026-02-28 07:30:09.403134","2026-02-28 07:30:09.403134"
"6314b8cf-b2d0-4c67-828a-752d939524e1","d9e00c2c-9308-41f6-860d-d55468284af7",NULL,"Beta",1,0,20000,"0.00",0,NULL,NULL,NULL,NULL,1,"2026-02-28 07:30:27.490073","2026-02-28 07:30:27.490073"
"313358b2-7bae-48c9-9540-ca3220bbab4d","3eaee030-fe7d-40e8-8887-2e6b6bd19e68",NULL,"Commision",1,0,10000,"0.00",0,NULL,NULL,NULL,NULL,1,"2026-02-28 07:31:17.110103","2026-02-28 07:31:17.110103"
"30dde51c-d5d3-448a-9e8f-40b989256283","0a1c1fad-ca32-4b3e-abfb-a4e39458c90f",NULL,"Lunch",1,0,63000,"0.00",0,NULL,NULL,NULL,NULL,1,"2026-02-28 07:32:08.029033","2026-02-28 07:32:08.029033"
"e953d0f1-dc38-4508-b87c-4bebe548ed0d","fdf37df6-38ed-425e-90b7-1dc4f762ae73",NULL,"Travel",1,0,30000,"0.00",0,NULL,NULL,NULL,NULL,1,"2026-02-28 07:32:55.569514","2026-02-28 07:32:55.569514"
"ef1ac3cc-0490-4cea-b5ce-613d1a688fa5","67368c44-7f4a-4013-ab69-1314edcb71f9",NULL,"Vegetables",1,0,50000,"0.00",0,NULL,NULL,NULL,NULL,1,"2026-02-28 07:33:23.408326","2026-02-28 07:33:23.408326"
"81aab880-f35f-4b28-8c32-de7d27ce3adb","907edbd5-10e0-44ae-9d83-a5cd0d9789d7",NULL,"Lunch",1,0,15000,"0.00",0,NULL,NULL,NULL,NULL,1,"2026-02-28 07:35:11.049161","2026-02-28 07:35:11.049161"
"8212ed30-279c-4841-8696-20469654264b","bf336244-7a2b-4b1a-8d45-7663ebd2bfb8",NULL,"Snake Poision",1,0,120000,"0.00",0,NULL,NULL,NULL,NULL,1,"2026-02-28 07:40:02.284125","2026-02-28 07:40:02.284125"
"3ba8f252-b46e-4a60-957f-3350a08a4a2e","1a17dc1b-6523-4f8d-a0fc-2d537cda9b1f",NULL,"Travel",1,0,36000,"0.00",0,NULL,NULL,NULL,NULL,1,"2026-02-28 07:42:00.638822","2026-02-28 07:42:00.638822"
"bd3d76e6-b344-45ea-bf9a-dd12d9c70ee0","14d7108c-6ccd-4cf6-9aef-90748c8b82d5",NULL,"Diesel",1,0,300000,"0.00",0,NULL,NULL,NULL,NULL,1,"2026-02-28 07:44:31.708233","2026-02-28 07:44:31.708233"
"8b1d74f3-6585-467e-ae4a-590978b7fa90","013f4e5a-75a6-459e-98fd-90d5da4e3e06",NULL,"Fast tag",1,0,30000,"0.00",0,NULL,NULL,NULL,NULL,1,"2026-02-28 07:46:06.514629","2026-02-28 07:46:06.514629"
"940c399a-576b-4e91-ad6d-b79701a850a7","9856802b-d6e9-4966-b839-0d7969f2fdbd",NULL,"Sugar",1,0,12000,"0.00",0,NULL,NULL,NULL,NULL,1,"2026-02-28 07:47:43.189602","2026-02-28 07:47:43.189602"
"25921443-f9f2-4878-953c-7b347cde99a8","88ee907a-5733-4c2d-b45b-516362a082a7",NULL,"Travel",1,0,52000,"0.00",0,NULL,NULL,NULL,NULL,1,"2026-02-28 07:50:41.04892","2026-02-28 07:50:41.04892"
"15a13d79-b803-4778-9da8-4b37737bcc2c","bc6d4a6d-d1fd-44cc-9293-b8e8d084d280",NULL,"Milk",1,0,24000,"0.00",0,NULL,NULL,NULL,NULL,1,"2026-02-28 07:51:50.37266","2026-02-28 07:51:50.37266"
"4bd2e977-d010-49f9-b95c-deb6b07c78f0","582095db-5015-426e-985f-f47b7a70ab39",NULL,"Tea",1,0,10000,"0.00",0,NULL,NULL,NULL,NULL,1,"2026-02-28 07:52:11.790326","2026-02-28 07:52:11.790326"
"7ecdf764-1cb4-4035-91c5-e751a4370e5d","ebbd3102-fb0b-4ed6-8ed8-0ccdb17202e9",NULL,"Diesel",1,0,300000,"0.00",0,NULL,NULL,NULL,NULL,1,"2026-02-28 07:53:11.890238","2026-02-28 07:53:11.890238"
"37145728-7db8-48f0-8dc3-80b809387f0e","4a9d6141-ab34-465e-91aa-03b67857cf26",NULL,"Daily wages",1,0,60000,"0.00",0,NULL,NULL,NULL,NULL,1,"2026-02-28 07:53:40.52793","2026-02-28 07:53:40.52793"
"16a379ca-1382-48e5-b031-0097de7bed0c","c5ecc482-4d61-4c00-81dd-66211c07cdc1",NULL,"Diesel",1,0,300000,"0.00",0,NULL,NULL,NULL,NULL,1,"2026-02-28 07:54:46.129432","2026-02-28 07:54:46.129432"
"4ee00b63-b9a1-49a0-8049-5c922a5f6e8b","5357693f-da3d-413a-a680-23738abd1d07",NULL,"Diesel",1,0,600000,"0.00",0,NULL,NULL,NULL,NULL,1,"2026-02-28 07:55:10.418599","2026-02-28 07:55:10.418599"
"b25a454e-aee3-4f13-9d5e-3281bbe28c2e","fca3f042-941f-4593-9ac9-9ec6870b2d8d",NULL,"Fast tag",1,0,100000,"0.00",0,NULL,NULL,NULL,NULL,1,"2026-02-28 07:55:36.53917","2026-02-28 07:55:36.53917"
"8e3a49f7-3517-4779-8df5-e1ce8317c112","5afb67e7-4c1a-4e6d-8380-e43753532e53",NULL,"Lunch",1,0,25000,"0.00",0,NULL,NULL,NULL,NULL,1,"2026-02-28 07:56:04.347049","2026-02-28 07:56:04.347049"
"63aee330-13c1-4cc7-bde8-a1a00333310d","d1ee121c-cdbd-41ed-b739-fbe50607bcb8",NULL,"Beta",1,0,20000,"0.00",0,NULL,NULL,NULL,NULL,1,"2026-02-28 07:57:16.633667","2026-02-28 07:57:16.633667"
"0dac428f-6783-4de8-8f1e-f6af6e652dc4","eecb8c1d-fba5-45f7-b696-cfae38efa15c",NULL,"Diesel",1,0,300000,"0.00",0,NULL,NULL,NULL,NULL,1,"2026-02-28 08:00:39.287875","2026-02-28 08:00:39.287875"
"ec700dba-8917-4e6c-bf7e-e8624edf3470","9b354431-cdf7-432e-8df0-e2d928931982",NULL,"Fast tag",1,0,50000,"0.00",0,NULL,NULL,NULL,NULL,1,"2026-02-28 08:01:31.928239","2026-02-28 08:01:31.928239"
"c2f29d19-f06d-417a-8a19-2539c08642ba","f7495f96-2b0a-447e-9eca-a2f892d18a7b",NULL,"Diesel",1,0,300000,"0.00",0,NULL,NULL,NULL,NULL,1,"2026-02-28 08:02:24.994219","2026-02-28 08:02:24.994219"
"13ef011d-fa36-4ad2-82da-be3e70fba925","9f0ecac0-62d5-4b0a-a4b1-ab69b852cc49",NULL,"Fast tag",1,0,30000,"0.00",0,NULL,NULL,NULL,NULL,1,"2026-02-28 08:02:56.673645","2026-02-28 08:02:56.673645"
"bdfebbaf-4d0f-4150-8323-03e46fc0ef9b","1e430b99-699f-4a44-90ed-91c68c627900",NULL,"Spares",1,0,64000,"0.00",0,NULL,NULL,NULL,NULL,1,"2026-02-28 08:05:54.068782","2026-02-28 08:05:54.068782"
"151678e7-46b5-4a59-b2cd-77a24616bbfe","8473654a-868e-4962-b7c2-5ac7ff0040eb",NULL,"Diesel",1,0,300000,"0.00",0,NULL,NULL,NULL,NULL,1,"2026-02-28 08:06:30.567439","2026-02-28 08:06:30.567439"
"dc1b6617-fc16-4def-a95a-32cec12e32b7","3ded49eb-7ae2-4527-8b62-cc854c261fca",NULL,"Fast tag",1,0,30000,"0.00",0,NULL,NULL,NULL,NULL,1,"2026-02-28 08:07:04.546935","2026-02-28 08:07:04.546935"
"93c78779-616e-4e16-a010-0d0e803fec30","84bf2c12-391f-4a6b-b7c8-1985a5c1ea78",NULL,"Maintenance",1,0,50000,"0.00",0,NULL,NULL,NULL,NULL,1,"2026-02-28 08:08:20.70792","2026-02-28 08:08:20.70792"
"e63175ac-59bc-4db5-a307-33e7576d5421","ab11d275-c23a-4ec0-b992-17a3f2cebb7b",NULL,"Milk",1,0,9000,"0.00",0,NULL,NULL,NULL,NULL,1,"2026-02-28 08:08:38.487977","2026-02-28 08:08:38.487977"
"f1f0db21-2e53-4769-b796-3c1e75957993","427e64e1-5625-40b1-b3a6-bae014e50d26",NULL,"Diesel",1,0,300000,"0.00",0,NULL,NULL,NULL,NULL,1,"2026-02-28 08:09:42.643635","2026-02-28 08:09:42.643635"
"b04967c6-4d2d-4a91-89a0-0791b5d985b3","6152ef2e-a13f-40f8-8d07-aebd0766d8cc",NULL,"Toll gate",1,0,20000,"0.00",0,NULL,NULL,NULL,NULL,1,"2026-02-28 08:10:07.195487","2026-02-28 08:10:07.195487"
"91bc224a-ac65-4eff-bead-52d061e3d43f","80b41e79-17af-408e-8e70-85e6423f3fe7",NULL,"Diesel",1,0,300000,"0.00",0,NULL,NULL,NULL,NULL,1,"2026-02-28 08:10:46.844283","2026-02-28 08:10:46.844283"
"9baf5afc-ac75-40eb-818a-a9b882775c5b","aa6ef836-7874-44aa-9af9-17ae15386694",NULL,"Fine",1,0,100000,"0.00",0,NULL,NULL,NULL,NULL,1,"2026-02-28 08:11:14.267994","2026-02-28 08:11:14.267994"
"3c91e8fd-5796-40ac-9c05-c1cc916eb4fb","3989c883-017a-4bf0-a0e5-0b51979af583",NULL,"Lunch",1,0,40000,"0.00",0,NULL,NULL,NULL,NULL,1,"2026-02-28 08:11:43.109815","2026-02-28 08:11:43.109815"
"ecb302cb-39d6-4fc7-b7a5-3c501310e7fe","2fa7b6b2-9d6e-48be-872d-91fb207187c0",NULL,"Rent",1,0,19000,"0.00",0,NULL,NULL,NULL,NULL,1,"2026-02-28 08:12:39.26369","2026-02-28 08:12:39.26369"
"d9112c86-f78e-431d-afcf-77ea7f655b4b","283e1a22-34f5-4a50-aa9a-365ef9db2f39",NULL,"dasara Pooja items",1,0,745500,"0.00",0,NULL,NULL,NULL,NULL,1,"2026-02-28 08:15:11.228107","2026-02-28 08:15:11.228107"
"d8e2566d-2d24-40e1-8dfb-75b64157ab5b","640d0d4c-be8a-48d2-9e24-0eb1417e7f4f",NULL,"Diesel",1,0,250000,"0.00",0,NULL,NULL,NULL,NULL,1,"2026-02-28 09:56:24.328804","2026-02-28 09:56:24.328804"
"d5448185-1176-4de8-bef5-23624e47bd7a","d6a14f20-0558-4d6c-baeb-e9f2ddc7529d",NULL,"Diesel",1,0,300000,"0.00",0,NULL,NULL,NULL,NULL,1,"2026-02-28 10:36:12.787787","2026-02-28 10:36:12.787787"
"cd4d36c6-bae8-4c72-b942-3ef0ec85ce3e","aeca2801-9273-4b55-84f7-2d670cfda466",NULL,"Spares",1,0,44000,"0.00",0,NULL,NULL,NULL,NULL,1,"2026-02-28 10:56:52.607623","2026-02-28 10:56:52.607623"
"318c1b9b-fd34-433c-a1b4-35de7f7a0adf","de186aa4-aaed-47fe-ba6b-9dc16268fec2",NULL,"Gift",1,0,500000,"0.00",0,NULL,NULL,NULL,NULL,1,"2026-02-28 10:57:26.931992","2026-02-28 10:57:26.931992"
"cfeb048e-c86a-40bf-8037-641785f9d8ab","404b332d-09fc-4924-ae4b-1f65ac034f63",NULL,"Milk",1,0,98000,"0.00",0,NULL,NULL,NULL,NULL,1,"2026-02-28 10:58:04.27104","2026-02-28 10:58:04.27104"
"6a5cde5b-c45e-4d33-9efb-decdbb23856b","f22dfe4b-dd4f-42c4-aab3-beb17f8f0379",NULL,"Sugar",1,0,16500,"0.00",0,NULL,NULL,NULL,NULL,1,"2026-02-28 11:03:12.43708","2026-02-28 11:03:12.43708"
"ddc0a2c3-6b35-4af1-b836-ae5dd99be523","5b48a058-7c28-42a0-8fd7-6fc55fdefc4b",NULL,"Stationary",1,0,26000,"0.00",0,NULL,NULL,NULL,NULL,1,"2026-02-28 11:04:09.563896","2026-02-28 11:04:09.563896"
"73ecdacf-62ae-4803-8721-75c86d51b7f2","a33bd31e-3019-43ba-920a-5f07f778251d",NULL,"Spares",1,0,55000,"0.00",0,NULL,NULL,NULL,NULL,1,"2026-02-28 11:04:31.294432","2026-02-28 11:04:31.294432"
"b65be6bb-1ddc-47eb-9560-1e67d5aecd3d","350234f3-6d3d-49f6-938e-8f6d28ed2cfd",NULL,"Vehical maintenance",1,0,60000,"0.00",0,NULL,NULL,NULL,NULL,1,"2026-02-28 11:07:05.469802","2026-02-28 11:07:05.469802"
"1d878284-231a-4872-90c7-26b22a11f503","b708ec97-4be7-4732-ba10-9cac0db1da06",NULL,"Beta",1,0,20000,"0.00",0,NULL,NULL,NULL,NULL,1,"2026-02-28 11:07:59.929502","2026-02-28 11:07:59.929502"
"4acce1e8-c824-4886-81b4-e487174b50c0","58ef76db-6eae-4a0e-af64-c2190528b453",NULL,"Diesel",1,0,600000,"0.00",0,NULL,NULL,NULL,NULL,1,"2026-02-28 11:08:27.928541","2026-02-28 11:08:27.928541"
"9d3374c5-80c2-4d40-9b4b-511a5741c573","394a617b-47bd-4d79-90e5-519fc1a37757",NULL,"Vehical maintenance",1,0,130000,"0.00",0,NULL,NULL,NULL,NULL,1,"2026-02-28 11:09:29.910682","2026-02-28 11:09:29.910682"
"0fa2aa02-6280-40ff-b96a-e5f73f4f80f1","5ad2b7d9-dddd-4d6c-bdaf-938fb31ffecf",NULL,"beta",1,0,20000,"0.00",0,NULL,NULL,NULL,NULL,1,"2026-02-28 11:14:43.329894","2026-02-28 11:14:43.329894"
"af3717b9-089e-4b44-a9bd-e07180e88be4","3d5a8f8d-df11-4d48-9fce-326df847f946",NULL,"Diesel",1,0,200000,"0.00",0,NULL,NULL,NULL,NULL,1,"2026-02-28 11:15:27.429218","2026-02-28 11:15:27.429218"
"8b2646a9-7d7e-42fb-9640-9aac363fa2f7","c8c75a0a-5c10-4afc-919f-a70844c81ee7",NULL,"Materials",1,0,85000,"0.00",0,NULL,NULL,NULL,NULL,1,"2026-02-28 11:24:10.629101","2026-02-28 11:24:10.629101"
"b57effa0-7ff0-4c20-a569-d26650c777bc","fbf8dd94-0aa4-4395-aa4c-d695c012ebf5",NULL,"Travel",1,0,80000,"0.00",0,NULL,NULL,NULL,NULL,1,"2026-02-28 11:25:39.294034","2026-02-28 11:25:39.294034"
"73a36f44-0cd2-4d91-b0d0-cc2f13014742","eec653cb-ad9e-4d7d-9bce-2270b401d0be",NULL,"Lunch",1,0,57000,"0.00",0,NULL,NULL,NULL,NULL,1,"2026-02-28 11:26:01.568398","2026-02-28 11:26:01.568398"
"f5315516-a6e0-419a-9878-654d8faa1675","fecf5c8a-4cd5-4e6b-982a-097f19837852",NULL,"Daily wage",1,0,50000,"0.00",0,NULL,NULL,NULL,NULL,1,"2026-02-28 11:26:33.169532","2026-02-28 11:26:33.169532"
"9acfe13a-dd02-40bd-bdae-9d92982376ac","39fdd91d-f4fc-44c4-96e2-409c7ce089f2",NULL,"Milk",1,0,20000,"0.00",0,NULL,NULL,NULL,NULL,1,"2026-02-28 11:28:25.570229","2026-02-28 11:28:25.570229"
"b360f107-02c2-40f7-8900-ba3bfad42358","11b80db2-fe36-44a5-9b84-c29323338fc5",NULL,"Diesel",1,0,300000,"0.00",0,NULL,NULL,NULL,NULL,1,"2026-02-28 11:28:54.229318","2026-02-28 11:28:54.229318"
"db33f4ae-d1a2-4576-8f7d-c5041a9c72d9","76352140-f806-43ac-b9ac-50417691864e",NULL,"tollgate",1,0,30000,"0.00",0,NULL,NULL,NULL,NULL,1,"2026-02-28 11:29:19.348202","2026-02-28 11:29:19.348202"
"2421340b-6ac3-4afc-b520-6f5a7953c087","fd399a45-faa2-4b4c-9ab5-83d2d29fb7a5",NULL,"Diesel",1,0,300000,"0.00",0,NULL,NULL,NULL,NULL,1,"2026-02-28 11:32:22.248771","2026-02-28 11:32:22.248771"
"3999bf88-847c-4bd5-a7ad-a289649477eb","c8388f09-b78c-497e-8ca0-375b344222fe",NULL,"Bike maintenance",1,0,54600,"0.00",0,NULL,NULL,NULL,NULL,1,"2026-02-28 11:34:38.128378","2026-02-28 11:34:38.128378"
"317cea7a-f1ee-4e6c-835a-6db721ccd122","8cc5721b-0683-4f87-9ea5-3474b69680ae",NULL,"Fine",1,0,103000,"0.00",0,NULL,NULL,NULL,NULL,1,"2026-02-28 11:35:08.42907","2026-02-28 11:35:08.42907"
"d985ce3b-8a15-4b0f-a02a-efa20001105a","c045fd6e-cc0a-443c-bbac-268ba7d916d6",NULL,"Meals",1,0,26800,"0.00",0,NULL,NULL,NULL,NULL,1,"2026-02-28 11:38:14.308472","2026-02-28 11:38:14.308472"
"dac491af-505e-4d17-ad4c-c335c89ef4dd","f3880cab-39d8-47fe-b64a-41f739b55c6c",NULL,"Milk",1,0,15000,"0.00",0,NULL,NULL,NULL,NULL,1,"2026-02-28 11:38:36.627231","2026-02-28 11:38:36.627231"
"93d08df7-86bf-481f-8d8a-a6a9dd4a1bec","5e8c6780-4960-4448-b7ba-9200833076d8",NULL,"Diesel",1,0,300000,"0.00",0,NULL,NULL,NULL,NULL,1,"2026-02-28 11:40:56.599951","2026-02-28 11:40:56.599951"
"6f5a664a-5f6e-4bf5-9016-ea9c30ca3b4e","47ea8ff7-d3f4-4746-be7d-7eebe5a70972",NULL,"Diesel",1,0,300000,"0.00",0,NULL,NULL,NULL,NULL,1,"2026-02-28 11:41:23.487681","2026-02-28 11:41:23.487681"
"9a6bdca1-968d-4698-a7a2-f1531cf62c8e","9e1d4514-2a31-4a3e-9ca1-16c33e4343ff",NULL,"Vehical maintenance",1,0,610000,"0.00",0,NULL,NULL,NULL,NULL,1,"2026-02-28 11:41:59.53792","2026-02-28 11:41:59.53792"
"b2e08ca9-80e1-489c-bb08-509f0e9d02b4","7e5b7f75-a523-4295-80f8-491df859ca82",NULL,"Milk",1,0,20000,"0.00",0,NULL,NULL,NULL,NULL,1,"2026-02-28 11:42:25.108293","2026-02-28 11:42:25.108293"
"cafa22fb-4722-4e4b-bea2-2642f31ea1d8","ac8f83ac-27fa-4de1-b11d-333e6678ee3e",NULL,"Tollgate",1,0,30000,"0.00",0,NULL,NULL,NULL,NULL,1,"2026-03-01 10:53:57.504268","2026-03-01 10:53:57.504268"
"13d67a36-3012-4fd2-aca1-94f528a41b1b","611f4346-a015-4004-a154-e66ec83365a3",NULL,"Diesel",1,0,300000,"0.00",0,NULL,NULL,NULL,NULL,1,"2026-03-02 09:03:09.466368","2026-03-02 09:03:09.466368"
"ff4d5e33-67b0-4612-bf08-f40459c81ec6","8c9f70df-8441-48c3-9ffb-048d4a8662f9",NULL,"Milk",1,0,42000,"0.00",0,NULL,NULL,NULL,NULL,1,"2026-03-02 09:03:26.980813","2026-03-02 09:03:26.980813"
"cdc82598-3649-459e-b1a4-47fed103b5ea","ffe6c8d1-02de-4246-92f8-ee809a749107",NULL,"Diesel",1,0,300000,"0.00",0,NULL,NULL,NULL,NULL,1,"2026-03-02 09:07:11.088621","2026-03-02 09:07:11.088621"
"fbf8bf91-016f-4598-841a-def3c08893c4","e622f52b-38e7-4605-a462-131c509bafa5",NULL,"Tollgate",1,0,20000,"0.00",0,NULL,NULL,NULL,NULL,1,"2026-03-02 09:07:59.270022","2026-03-02 09:07:59.270022"
"1dc9ee7e-cc18-46ad-ac31-882bc7b881ff","b26b9fea-f6a4-44e4-8221-0a17110da7f5",NULL,"Diesel",1,0,800000,"0.00",0,NULL,NULL,NULL,NULL,1,"2026-03-02 09:08:58.041385","2026-03-02 09:08:58.041385"
"0ab0d883-4057-4d00-858b-76d8c68f9a22","da28a04f-038d-44ab-ab5b-f9c26b4d8a0e",NULL,"Fast tag",1,0,200000,"0.00",0,NULL,NULL,NULL,NULL,1,"2026-03-02 09:09:38.679702","2026-03-02 09:09:38.679702"
"45375b48-c259-4f8a-b23d-1a5ba3ffb932","7b54092a-5a43-44bd-91d3-4676ef801fe4",NULL,"Recharge",1,0,106000,"0.00",0,NULL,NULL,NULL,NULL,1,"2026-03-02 09:10:45.921251","2026-03-02 09:10:45.921251"
"daf198a0-7f9d-4190-ad11-76b88623d86e","34eed491-0d4e-4d68-a6d3-4055808d9964",NULL,"Stationary",1,0,50000,"0.00",0,NULL,NULL,NULL,NULL,1,"2026-03-02 09:11:12.120982","2026-03-02 09:11:12.120982"
"ab789227-a421-4acb-b0ef-20adfb373f62","66f4d709-a20b-4ca8-b446-12017d601c15",NULL,"groceries",1,0,15000,"0.00",0,NULL,NULL,NULL,NULL,1,"2026-03-02 09:12:08.186178","2026-03-02 09:12:08.186178"
"18beb541-fe33-4ecb-b067-9faf749d172a","1d35b933-9f9b-4efa-9777-8092d0ca9679",NULL,"Diesel",1,0,250000,"0.00",0,NULL,NULL,NULL,NULL,1,"2026-03-02 09:16:25.422818","2026-03-02 09:16:25.422818"
"60ddb870-92ca-456e-aa47-858d841f4bc7","db584831-a1db-496c-a5be-8419f8bda474",NULL,"Toll gate",1,0,20000,"0.00",0,NULL,NULL,NULL,NULL,1,"2026-03-02 09:17:00.773959","2026-03-02 09:17:00.773959"
"3d3524a2-06df-4d1c-bec8-608599a403e7","7955e568-e701-45f2-9301-ca369dbe957e",NULL,"Toll gate",1,0,30000,"0.00",0,NULL,NULL,NULL,NULL,1,"2026-03-02 09:17:27.386032","2026-03-02 09:17:27.386032"
"4b8748b7-cbeb-4280-a22f-8010cb8d659e","c6092b6d-bb45-49b9-affe-b3b325a4bbf2",NULL,"Diesel",1,0,300000,"0.00",0,NULL,NULL,NULL,NULL,1,"2026-03-02 09:17:57.125439","2026-03-02 09:17:57.125439"
"221b7b06-2976-4f04-af24-9a594d2e0d59","778b6f06-f3b9-4f44-ab02-a64d980a9fbc",NULL,"Beta",1,0,20000,"0.00",0,NULL,NULL,NULL,NULL,1,"2026-03-02 09:18:23.602632","2026-03-02 09:18:23.602632"
"121d5475-b18b-490a-b254-5f603f943743","e5ceec84-5967-4f65-bca7-b2b0a33f9ffd",NULL,"Milk",1,0,18000,"0.00",0,NULL,NULL,NULL,NULL,1,"2026-03-02 09:19:17.384678","2026-03-02 09:19:17.384678"
"8f24255c-fafc-46c4-ad4a-ec27a0f29263","02390f5c-8d9e-4201-8110-a9d5b7d7e844",NULL,"Milk",1,0,18000,"0.00",0,NULL,NULL,NULL,NULL,1,"2026-03-02 09:21:21.46958","2026-03-02 09:21:21.46958"
"70b4ef41-435c-40c1-a51e-11ece28c75c9","31edc4a3-208f-42fa-883d-24c75e2667c8",NULL,"Sugar",1,0,30000,"0.00",0,NULL,NULL,NULL,NULL,1,"2026-03-02 09:21:54.002009","2026-03-02 09:21:54.002009"
"66183174-e8c6-4d38-8860-07cd4efb51c2","95a5a9b5-7adc-4970-8010-90840a978a54",NULL,"Diesel",1,0,300000,"0.00",0,NULL,NULL,NULL,NULL,1,"2026-03-02 09:26:38.563009","2026-03-02 09:26:38.563009"
"f187d023-3fbd-4701-bb1b-1b437cb321e2","96175fb8-a842-4bec-aa99-df55045ec5d7",NULL,"Toll tage",1,0,30000,"0.00",0,NULL,NULL,NULL,NULL,1,"2026-03-02 09:27:14.643826","2026-03-02 09:27:14.643826"
"90a70e76-ce36-418e-b54f-3a5f44ecb1df","c339b6e9-c616-4252-a92e-8c7fdbd5c86c",NULL,"Spares",1,0,85000,"0.00",0,NULL,NULL,NULL,NULL,1,"2026-03-02 09:28:51.582533","2026-03-02 09:28:51.582533"
"c179f2ce-0b0c-4119-9748-000777294a5c","c98a3dcd-f812-42da-8e8f-96ca4a7ed093",NULL,"Diesel",1,0,300000,"0.00",0,NULL,NULL,NULL,NULL,1,"2026-03-02 09:34:16.725076","2026-03-02 09:34:16.725076"
"2b3a21f4-7481-4e8a-bea1-e5bf31b4febf","0b4e396e-e2c1-44f3-82ac-6ce62fb1ea3e",NULL,"Spares",1,0,85000,"0.00",0,NULL,NULL,NULL,NULL,1,"2026-03-02 09:37:04.126746","2026-03-02 09:37:04.126746"
"ef2f78ea-550a-4278-b986-6389fc69b6f6","dffdb416-97e7-4691-a3ce-3b6244947a2c",NULL,"Milk",1,0,18000,"0.00",0,NULL,NULL,NULL,NULL,1,"2026-03-02 09:37:38.147927","2026-03-02 09:37:38.147927"
"a4970d57-cf5d-4697-8815-5118502e58aa","8a85f55b-ddab-409e-a564-f644f1e3adcf",NULL,"Diesel",1,0,700000,"0.00",0,NULL,NULL,NULL,NULL,1,"2026-03-02 09:39:52.086031","2026-03-02 09:39:52.086031"
"07edae8f-c3eb-422b-9d5f-d774883db51a","6d93a7a6-a551-44f0-b037-0d96ab47a29e",NULL,"Diesel",1,0,200000,"0.00",0,NULL,NULL,NULL,NULL,1,"2026-03-02 09:41:03.988005","2026-03-02 09:41:03.988005"
"0a520257-18c5-4c4e-84f2-3332d12f697a","4b05511d-bceb-49fa-802d-e3fcb70854a6",NULL,"Diesel",1,0,200000,"0.00",0,NULL,NULL,NULL,NULL,1,"2026-03-02 09:42:14.421598","2026-03-02 09:42:14.421598"
"15d34506-996f-4f63-9fe8-9ac579ef9fe4","051aca27-b69e-4415-ab05-481bf991b93a",NULL,"Snacks",1,0,30000,"0.00",0,NULL,NULL,NULL,NULL,1,"2026-03-02 09:42:43.439961","2026-03-02 09:42:43.439961"
"991dbb53-3992-4deb-9cc8-9445ac9bf2e9","ee0ede14-6bf2-4274-8d31-aa4f28b362ee",NULL,"Lunch",1,0,34000,"0.00",0,NULL,NULL,NULL,NULL,1,"2026-03-02 09:43:19.241828","2026-03-02 09:43:19.241828"
"75188a3c-2c5e-46ff-b37f-6e530c99c59d","c1748691-6252-4a99-9f59-6913b8592963",NULL,"Milk",1,0,18000,"0.00",0,NULL,NULL,NULL,NULL,1,"2026-03-02 09:46:09.821209","2026-03-02 09:46:09.821209"
"425a04c5-4039-4466-859f-da61dddc53c8","be049ef4-577f-4a95-a0ae-905a1a5021f5",NULL,"Travel",1,0,30000,"0.00",0,NULL,NULL,NULL,NULL,1,"2026-03-02 09:46:39.775334","2026-03-02 09:46:39.775334"
"7ca804be-a353-4e31-9bab-f8c14c9de6eb","8fcd09f2-1ef6-491a-83d5-ae283328c038",NULL,"Diesel",1,0,200000,"0.00",0,NULL,NULL,NULL,NULL,1,"2026-03-02 09:47:03.241713","2026-03-02 09:47:03.241713"
"0764b556-c35a-436d-b380-c53af6a8f5c7","76ebd98d-784c-4066-b117-15b14cb0ac5e",NULL,"Travel",1,0,20000,"0.00",0,NULL,NULL,NULL,NULL,1,"2026-03-02 09:47:26.161387","2026-03-02 09:47:26.161387"
"6f203ff5-5be4-4627-becf-28da01268b3a","7d4f718b-d39a-43db-bf39-cc60ff235c76",NULL,"Diesel",1,0,200000,"0.00",0,NULL,NULL,NULL,NULL,1,"2026-03-02 09:52:27.382262","2026-03-02 09:52:27.382262"
"50c59bd7-a98d-41b6-842f-ba9ba25c1462","f9877081-b190-480c-b88d-7793a6517fcc",NULL,"Toll gate",1,0,20000,"0.00",0,NULL,NULL,NULL,NULL,1,"2026-03-02 09:54:41.630921","2026-03-02 09:54:41.630921"
"d2331643-1423-4372-b47d-38e669f793cc","0d6b43cb-389f-4506-9c98-b65f129a3d75",NULL,"Milk",1,0,18000,"0.00",0,NULL,NULL,NULL,NULL,1,"2026-03-02 09:55:05.41134","2026-03-02 09:55:05.41134"
"d3b8704a-5170-4653-b287-d3ee7a8fcc49","51cc783b-d8f7-4f0f-b578-045ef16a04a7",NULL,"Daily wage",1,0,100000,"0.00",0,NULL,NULL,NULL,NULL,1,"2026-03-02 09:55:35.861634","2026-03-02 09:55:35.861634"
"2281f7a7-0f4e-44dc-b03b-63270605d012","449a1991-94ae-4030-888a-011beaa989ba",NULL,"Diesel",1,0,200000,"0.00",0,NULL,NULL,NULL,NULL,1,"2026-03-02 09:57:44.307389","2026-03-02 09:57:44.307389"
"9d681517-abb2-4a34-ae87-6af463188d97","73336fb6-9538-439a-87fe-8c608d0c31c8",NULL,"Diesel",1,0,200000,"0.00",0,NULL,NULL,NULL,NULL,1,"2026-03-02 09:58:18.470635","2026-03-02 09:58:18.470635"
"0a0b5c5a-62d5-4c96-bccb-adc5497d6833","76898c93-bd12-43ab-b08f-03fc2cd11b6a",NULL,"Consumable",1,0,44000,"0.00",0,NULL,NULL,NULL,NULL,1,"2026-03-02 10:05:37.407207","2026-03-02 10:05:37.407207"
"79cf5311-56a0-406a-874e-74acc0f4984d","d0d2fd8f-5f36-4fd2-b378-ce3fb1123821",NULL,"Diesel",1,0,200000,"0.00",0,NULL,NULL,NULL,NULL,1,"2026-03-02 10:07:37.662067","2026-03-02 10:07:37.662067"
"fc02506c-f70c-48fa-8986-b93a04dba7c0","e354c6b3-c3da-4d8d-a7f7-699e4d69c01d",NULL,"Stationary",1,0,29000,"0.00",0,NULL,NULL,NULL,NULL,1,"2026-03-02 10:08:10.280706","2026-03-02 10:08:10.280706"
"5e02bdf9-c713-4161-b9c7-fd2bb1908ea0","ef794ca1-31dd-43c6-a7cd-02a4ab17987e",NULL,"Fine",1,0,100000,"0.00",0,NULL,NULL,NULL,NULL,1,"2026-03-02 10:08:37.501172","2026-03-02 10:08:37.501172"
"afc31e00-342f-4e7a-8d7f-8271ab15ddc7","7da1f3ac-eda9-45b2-b2af-d464057f3876",NULL,"Travel",1,0,21000,"0.00",0,NULL,NULL,NULL,NULL,1,"2026-03-02 10:12:44.223268","2026-03-02 10:12:44.223268"
"9cfa0445-bcd5-4674-9d93-efb4a833fc34","50512471-ba7d-4fa8-be7e-5e5a1616bfe8",NULL,"milk",1,0,18000,"0.00",0,NULL,NULL,NULL,NULL,1,"2026-03-02 10:14:17.301023","2026-03-02 10:14:17.301023"
"967db07a-d62c-4075-adf7-b9eec8ce62ae","a96ee120-c7b0-467b-b76c-e22869655eb2",NULL,"Stationary",1,0,8800,"0.00",0,NULL,NULL,NULL,NULL,1,"2026-03-02 10:15:01.150542","2026-03-02 10:15:01.150542"
"80c30a67-5a8b-4f2e-93e0-4b1f8233c1b5","f703d08c-2cc0-4020-a7e8-636b670dbf93",NULL,"Diesel",1,0,300000,"0.00",0,NULL,NULL,NULL,NULL,1,"2026-03-02 10:16:14.560365","2026-03-02 10:16:14.560365"
"17d21aa0-5dbb-415f-9652-ce04f6597ec3","3b026012-6b43-4017-9d04-08ba6edc0742",NULL,"Spares",1,0,65000,"0.00",0,NULL,NULL,NULL,NULL,1,"2026-03-02 10:17:04.18064","2026-03-02 10:17:04.18064"
"1489240a-4d8f-4485-90e9-36cdcf7657ca","03e5016a-535d-4c19-91d4-02acc2c1fadd",NULL,"Snacks",1,0,40000,"0.00",0,NULL,NULL,NULL,NULL,1,"2026-03-02 10:17:30.100488","2026-03-02 10:17:30.100488"
"49218b50-b173-4edc-82be-54a0fdb80e6a","e408e39b-2cb0-432c-852a-eb41036954fa",NULL,"Petrol",1,0,25000,"0.00",0,NULL,NULL,NULL,NULL,1,"2026-03-02 10:17:54.904962","2026-03-02 10:17:54.904962"
"d307739b-ae13-4f51-93b8-493f25100aec","f4bea416-aa31-4ad2-babf-e753e4fb1c45",NULL,"Courier",1,0,30000,"0.00",0,NULL,NULL,NULL,NULL,1,"2026-03-02 10:18:37.940802","2026-03-02 10:18:37.940802"
"0c04ad32-d431-4ade-b6ab-ec3a9ba21bda","9b350a7d-3757-4fc4-8ab7-b7f1f3d1b807",NULL,"Petrol",1,0,20000,"0.00",0,NULL,NULL,NULL,NULL,1,"2026-03-02 10:19:03.665803","2026-03-02 10:19:03.665803"
"ad7ca5dd-1467-4c00-9526-71e574b9883b","8bee3826-52e0-4899-ac78-10c6ece10a33",NULL,"maintenance",1,0,10000,"0.00",0,NULL,NULL,NULL,NULL,1,"2026-03-02 10:20:42.421012","2026-03-02 10:20:42.421012"
"6163ffb5-2aef-45ee-82b0-c42ade4abb1e","e691c591-d0f7-491c-8da7-85e9e5f611d1",NULL,"Milk",1,0,18000,"0.00",0,NULL,NULL,NULL,NULL,1,"2026-03-02 10:21:28.804429","2026-03-02 10:21:28.804429"
"47056fe5-55cd-4deb-bb4b-9e7541842d2f","a5e7ada4-fb19-469b-b61d-ff6f64f2d7e8",NULL,"Lunch",1,0,28000,"0.00",0,NULL,NULL,NULL,NULL,1,"2026-03-03 04:11:40.624251","2026-03-03 04:11:40.624251"
"12069683-9e9d-4889-8644-2f974a62c9f8","80de9165-9780-42d0-8096-a4df23d373cb",NULL,"Milk",1,0,18000,"0.00",0,NULL,NULL,NULL,NULL,1,"2026-03-03 04:12:09.90394","2026-03-03 04:12:09.90394"
"e82d7f92-4740-4af7-8846-e0794c8ab340","123f2c18-1885-427b-a3e6-da0cdef01b5e",NULL,"Diesel",1,0,300000,"0.00",0,NULL,NULL,NULL,NULL,1,"2026-03-03 04:13:17.963143","2026-03-03 04:13:17.963143"
"0f716f91-472a-4af4-a2b0-fba5f40a3a63","0076ac1f-79cf-4b89-8a3d-fe3196b938bc",NULL,"Diesel",1,0,200000,"0.00",0,NULL,NULL,NULL,NULL,1,"2026-03-03 04:13:47.128041","2026-03-03 04:13:47.128041"
"13ec471d-9fc3-4273-b044-8acb67bef964","663e5e9b-ee10-49a7-b268-c1f7bbe86b9e",NULL,"Diesel",1,0,300000,"0.00",0,NULL,NULL,NULL,NULL,1,"2026-03-03 04:14:11.27041","2026-03-03 04:14:11.27041"
"585c88e4-5d23-4dbc-abca-d96578626c90","4ecc8e7b-df0d-46c8-91a2-6f40ef516eb7",NULL,"Petrol",1,0,20000,"0.00",0,NULL,NULL,NULL,NULL,1,"2026-03-03 04:14:33.187204","2026-03-03 04:14:33.187204"
"5573c6eb-4b7c-4d2b-ac72-10214c0ad4b3","a978e02b-8fc5-42d6-b35d-d81ade1356b8",NULL,"Toll gate",1,0,20000,"0.00",0,NULL,NULL,NULL,NULL,1,"2026-03-03 04:27:22.808984","2026-03-03 04:27:22.808984"
"c44ee801-9be7-40e0-bf0f-3bbfd66c0992","cc480135-32e6-4fbd-84a5-4054f468694f",NULL,"Milk",1,0,18000,"0.00",0,NULL,NULL,NULL,NULL,1,"2026-03-03 04:27:38.458204","2026-03-03 04:27:38.458204"
"af915458-a165-4c30-83a0-bd419beb227b","8ca500e3-1d66-4f17-ad71-64f53c1ca4c9",NULL,"Consumable",1,0,52000,"0.00",0,NULL,NULL,NULL,NULL,1,"2026-03-03 04:30:48.583983","2026-03-03 04:30:48.583983"
"48896230-958b-4102-9f27-75898d51b91b","74ad2394-49d2-4de2-b303-aa7451cff936",NULL,"Milk",1,0,18000,"0.00",0,NULL,NULL,NULL,NULL,1,"2026-03-03 04:31:21.088639","2026-03-03 04:31:21.088639"
"2192edb5-0c98-4253-97f7-1e12893c9561","4e0d73c6-f2ca-4c97-8712-01ec1e3e9911",NULL,"Diesel",1,0,900000,"0.00",0,NULL,NULL,NULL,NULL,1,"2026-03-03 04:31:46.602973","2026-03-03 04:31:46.602973"
"ff2e896c-70e4-4baf-a9c1-1d47569afb3f","27b9c3fb-7b18-4ddd-8359-0ff6c0215834",NULL,"Fast tag",1,0,200000,"0.00",0,NULL,NULL,NULL,NULL,1,"2026-03-03 04:32:09.349627","2026-03-03 04:32:09.349627"
"c17c70e3-14b1-45a7-a3d1-11af3c0ca851","8a52b018-c16b-42f3-83ed-fc928271438e",NULL,"Milk",1,0,36000,"0.00",0,NULL,NULL,NULL,NULL,1,"2026-03-03 04:33:35.787998","2026-03-03 04:33:35.787998"
"3e60e24c-c0f9-41bf-a90a-7a34584b5b86","f3dcb657-a22b-42f7-9184-54ce02a66b61",NULL,"Diesel",1,0,300000,"0.00",0,NULL,NULL,NULL,NULL,1,"2026-03-03 04:33:59.468383","2026-03-03 04:33:59.468383"
"1c992c19-a6a1-48b5-abd5-e75e27e19b1c","a636b4a3-60ba-4c06-93e6-60f1420c0c54",NULL,"Parcel",1,0,52000,"0.00",0,NULL,NULL,NULL,NULL,1,"2026-03-03 04:35:49.248549","2026-03-03 04:35:49.248549"
"231e25a4-39d4-4bc8-82fe-ee519a49a422","434fdeb1-67b7-4cee-8f24-f8968de655dd",NULL,"Diesel",1,0,250000,"0.00",0,NULL,NULL,NULL,NULL,1,"2026-03-03 04:36:21.933945","2026-03-03 04:36:21.933945"
"b6f9309d-a0b6-47e5-9cf4-b27b5282f79f","8e447f39-419d-4a6a-9221-3261071535dd",NULL,"Toll gate",1,0,30000,"0.00",0,NULL,NULL,NULL,NULL,1,"2026-03-03 04:36:50.887972","2026-03-03 04:36:50.887972"
"7cd113c4-112b-4b00-b455-a03eaff043bb","537af9fe-6ce9-49b1-b95c-4e911e871b44",NULL,"Toll gate",1,0,8000,"0.00",0,NULL,NULL,NULL,NULL,1,"2026-03-03 04:37:15.129314","2026-03-03 04:37:15.129314"
"b170e186-86a0-4d41-b85c-e7170e9772e4","b03ab4f2-c73c-4b33-8569-1055bd5fd965",NULL,"Lunch",1,0,39000,"0.00",0,NULL,NULL,NULL,NULL,1,"2026-03-03 04:37:39.547426","2026-03-03 04:37:39.547426"
"068bb91b-b85d-4096-bfb2-ba4b1a8b4768","6f67b5d2-0039-4d61-b370-a384db12a33f",NULL,"Diesel",1,0,300000,"0.00",0,NULL,NULL,NULL,NULL,1,"2026-03-03 04:39:58.585779","2026-03-03 04:39:58.585779"
"6ded0772-bc6c-485a-8877-548f91f82719","ded1624b-e8ad-4120-ad9c-393b40b458a9",NULL,"Milk",1,0,23000,"0.00",0,NULL,NULL,NULL,NULL,1,"2026-03-03 04:40:20.668663","2026-03-03 04:40:20.668663"
"59766107-1ec3-45eb-b939-5ab745cb225e","797e5d04-c91b-4bd1-a04f-49ce431ce260",NULL,"Commision",1,0,30000,"0.00",0,NULL,NULL,NULL,NULL,1,"2026-03-03 04:40:54.428887","2026-03-03 04:40:54.428887"
"7c04af61-8930-45b9-8f26-0b40bbaa871e","04b1ee91-b82c-489c-b02d-940abd95fb6b",NULL,"Diesel",1,0,282000,"0.00",0,NULL,NULL,NULL,NULL,1,"2026-03-03 04:42:21.3278","2026-03-03 04:42:21.3278"
"a6c1489c-9bbc-4b71-ac32-d0d75e1da19b","42b74367-18c5-432f-be74-324ff475acfe",NULL,"Toll gate",1,0,20000,"0.00",0,NULL,NULL,NULL,NULL,1,"2026-03-03 04:42:48.508077","2026-03-03 04:42:48.508077"
"4624ec2b-c17f-457d-b019-a92a15636c10","b8dfd705-0706-405c-9120-8e281db5104b",NULL,"Milk",1,0,24000,"0.00",0,NULL,NULL,NULL,NULL,1,"2026-03-03 04:43:11.808297","2026-03-03 04:43:11.808297"
"f136f132-148f-413e-8abe-973f607777f7","654440c2-fdee-4672-ab04-61db227aaa5e",NULL,"Lunch",1,0,10000,"0.00",0,NULL,NULL,NULL,NULL,1,"2026-03-03 04:43:32.328215","2026-03-03 04:43:32.328215"
"bc429c04-02e6-4e73-ab91-ab9d13814014","06993491-8318-4866-ad37-5872c7545cad",NULL,"Milk",1,0,24000,"0.00",0,NULL,NULL,NULL,NULL,1,"2026-03-03 04:44:46.288261","2026-03-03 04:44:46.288261"
"b0418977-5b68-4e20-8532-f3172647c265","6c3e96fc-4cd6-4f2e-98eb-0860e66f4330",NULL,"Lunch",1,0,25000,"0.00",0,NULL,NULL,NULL,NULL,1,"2026-03-03 04:45:07.277795","2026-03-03 04:45:07.277795"
"60f82ca4-c4de-4a4d-ba06-60b715869b96","3c47b554-c824-4d0a-8680-cdcda8a73bc8",NULL,"Diesel",1,0,700000,"0.00",0,NULL,NULL,NULL,NULL,1,"2026-03-03 04:46:26.887184","2026-03-03 04:46:26.887184"
"fb1b9517-ec04-4223-a863-8b013cc653cd","f5e654f9-061c-464d-a78e-62f2eea0ed59",NULL,"Milk",1,0,30000,"0.00",0,NULL,NULL,NULL,NULL,1,"2026-03-03 04:46:47.027987","2026-03-03 04:46:47.027987"
"3d05ba5f-5e97-45eb-98a3-955017d9e8c6","a32411c5-46cb-49a0-9248-730ef9e749d1",NULL,"Diesel",1,0,200000,"0.00",0,NULL,NULL,NULL,NULL,1,"2026-03-03 04:47:12.143739","2026-03-03 04:47:12.143739"
"a109bc0e-cdaf-4d73-9dd8-8321f9a74a9b","5cb58d84-58fe-4139-8ff0-a3556d464557",NULL,"Spares",1,0,234000,"0.00",0,NULL,NULL,NULL,NULL,1,"2026-03-03 04:48:12.168381","2026-03-03 04:48:12.168381"
"43be913f-0e84-4c45-b3ef-f13acf4c024e","aca96f7b-9fc1-492e-8a5c-085e820c7bc4",NULL,"Tax",1,0,504000,"0.00",0,NULL,NULL,NULL,NULL,1,"2026-03-03 04:49:00.087077","2026-03-03 04:49:00.087077"
"b58545b6-176c-4451-bf08-382962ea5dae","0d1501ee-237e-4118-b5ee-e8acde5599cf",NULL,"Spares",1,0,120000,"0.00",0,NULL,NULL,NULL,NULL,1,"2026-03-03 04:52:16.388126","2026-03-03 04:52:16.388126"
"c549f3c6-0b94-4e4c-80a7-69daec8dca7a","87b75235-e18c-426a-8937-c698465504f7",NULL,"Travel",1,0,30000,"0.00",0,NULL,NULL,NULL,NULL,1,"2026-03-03 04:52:45.907964","2026-03-03 04:52:45.907964"
"8ee0f286-94c1-4973-9e20-528906f11956","fc82a39a-4ed3-49a0-978d-e6592eaa3ec9",NULL,"Diesel",1,0,300000,"0.00",0,NULL,NULL,NULL,NULL,1,"2026-03-03 05:06:08.909105","2026-03-03 05:06:08.909105"
"2452f6d3-76b1-48f9-ad9b-8a8f819d50c4","a2f056c9-4ecc-42ec-8285-7f04b872d190",NULL,"Milk",1,0,30000,"0.00",0,NULL,NULL,NULL,NULL,1,"2026-03-03 05:31:40.952319","2026-03-03 05:31:40.952319"
"acd396f1-31dc-40a0-9404-977b2a57c426","449b69f6-7e2f-457c-a465-d68668cf6e04",NULL,"Lunch",1,0,15000,"0.00",0,NULL,NULL,NULL,NULL,1,"2026-03-03 05:32:32.388154","2026-03-03 05:32:32.388154"
"f71841c9-6d83-403f-8784-311fa78c6e81","7eda8d27-17c4-49fe-bc10-6f6bdb3c8511",NULL,"Snacks",1,0,12000,"0.00",0,NULL,NULL,NULL,NULL,1,"2026-03-03 05:33:08.370216","2026-03-03 05:33:08.370216"
"668bcd3d-ffbb-4158-a541-ed26e5a2ea68","4f38e805-7af4-473c-8f9a-96ffe3120f11",NULL,"Milk",1,0,30000,"0.00",0,NULL,NULL,NULL,NULL,1,"2026-03-03 05:35:50.969681","2026-03-03 05:35:50.969681"
"6b5e321a-31b3-4568-a765-7bdfdc19cf4f","dc27982c-c4ee-4dfb-a33f-52776c1387e1",NULL,"Diesel",1,0,300000,"0.00",0,NULL,NULL,NULL,NULL,1,"2026-03-03 05:36:13.043129","2026-03-03 05:36:13.043129"
"b320b592-c4e1-4531-a225-ff62a025d0af","d4a98e78-0399-49e0-abf3-2af478ebc334",NULL,"daily wages",1,0,70000,"0.00",0,NULL,NULL,NULL,NULL,1,"2026-03-03 05:36:44.681067","2026-03-03 05:36:44.681067"
"fcbeb7b7-f5a7-4f1a-b4a8-d51dbe6ecf35","c54ae002-2312-4821-856d-0b0430532a86",NULL,"Milk",1,0,30000,"0.00",0,NULL,NULL,NULL,NULL,1,"2026-03-03 05:37:54.011747","2026-03-03 05:37:54.011747"
"28635ddb-fca6-42d2-9ded-e1ae498f4d60","b67fc8d0-8f16-48b6-bbdb-cbad287f6c4c",NULL,"Diesel",1,0,300000,"0.00",0,NULL,NULL,NULL,NULL,1,"2026-03-03 05:40:22.073272","2026-03-03 05:40:22.073272"
"5072415f-fe16-474e-b4e1-3a5aed002eca","c5d647db-4db1-48fb-9e6e-70207ed40cd8",NULL,"Lunch",1,0,21000,"0.00",0,NULL,NULL,NULL,NULL,1,"2026-03-03 05:40:51.657637","2026-03-03 05:40:51.657637"
"38786832-45ad-435d-ab1a-76daf33e594f","a52fc485-8dfa-444c-a212-3e83941c7efa",NULL,"Diesel",1,0,300000,"0.00",0,NULL,NULL,NULL,NULL,1,"2026-03-03 05:41:57.070725","2026-03-03 05:41:57.070725"
"b402ffde-dec1-4f14-94e3-114de4108df4","00e0747a-f504-4ef0-8daa-de68503c9943",NULL,"Lunch",1,0,33000,"0.00",0,NULL,NULL,NULL,NULL,1,"2026-03-03 05:44:39.388425","2026-03-03 05:44:39.388425"
"1ebeaa83-a792-40b8-a437-a2a9018e34a8","303ef171-3c84-4967-98cd-20572ac8a475",NULL,"Rent",1,0,100000,"0.00",0,NULL,NULL,NULL,NULL,1,"2026-03-03 05:45:13.16969","2026-03-03 05:45:13.16969"
"e8d6c87a-44f1-43c4-9bac-9047876bf3c4","f4b20c7e-aa06-433e-948b-609fb8a18c90",NULL,"Dinner",1,0,24000,"0.00",0,NULL,NULL,NULL,NULL,1,"2026-03-03 05:45:34.069037","2026-03-03 05:45:34.069037"
"760255b1-0e50-47b6-8fa7-e339ad32087a","50e7f596-820f-42e8-b3f7-3cf9ed4589ef",NULL,"Travel",1,0,60000,"0.00",0,NULL,NULL,NULL,NULL,1,"2026-03-03 05:46:06.338808","2026-03-03 05:46:06.338808"
"a5d43588-2384-41b9-9012-104cbf2722ef","486b2813-2aed-4c4d-8faa-e647a9978c48",NULL,"Food",1,0,62000,"0.00",0,NULL,NULL,NULL,NULL,1,"2026-03-03 05:48:08.589199","2026-03-03 05:48:08.589199"
"4b9dd802-3191-4e05-b810-426319a6b3ef","3e481beb-de50-49fb-aa55-33322b4e56c2",NULL,"Spares",1,0,20000,"0.00",0,NULL,NULL,NULL,NULL,1,"2026-03-03 05:49:11.900644","2026-03-03 05:49:11.900644"
"05be8482-75a3-4396-8931-faeb7abd1259","ccaf616e-1107-47c6-98b4-fba5c3fa23a7",NULL,"Lunch",1,0,16000,"0.00",0,NULL,NULL,NULL,NULL,1,"2026-03-03 05:49:40.110015","2026-03-03 05:49:40.110015"
"feab18d3-76c7-4fd8-afed-8393b0867134","650dd370-3c6a-4b12-86d1-cc26ef302b54",NULL,"Milk",1,0,24000,"0.00",0,NULL,NULL,NULL,NULL,1,"2026-03-03 05:49:58.368118","2026-03-03 05:49:58.368118"
"520c07c3-42e6-4bd6-8b04-868f7f1d7a70","fab749a9-7be4-41e4-9d29-8cd30f7a987e",NULL,"Dinner",1,0,75000,"0.00",0,NULL,NULL,NULL,NULL,1,"2026-03-03 05:50:36.87034","2026-03-03 05:50:36.87034"
"f480add1-bedb-4a09-9b95-f5418199cd17","5a2785fb-cc06-48f7-a053-44c704a8c80a",NULL,"Vehical maintenance",1,0,548000,"0.00",0,NULL,NULL,NULL,NULL,1,"2026-03-03 06:34:57.151398","2026-03-03 06:34:57.151398"
"f3241b2d-a595-4920-a6ee-a45e6f338041","9fd5de47-f40c-421e-9983-9fe86e578e59",NULL,"Lunch",1,0,53000,"0.00",0,NULL,NULL,NULL,NULL,1,"2026-03-03 06:35:37.849746","2026-03-03 06:35:37.849746"
"defbb088-f1ad-4128-af58-52e93faaa8cd","ca500360-3cd7-4055-be09-6d5ec1fb170f",NULL,"Diesel",1,0,300000,"0.00",0,NULL,NULL,NULL,NULL,1,"2026-03-03 06:35:58.709803","2026-03-03 06:35:58.709803"
"1661b600-9bb6-4b05-a721-0b0a517cc890","822f4b03-2f0e-4407-8609-9c425e823cef",NULL,"Diesel",1,0,308000,"0.00",0,NULL,NULL,NULL,NULL,1,"2026-03-03 06:36:24.390552","2026-03-03 06:36:24.390552"
"1b2f5abb-bcdf-4d74-a8f2-c6be1a13d7e1","fd8c42a8-e949-4607-a3f8-70f799984ca3",NULL,"maintenance",1,0,60000,"0.00",0,NULL,NULL,NULL,NULL,1,"2026-03-03 06:42:28.150761","2026-03-03 06:42:28.150761"
"b88a8903-4d09-4ce1-a947-4d0b77be0480","35a67858-7a18-48e5-aeea-ec41596c6ba8",NULL,"Machine maintenance",1,0,350000,"0.00",0,NULL,NULL,NULL,NULL,1,"2026-03-03 08:39:25.316148","2026-03-03 08:39:25.316148"
"c651b1ef-cd70-402d-bc1e-923cbfee00c7","5f0111e7-7410-473c-bc29-adbdc3568bd1",NULL,"Spares",1,0,100000,"0.00",0,NULL,NULL,NULL,NULL,1,"2026-03-03 08:40:11.471843","2026-03-03 08:40:11.471843"
"09c2cc33-9e5f-4d43-8bc6-df951277638b","54cf9697-6c4e-49cb-8d49-45f0e1218780",NULL,"Dinner",1,0,48000,"0.00",0,NULL,NULL,NULL,NULL,1,"2026-03-03 08:40:42.868559","2026-03-03 08:40:42.868559"
"b66e57dc-d228-4902-a047-fd61632732db","c75b0b43-ad7f-48eb-ab81-711037c57a49",NULL,"Milk",1,0,24000,"0.00",0,NULL,NULL,NULL,NULL,1,"2026-03-03 08:41:16.75237","2026-03-03 08:41:16.75237"
"0fbc13e0-89e8-4dfe-b8b6-f57c30021fb5","9de053d0-a471-40e0-9350-afaf847f6f4e",NULL,"Tiffen",1,0,10000,"0.00",0,NULL,NULL,NULL,NULL,1,"2026-03-03 08:45:17.423519","2026-03-03 08:45:17.423519"
"38cf46db-1e24-4ddc-9883-cdf522d1d5b3","ef3de40e-8dea-4084-b9a2-9b31f85d1c80",NULL,"Milk",1,0,36000,"0.00",0,NULL,NULL,NULL,NULL,1,"2026-03-03 08:45:55.710027","2026-03-03 08:45:55.710027"
"53a0131a-3645-4236-924b-20de261d0a4b","dab8346c-8a96-42c4-b627-7d0d9f8adff0",NULL,"Lunch",1,0,40000,"0.00",0,NULL,NULL,NULL,NULL,1,"2026-03-03 08:46:37.807644","2026-03-03 08:46:37.807644"
"fe1094e6-69e5-4693-b7ff-018796b709df","5a591233-ea21-4d53-b646-2f19da17fa7b",NULL,"dinner",1,0,41000,"0.00",0,NULL,NULL,NULL,NULL,1,"2026-03-03 08:49:22.292671","2026-03-03 08:49:22.292671"
"61065425-8143-410e-9d69-3af133ad1c09","8ac62251-2ea0-439c-a010-8e6f9e14aa00",NULL,"maintenance",1,0,60000,"0.00",0,NULL,NULL,NULL,NULL,1,"2026-03-03 08:50:14.768394","2026-03-03 08:50:14.768394"
"90818aa7-d111-4f3f-b629-80616a3d0d9f","395e6d71-7639-4024-a3f7-299a8fcc70e6",NULL,"Food",1,0,112000,"0.00",0,NULL,NULL,NULL,NULL,1,"2026-03-03 09:15:23.02263","2026-03-03 09:15:23.02263"
"0377d32c-0214-431d-9fe8-d911732aadd8","a06a66b2-6b6a-4ba1-a2d6-9d7356852c16",NULL,"Diesel",1,0,300000,"0.00",0,NULL,NULL,NULL,NULL,1,"2026-03-03 09:17:35.818753","2026-03-03 09:17:35.818753"
"5d7299e5-c908-4b0f-a51b-425ec5aaedcd","c1d8e739-3259-4162-9c01-05ef02bac0f7",NULL,"Fine",1,0,60000,"0.00",0,NULL,NULL,NULL,NULL,1,"2026-03-03 09:17:59.547299","2026-03-03 09:17:59.547299"
"64e39ebf-c721-4c4a-a890-5fe897255786","5e4365a8-1406-45cb-8d2b-86a229a70725",NULL,"Toll gate",1,0,30000,"0.00",0,NULL,NULL,NULL,NULL,1,"2026-03-03 09:19:11.652463","2026-03-03 09:19:11.652463"
"f56ea82e-6f8d-4e99-8d20-4c9ea6943496","d860a200-2c49-422d-896e-004e907976cf",NULL,"Diesel",1,0,642000,"0.00",0,NULL,NULL,NULL,NULL,1,"2026-03-03 09:19:50.488772","2026-03-03 09:19:50.488772"
"6340bbd6-9306-4476-a8bb-4d841f334a6e","d68097fc-8a71-4be7-bbda-f85369220bbe",NULL,"Diesel",1,0,300000,"0.00",0,NULL,NULL,NULL,NULL,1,"2026-03-03 09:21:44.428535","2026-03-03 09:21:44.428535"
"9fb739da-9746-4cf9-b788-b7ac8b0f7c6a","ede00181-1a9e-4b0c-b414-cae520cf5b1f",NULL,"Diesel",1,0,330000,"0.00",0,NULL,NULL,NULL,NULL,1,"2026-03-03 09:22:08.912559","2026-03-03 09:22:08.912559"
"0f4f89be-fc0a-4720-a288-e721984cf666","54036407-47a3-42fb-8141-5b27db73d109",NULL,"Food",1,0,45000,"0.00",0,NULL,NULL,NULL,NULL,1,"2026-03-03 09:25:58.708025","2026-03-03 09:25:58.708025"
"ff51088a-ca3b-423b-9910-a3c29220f310","e3f9f886-f2df-45da-9460-3b3355a00165",NULL,"Parcel return",1,0,590000,"0.00",0,NULL,NULL,NULL,NULL,1,"2026-03-03 09:27:54.918142","2026-03-03 09:27:54.918142"
"ac657d86-6737-402f-92e8-0a1cda038a59","6df3f21f-4b0f-490e-ac4c-39069a9ce82f",NULL,"Travel",1,0,36000,"0.00",0,NULL,NULL,NULL,NULL,1,"2026-03-03 09:28:58.387479","2026-03-03 09:28:58.387479"
"8a253274-2a70-4969-b38f-de13d058fafd","f1bf2412-ea18-4df5-af2a-559db4fcf315",NULL,"Stationary",1,0,20000,"0.00",0,NULL,NULL,NULL,NULL,1,"2026-03-03 09:29:39.988206","2026-03-03 09:29:39.988206"
"9fe44e5b-3dd5-4995-b344-f7ab56277eda","1273a4ae-b43f-45d0-a8ac-8b7555d5ad42",NULL,"Diesel",1,0,320000,"0.00",0,NULL,NULL,NULL,NULL,1,"2026-03-03 09:30:05.86796","2026-03-03 09:30:05.86796"
"76d8d084-fbab-4b95-8e9b-631d97e2d959","4dd7b4fb-c0e8-4998-83d2-1938b5613b14",NULL,"Diesel",1,0,900000,"0.00",0,NULL,NULL,NULL,NULL,1,"2026-03-03 09:32:42.169216","2026-03-03 09:32:42.169216"
"eec79bca-a828-4637-a77c-d006f8e178c8","701437a9-35ae-4962-82c2-cada066f10cb",NULL,"Fast tag",1,0,100000,"0.00",0,NULL,NULL,NULL,NULL,1,"2026-03-03 09:33:06.027507","2026-03-03 09:33:06.027507"
"eaf754d4-b1cd-4557-85bd-cfd2caf2f96b","3441ea4a-ed78-4f99-8046-003b84e5da5c",NULL,"Lunch",1,0,24000,"0.00",0,NULL,NULL,NULL,NULL,1,"2026-03-03 09:33:29.608379","2026-03-03 09:33:29.608379"
"99265bbb-5030-47ba-aa70-6f7cef40414c","04619baa-6ddd-4a91-8fa0-bfd6e2774543",NULL,"Snacks",1,0,80000,"0.00",0,NULL,NULL,NULL,NULL,1,"2026-03-03 09:34:21.023674","2026-03-03 09:34:21.023674"
"dbc9ed81-88fc-4328-950c-7e6a79e477d3","ea74325e-b19d-4a4c-ae6c-8b9abf70d8c0",NULL,"Dinner",1,0,30000,"0.00",0,NULL,NULL,NULL,NULL,1,"2026-03-03 09:34:39.708418","2026-03-03 09:34:39.708418"
"4d1e421e-082f-4c51-a2aa-2269f1b9af68","575d21a5-44f1-4e98-ad9e-f3cfec1baa97",NULL,"grocery",1,0,692700,"0.00",0,NULL,NULL,NULL,NULL,1,"2026-03-03 10:20:53.208831","2026-03-03 10:20:53.208831"
"0ed41e61-2452-41db-8ccd-25e5ccd6eba9","65213560-f207-4325-953e-3da2b55cecf4",NULL,"Lunch",1,0,25000,"0.00",0,NULL,NULL,NULL,NULL,1,"2026-03-03 10:21:45.927162","2026-03-03 10:21:45.927162"
"680289a3-e7ce-4cd4-ae5e-d5977a4688cf","99735b79-85bc-4c90-aecc-0786044c8779",NULL,"rent",1,0,700000,"0.00",0,NULL,NULL,NULL,NULL,1,"2026-03-03 10:22:19.18786","2026-03-03 10:22:19.18786"
"ed81524f-d39f-485e-a17b-98143fab82fe","c4fc77ea-002f-48df-97c5-456faa85f630",NULL,"Rent",1,0,400000,"0.00",0,NULL,NULL,NULL,NULL,1,"2026-03-03 10:23:04.92728","2026-03-03 10:23:04.92728"
"62ae9352-b831-495f-a272-35feb323aca0","f49bdb71-d87d-4077-847e-b5e20f7f3f67",NULL,"Snacks",1,0,90000,"0.00",0,NULL,NULL,NULL,NULL,1,"2026-03-03 10:23:38.666471","2026-03-03 10:23:38.666471"
"4faa95f7-38a1-421f-865e-a00a3bdeedfc","4234039d-ce9b-4dc9-bb34-58a9f469f75a",NULL,"Travel",1,0,154000,"0.00",0,NULL,NULL,NULL,NULL,1,"2026-03-03 10:25:31.827136","2026-03-03 10:25:31.827136"
"d327843d-d93d-4dbe-b410-244e9460cb10","2f6ef378-df84-4dd9-a843-8138a135415f",NULL,"Lunch",1,0,25000,"0.00",0,NULL,NULL,NULL,NULL,1,"2026-03-03 10:26:05.566102","2026-03-03 10:26:05.566102"
"5288ecdc-5ff0-490c-b178-effdafaf58a6","90740702-d043-469a-b189-a4e0a0612e34",NULL,"Current bill",1,0,108600,"0.00",0,NULL,NULL,NULL,NULL,1,"2026-03-03 10:27:11.482524","2026-03-03 10:27:11.482524"
"df661b0f-74c4-4aa8-a076-c24d2f070bf5","f9782331-20f8-46ea-8618-3d81c0e6c8e6",NULL,"Stationary",1,0,69000,"0.00",0,NULL,NULL,NULL,NULL,1,"2026-03-03 10:28:03.171997","2026-03-03 10:28:03.171997"
"9c45c009-119e-424d-b047-b4279c6fb840","cd277cc1-7651-4392-a357-d59c4e17ec50",NULL,"Diesel",1,0,300000,"0.00",0,NULL,NULL,NULL,NULL,1,"2026-03-03 10:29:28.827965","2026-03-03 10:29:28.827965"
"e76814f3-e3d2-4b70-98ee-0f0a940654d7","e532d154-96f1-489e-b288-3ff3f73a3013",NULL,"travel",1,0,30000,"0.00",0,NULL,NULL,NULL,NULL,1,"2026-03-03 10:30:01.367346","2026-03-03 10:30:01.367346"
"a6dfb3a1-f5d5-4514-96fe-97b8dc3e7038","5c26d5fa-377b-42f5-bf90-a6fc4078e6ba",NULL,"Diesel",1,0,300000,"0.00",0,NULL,NULL,NULL,NULL,1,"2026-03-03 10:30:29.086145","2026-03-03 10:30:29.086145"
"bf8b7674-4cf3-41ba-b3ed-5daf00b6895a","ff92fa84-2413-4683-95a7-5ffed3745bbe",NULL,"Snacks",1,0,80000,"0.00",0,NULL,NULL,NULL,NULL,1,"2026-03-03 10:32:19.049331","2026-03-03 10:32:19.049331"
"8d6252b3-2d50-44c3-a726-5e1937c9245a","d6e76ab0-5b59-489d-b810-92697bfa1841",NULL,"Diesel",1,0,300000,"0.00",0,NULL,NULL,NULL,NULL,1,"2026-03-03 10:32:55.827839","2026-03-03 10:32:55.827839"
"30c25971-54ee-479c-ae69-020a41f8ef96","fd4c66b3-65ce-415e-9c7c-193f1ce70707",NULL,"Diesel",1,0,800000,"0.00",0,NULL,NULL,NULL,NULL,1,"2026-03-05 04:36:26.209016","2026-03-05 04:36:26.209016"
"f44c7524-89d3-4b3f-9fa9-f9ac790b1d42","5ffce8e5-99ee-41da-93a1-e9cd1a7fb360",NULL,"Fast Tag",1,0,200000,"0.00",0,NULL,NULL,NULL,NULL,1,"2026-03-05 04:36:50.127486","2026-03-05 04:36:50.127486"
"59776036-2371-4c3b-8f45-bb1f5a47d921","fe844876-942d-423d-8c1e-64eeed96d513",NULL,"Sancks",1,0,80000,"0.00",0,NULL,NULL,NULL,NULL,1,"2026-03-05 04:39:36.369268","2026-03-05 04:39:36.369268"
"ec8eee29-cebd-4d64-80fa-7e1c377a5930","cf8321d6-f32f-4d24-889f-4c5c09b5d207",NULL,"Petrol",1,0,50000,"0.00",0,NULL,NULL,NULL,NULL,1,"2026-03-05 04:39:57.909454","2026-03-05 04:39:57.909454"
"35db5814-ea0a-4767-b805-0535ab98f889","7276f953-d759-4b6a-93ff-8489076a533d",NULL,"Spares",1,0,28000,"0.00",0,NULL,NULL,NULL,NULL,1,"2026-03-05 04:42:00.575064","2026-03-05 04:42:00.575064"
"7bd713a3-d815-4aac-87f3-dea25acc1e32","325a37e0-631d-461a-b99f-d2861a3abf56",NULL,"Diesel",1,0,300000,"0.00",0,NULL,NULL,NULL,NULL,1,"2026-03-05 05:38:40.730178","2026-03-05 05:38:40.730178"
"d0207da1-80a9-4db4-a6b2-76e5858d500c","28b2b4d7-6f46-4920-94f0-aa9abd05151d",NULL,"Snacks",1,0,80000,"0.00",0,NULL,NULL,NULL,NULL,1,"2026-03-05 05:39:24.083881","2026-03-05 05:39:24.083881"
"789259ea-e58e-4c69-a3d3-9f8bfd6a9849","bf1697ee-bba3-4283-8108-33b9388bf1fd",NULL,"Milk",1,0,108000,"0.00",0,NULL,NULL,NULL,NULL,1,"2026-03-05 05:40:26.610028","2026-03-05 05:40:26.610028"
"03d13ea6-f62b-448d-983a-716f7f0dd58c","bf114bd1-6598-45f0-9321-1d26cff71d96",NULL,"Diesel",1,0,300000,"0.00",0,NULL,NULL,NULL,NULL,1,"2026-03-05 05:41:24.306731","2026-03-05 05:41:24.306731"
"84784a84-4c0a-4e67-9ba1-e938cc9b6e12","cb938ef2-53d5-45e3-9dcf-37080b1ca2dd",NULL,"Toll gate",1,0,30000,"0.00",0,NULL,NULL,NULL,NULL,1,"2026-03-05 05:44:02.088706","2026-03-05 05:44:02.088706"
"0a3cf631-f5a5-4f86-822d-2671a8b01c53","4eab58e0-70de-4506-84fc-a5e1bf1d12c6",NULL,"Diesel",1,0,300000,"0.00",0,NULL,NULL,NULL,NULL,1,"2026-03-05 05:44:25.167711","2026-03-05 05:44:25.167711"
"5daf494f-2eca-4369-afe6-5e3abc7a870d","a982c482-afce-4c9b-bbe6-5b4bdeff0c7c",NULL,"Diesel",1,0,500000,"0.00",0,NULL,NULL,NULL,NULL,1,"2026-03-05 05:45:03.830588","2026-03-05 05:45:03.830588"
"c2b8a915-552e-48f1-b806-e02f5bae9fda","eee368bc-0093-4622-9435-cabbfb9c068a",NULL,"Snacks",1,0,80000,"0.00",0,NULL,NULL,NULL,NULL,1,"2026-03-05 05:45:43.475151","2026-03-05 05:45:43.475151"
"a7bd4204-443b-4718-9bdc-aaae34364bb7","8c86bbd9-8090-40b4-afbf-331a6825cf96",NULL,"Snacks",1,0,60000,"0.00",0,NULL,NULL,NULL,NULL,1,"2026-03-05 09:19:31.201137","2026-03-05 09:19:31.201137"
"c5d46938-3849-4946-a10e-b162b602d672","2b714d86-544d-473d-826a-44e83f97d857",NULL,"Diesel",1,0,300000,"0.00",0,NULL,NULL,NULL,NULL,1,"2026-03-05 09:21:44.333311","2026-03-05 09:21:44.333311"
"b881ef0e-c84d-4374-871a-f36cdea49272","4a01859d-39c2-48bd-84ad-47422c125cab",NULL,"Diesel",1,0,630000,"0.00",0,NULL,NULL,NULL,NULL,1,"2026-03-05 09:22:37.796347","2026-03-05 09:22:37.796347"
"62344c7d-91d1-4d02-9a26-0117f84d27af","9ccdbc9e-3c5e-4787-be77-8f925aa0bf72",NULL,"Snacks",1,0,70000,"0.00",0,NULL,NULL,NULL,NULL,1,"2026-03-05 09:23:08.281505","2026-03-05 09:23:08.281505"
"ad98ceb8-ed9d-4e69-9d39-1782fd544869","c480f2aa-f667-4a90-b097-1698c00ef73f",NULL,"Diesel",1,0,300000,"0.00",0,NULL,NULL,NULL,NULL,1,"2026-03-05 09:23:34.631946","2026-03-05 09:23:34.631946"
"60889a30-0b94-4529-96d5-7d1f35a55e3f","0e1b35b8-018a-4a5c-a4c1-ae6c45550955",NULL,"Spares",1,0,10000,"0.00",0,NULL,NULL,NULL,NULL,1,"2026-03-05 09:24:14.864053","2026-03-05 09:24:14.864053"
"f8067e07-04f9-4e15-b1c4-22963f47d6f7","ea9989c8-a50d-4a70-8b26-f7fb9bc36a58",NULL,"Diesel",1,0,300000,"0.00",0,NULL,NULL,NULL,NULL,1,"2026-03-05 09:21:17.706671","2026-03-05 10:06:58.543"
"79603911-6e05-4f65-bca8-48e4ab1a15b9","38a074fc-8f84-4b7d-a484-638e39e56182",NULL,"Diesel",1,0,300000,"0.00",0,NULL,NULL,NULL,NULL,1,"2026-03-05 10:33:12.844422","2026-03-05 10:33:12.844422"
"7ea3a0a8-d0c7-47f9-aa2c-06d5318f6fcb","ac6f625e-33e6-4834-a8c0-05097afc1baf",NULL,"Cow Milk",1,0,1080000,"0.00",0,NULL,NULL,NULL,NULL,1,"2026-03-05 10:37:16.823981","2026-03-05 10:37:16.823981"
"b1066a5f-8893-4d68-8e40-3e97408cef0d","2a67a47a-f89d-4bff-a04e-596099b33b2d",NULL,"Snacks",1,0,80000,"0.00",0,NULL,NULL,NULL,NULL,1,"2026-03-05 10:37:39.643188","2026-03-05 10:37:39.643188"
"f517159c-7ecb-4bbc-a1b7-38b530377c0a","ddbefa7c-9ba2-4b16-b79a-44a0e4e1b7d9",NULL,"Sationary",1,0,10000,"0.00",0,NULL,NULL,NULL,NULL,1,"2026-03-05 10:38:11.482744","2026-03-05 10:38:11.482744"
"204739c9-0c33-4c9c-b4dd-5260cfc7239e","cc30787c-9e56-49c4-8310-9f922a1a721e",NULL,"Diesel",1,0,300000,"0.00",0,NULL,NULL,NULL,NULL,1,"2026-03-05 10:38:33.004329","2026-03-05 10:38:33.004329"
"469c0d84-d279-47ab-8d6f-ddc0d0887f8b","ad6f6dd1-53ca-4ac5-8ef7-705864cfc1a3",NULL,"Vegetables",1,0,60000,"0.00",0,NULL,NULL,NULL,NULL,1,"2026-03-05 10:53:39.244943","2026-03-05 10:53:39.244943"
"866dfe31-9e54-4b1f-80f4-cd19410ea0dc","9b192b37-94ed-4171-ab57-5b348065a127",NULL,"Consumable",1,0,5000000,"0.00",0,NULL,NULL,NULL,NULL,1,"2026-03-05 10:55:13.804654","2026-03-05 10:55:13.804654"
"d39677b8-25cc-4a51-ba6d-ca3fd7321e51","6f26fb1b-c395-4a69-8bff-5b2026b97fa9",NULL,"Snacks",1,0,80000,"0.00",0,NULL,NULL,NULL,NULL,1,"2026-03-05 10:55:37.463178","2026-03-05 10:55:37.463178"
"225cea11-5861-4ee2-b6a6-07c48fdc7773","480faf4f-3c40-4ec9-a4df-6298ee16a824",NULL,"Sugar",1,0,13000,"0.00",0,NULL,NULL,NULL,NULL,1,"2026-03-05 10:56:17.543486","2026-03-05 10:56:17.543486"
"02415ea7-8930-471b-a5f5-1bc8b2ed0ce0","6eec895f-f5c4-4433-ba7a-eefa1736a8a5",NULL,"Milk",1,0,108000,"0.00",0,NULL,NULL,NULL,NULL,1,"2026-03-05 10:56:55.767966","2026-03-05 10:56:55.767966"
"38b8c8c8-6670-41ff-847b-64ca691d5d87","327c2f88-fae7-4a5a-8d58-01b297b678e9",NULL,"Diesel",1,0,300000,"0.00",0,NULL,NULL,NULL,NULL,1,"2026-03-05 10:58:39.844277","2026-03-05 10:58:39.844277"
"595eb39d-ea50-4ff3-9d7a-2092db69d946","5a62ed74-64a5-46ac-a179-802d4aaa40bf",NULL,"Diesel",1,0,300000,"0.00",0,NULL,NULL,NULL,NULL,1,"2026-03-05 10:59:07.005979","2026-03-05 10:59:07.005979"
"6ed8184f-19bf-4561-b1cb-a657dd0b4f39","9c18f61a-fb5d-4166-a2a3-d654d6d5a3ef",NULL,"Stationary",1,0,50000,"0.00",0,NULL,NULL,NULL,NULL,1,"2026-03-05 11:03:01.262998","2026-03-05 11:03:01.262998"
"73ea793b-bc36-4ac9-916f-07c585d453c5","6734db19-1964-446a-a648-eca12a88152a",NULL,"Snacks",1,0,80000,"0.00",0,NULL,NULL,NULL,NULL,1,"2026-03-05 11:03:27.961928","2026-03-05 11:03:27.961928"
"c55def34-93a3-485f-94b5-1d24f6ac2b2a","9663b6d5-0a66-4396-b384-093ef73bce1d",NULL,"Diesel",1,0,700000,"0.00",0,NULL,NULL,NULL,NULL,1,"2026-03-06 06:30:14.473728","2026-03-06 06:30:14.473728"
"f52e0241-689c-4329-b1b6-8044e1100c8f","b62d9990-8535-4db1-a4e9-6bbedda085fe",NULL,"Snacks",1,0,80000,"0.00",0,NULL,NULL,NULL,NULL,1,"2026-03-06 06:30:41.094255","2026-03-06 06:30:41.094255"
"2e1cb936-e80e-4704-a759-c91604258446","526c36b1-0654-466c-989d-d39295579b12",NULL,"Sugar",1,0,39000,"0.00",0,NULL,NULL,NULL,NULL,1,"2026-03-06 06:31:10.806968","2026-03-06 06:31:10.806968"
"aca4d22a-277e-4fd3-bc34-172dff82f7e6","3fa59ba6-7b51-42fb-a302-b207951c2555",NULL,"Snacks",1,0,80000,"0.00",0,NULL,NULL,NULL,NULL,1,"2026-03-06 06:49:47.593671","2026-03-06 06:49:47.593671"
"e674b6ad-96d6-458e-8b20-177da4f0a01d","e22f45cb-abf2-4640-8104-a9367a527f45",NULL,"Tea",1,0,28000,"0.00",0,NULL,NULL,NULL,NULL,1,"2026-03-06 06:50:46.813245","2026-03-06 06:50:46.813245"
"6c587161-0e1f-4edf-bc3f-a34700618bd1","e1df87f0-8597-408d-b94b-b681be5b4119",NULL,"Salary",1,0,1000000,"0.00",0,NULL,NULL,NULL,NULL,1,"2026-03-06 06:51:19.248425","2026-03-06 06:51:19.248425"
"d7e2960d-8318-4b61-a40d-8ba5ddff5649","8063532b-fb5c-4c7b-a572-498f9fea3c2b",NULL,"Diesel",1,0,1000000,"0.00",0,NULL,NULL,NULL,NULL,1,"2026-03-06 06:54:14.913229","2026-03-06 06:54:14.913229"
"5a4ed6ba-3e6f-404c-b07d-117d4a91da75","141b0c67-d95f-4765-9666-d6221b49c276",NULL,"Fast tag",1,0,200000,"0.00",0,NULL,NULL,NULL,NULL,1,"2026-03-06 07:03:55.293316","2026-03-06 07:03:55.293316"
"9d87d16a-13de-4fcb-bac0-a33237759943","eddacf25-bc39-4f18-ba52-50441a6a2456",NULL,"Diesel",1,0,300000,"0.00",0,NULL,NULL,NULL,NULL,1,"2026-03-06 07:04:21.832685","2026-03-06 07:04:21.832685"
"255ebc09-e50c-4a63-bebd-c8125c5915a5","ca7b0db1-a87a-459f-9593-8992a8118cb8",NULL,"Toll gate",1,0,35000,"0.00",0,NULL,NULL,NULL,NULL,1,"2026-03-06 07:04:50.772184","2026-03-06 07:04:50.772184"
"ad4308d6-6bfc-4f52-9300-8ac87cbdc325","7b4f210b-9821-47a8-be51-78c48d538dbf",NULL,"Diesel",1,0,300000,"0.00",0,NULL,NULL,NULL,NULL,1,"2026-03-06 07:05:15.488885","2026-03-06 07:05:15.488885"
"61746b15-02a9-421d-affe-e2c2c5700505","ddb6e8e9-4b60-4b22-ac3c-ec53232c0e9c",NULL,"Diesel",1,0,300000,"0.00",0,NULL,NULL,NULL,NULL,1,"2026-03-06 07:06:02.713789","2026-03-06 07:06:02.713789"
"61839457-7f58-49ca-a4fd-9253eba70c99","81dba0d2-e8ae-46fd-8267-44c8f2ee474c",NULL,"Diesel",1,0,300000,"0.00",0,NULL,NULL,NULL,NULL,1,"2026-03-06 07:06:45.385875","2026-03-06 07:06:45.385875"
"bc71f14b-415d-45bf-a39a-b71925e218bc","145b66e9-c635-4cd9-a76b-68d9a1708ffc",NULL,"Petrol",1,0,60000,"0.00",0,NULL,NULL,NULL,NULL,1,"2026-03-06 07:07:17.173884","2026-03-06 07:07:17.173884"
"afca95f3-367f-4e4b-88b0-0b7be58d8f0e","2bda6d50-9acd-46ba-9046-b9d29c83f748",NULL,"Snacks",1,0,80000,"0.00",0,NULL,NULL,NULL,NULL,1,"2026-03-06 07:07:42.498638","2026-03-06 07:07:42.498638"
"0df56426-016a-439a-ab01-edb7d9b1b84e","b1f99da6-96a9-49eb-8940-771b51c53947",NULL,"Stationary",1,0,20000,"0.00",0,NULL,NULL,NULL,NULL,1,"2026-03-06 07:08:15.877916","2026-03-06 07:08:15.877916"
"769064b6-00f3-4c96-9cbc-255b5c5a165c","1bacffe6-5715-464c-9589-8ae50536a745",NULL,"SWnacks",1,0,70000,"0.00",0,NULL,NULL,NULL,NULL,1,"2026-03-06 07:09:53.391396","2026-03-06 07:09:53.391396"
"865d76c0-c6a1-46c9-a19f-4bfc9bb89981","b4fea2b5-0c51-4ae3-9c67-63c2d625f89e",NULL,"Salary",1,0,100000,"0.00",0,NULL,NULL,NULL,NULL,1,"2026-03-06 07:10:41.693861","2026-03-06 07:10:41.693861"
"34b54379-0e95-4be4-8eb7-7f3d46d7b0b3","aef7fc93-a182-45a8-a535-72c6df855feb",NULL,"Deposit",1,0,5000000,"0.00",0,NULL,NULL,NULL,NULL,1,"2026-03-06 07:33:50.793022","2026-03-06 07:33:50.793022"
"60319122-571c-498a-98ac-89d6f06d3bff","ed9b535f-41dc-4dd5-9525-7b2ec5306620",NULL,"Snacks",1,0,70000,"0.00",0,NULL,NULL,NULL,NULL,1,"2026-03-06 07:34:13.211375","2026-03-06 07:34:13.211375"
"758f25d9-45b4-4e07-9e69-30c4153801b5","526a20c4-0f9a-4b82-b804-64eed8767c7a",NULL,"Vegetables",1,0,65000,"0.00",0,NULL,NULL,NULL,NULL,1,"2026-03-06 07:34:48.211354","2026-03-06 07:34:48.211354"
"9375e6b3-0374-4d07-8164-30e9353a677c","77a089a2-65bd-42bb-ae2e-77fe6d827d58",NULL,"salarey",1,0,500000,"0.00",0,NULL,NULL,NULL,NULL,1,"2026-03-06 07:35:14.576735","2026-03-06 07:35:14.576735"
"8e9981f6-ffd7-4c2e-a589-943ccd00173b","d560ed36-abcc-4812-9505-e870d1a27cb2",NULL,"Milk",1,0,108000,"0.00",0,NULL,NULL,NULL,NULL,1,"2026-03-06 07:35:50.811445","2026-03-06 07:35:50.811445"
"55220e49-a473-4192-b673-7308fe6fbc5a","04e0e040-0f56-4702-8b10-954edf273f76",NULL,"Salary",1,0,3600000,"0.00",0,NULL,NULL,NULL,NULL,1,"2026-03-06 07:36:46.52299","2026-03-06 07:36:46.52299"
"ef59faa5-b34e-49ec-80ab-f3e0a544ceb6","7cc982c7-2920-4734-9a47-805f9cb061ef",NULL,"Diesel",1,0,320000,"0.00",0,NULL,NULL,NULL,NULL,1,"2026-03-06 07:37:20.435208","2026-03-06 07:37:20.435208"
"4850cdeb-8e4a-4f13-84c1-7441620c7526","9a7e5110-801e-4507-a666-fee7ff17ee35",NULL,"Diesel",1,0,300000,"0.00",0,NULL,NULL,NULL,NULL,1,"2026-03-06 09:03:50.014015","2026-03-06 09:03:50.014015"
"753921a5-4e67-4fe2-9dab-634d84415f3a","50040cac-01b5-4326-87f4-3ba0f31e0591",NULL,"Diesel",1,0,300000,"0.00",0,NULL,NULL,NULL,NULL,1,"2026-03-06 09:04:42.037685","2026-03-06 09:04:42.037685"
"c4a9f7bc-8c63-4044-84b1-a27e849eb98c","6812d732-510d-40dd-8bb4-c2cf8f684dca",NULL,"Machine maintenance",1,0,20000,"0.00",0,NULL,NULL,NULL,NULL,1,"2026-03-06 09:06:06.435946","2026-03-06 09:06:06.435946"
"ba0999b0-b696-4214-82b0-090e9c689fbd","0a3b2032-2eff-4306-85da-53f41a3360ed",NULL,"Diesel",1,0,340000,"0.00",0,NULL,NULL,NULL,NULL,1,"2026-03-06 09:06:32.393409","2026-03-06 09:06:32.393409"
"29d5b3fb-1225-492d-9e22-acc773545208","7dbbf94b-a498-4f9f-8d7e-c2da252bd01b",NULL,"Snacks",1,0,70000,"0.00",0,NULL,NULL,NULL,NULL,1,"2026-03-06 09:07:04.753388","2026-03-06 09:07:04.753388"
"2c823a6f-8a65-42d4-9309-dfe1a313376c","218d12fc-bd85-4891-8d26-ce994bce35b0",NULL,"grocery",1,0,30000,"0.00",0,NULL,NULL,NULL,NULL,1,"2026-03-06 09:07:55.618571","2026-03-06 09:07:55.618571"
"bfebf81d-fd08-49e3-ba80-cface06b23c2","612dae68-52e7-43f2-8b76-b06199ab712e",NULL,"Snacks",1,0,65000,"0.00",0,NULL,NULL,NULL,NULL,1,"2026-03-06 09:09:36.263163","2026-03-06 09:09:36.263163"
"08061f4c-1549-412a-8617-36fc17c589fb","d27d4817-edb0-46cd-8527-bcfaad3e6468",NULL,"Spares",1,0,20000,"0.00",0,NULL,NULL,NULL,NULL,1,"2026-03-06 09:10:16.873226","2026-03-06 09:10:16.873226"
"94fd78ce-80bb-488a-8311-127a80039156","df1ac519-9925-4fd3-a5d4-fda3a584defb",NULL,"Snacks",1,0,75000,"0.00",0,NULL,NULL,NULL,NULL,1,"2026-03-06 09:11:15.912816","2026-03-06 09:11:15.912816"
"9cbd4f2e-b7c5-4a9c-9f19-fdb3719b7a8e","a94f55b5-f20e-41b5-b37e-d6f53798c40f",NULL,"Tea ",1,0,55000,"0.00",0,NULL,NULL,NULL,NULL,1,"2026-03-06 09:11:59.613644","2026-03-06 09:11:59.613644"
"5872fe44-3079-4f0b-b505-f318d3a23bde","ceb1744a-2892-4805-a858-c2485075ca1b",NULL,"Diesel",1,0,300000,"0.00",0,NULL,NULL,NULL,NULL,1,"2026-03-06 09:13:04.892224","2026-03-06 09:13:04.892224"
"0792ba3a-356d-4d2b-81e5-af52dc252a8e","a778fd34-e65c-4949-9b1e-48e2af6e55a7",NULL,"Spares",1,0,43000,"0.00",0,NULL,NULL,NULL,NULL,1,"2026-03-06 09:16:24.447847","2026-03-06 09:16:24.447847"
"29aaed74-bf18-4d88-9c6d-66ea6bc0ff62","8e3ddf60-56ee-4e79-8241-7ee651a70535",NULL,"Spares",1,0,27000,"0.00",0,NULL,NULL,NULL,NULL,1,"2026-03-06 09:17:30.753269","2026-03-06 09:17:30.753269"
"8b45a178-63da-4481-8f7e-6e033d5ce266","bdcc60c5-8833-43dd-9e45-522f1c93cc1f",NULL,"Snacks",1,0,70000,"0.00",0,NULL,NULL,NULL,NULL,1,"2026-03-06 09:19:05.424482","2026-03-06 09:19:05.424482"
"4cad14ef-9586-426f-b3d9-b0407d5f7786","f35d6f1e-b705-4844-a4e3-937f1e6c314c",NULL,"Diesel",1,0,520000,"0.00",0,NULL,NULL,NULL,NULL,1,"2026-03-06 09:20:05.793145","2026-03-06 09:20:05.793145"
"555a17a0-55f2-4e73-9827-0e859c08d293","29c1e866-23e0-4597-afd0-d96e91da054e",NULL,"Diesel",1,0,300000,"0.00",0,NULL,NULL,NULL,NULL,1,"2026-03-06 09:20:29.518838","2026-03-06 09:20:29.518838"
"2eee0f81-553d-4106-a29a-348a48eb8657","27f5fcc5-49e3-4ba0-bdf4-ffe96dc45719",NULL,"Consumable",1,0,80000,"0.00",0,NULL,NULL,NULL,NULL,1,"2026-03-07 05:40:44.275714","2026-03-07 05:40:44.275714"
"a458a4c7-3925-4063-8f2a-f93788f97609","9f57f4f4-fe1d-4c45-8f95-d1f63a25aaae",NULL,"Travel",1,0,95500,"0.00",0,NULL,NULL,NULL,NULL,1,"2026-03-07 05:41:24.353567","2026-03-07 05:41:24.353567"
"6e3c0864-3f30-4e6e-89cc-90709e15a8d7","af1ff9c4-5041-4f22-87e1-2ff98ee3d8ac",NULL,"Snacks",1,0,70000,"0.00",0,NULL,NULL,NULL,NULL,1,"2026-03-07 05:41:52.692916","2026-03-07 05:41:52.692916"
"44efae42-0e38-4c24-9104-14d4ae7115e4","55bb3d26-0728-4aa7-9de3-355f00d3c74f",NULL,"grocery",1,0,30000,"0.00",0,NULL,NULL,NULL,NULL,1,"2026-03-07 05:42:54.240215","2026-03-07 05:42:54.240215"
"cafa3cab-a17c-4b8c-86ea-ec54b0410e8a","bddab359-a891-4de5-98d9-1004144d90de",NULL,"Gas",1,0,180000,"0.00",0,NULL,NULL,NULL,NULL,1,"2026-03-07 05:44:18.410583","2026-03-07 05:44:18.410583"
"fe125b12-5491-4639-a1d9-2bbfab78d7bf","2b6a4444-ad9f-4f3d-a5d5-fac7d04696db",NULL,"Snacks",1,0,80000,"0.00",0,NULL,NULL,NULL,NULL,1,"2026-03-07 05:52:00.772863","2026-03-07 05:52:00.772863"
"17ddc0da-cbba-4cab-ac48-50b07d66da22","983632ff-aab8-447f-8991-93aa3a0f3706",NULL,"Milk",1,0,108000,"0.00",0,NULL,NULL,NULL,NULL,1,"2026-03-07 05:59:08.557053","2026-03-07 05:59:08.557053"
"fd0dae80-9a04-4871-9054-c83ecf45e8c1","27690148-2d29-48b9-87f1-5d8da91f1f17",NULL,"Consumable",1,0,40000,"0.00",0,NULL,NULL,NULL,NULL,1,"2026-03-07 05:59:45.272302","2026-03-07 05:59:45.272302"
"b8579de6-a390-4fce-b4f0-181cbd1c21d7","367a7142-a4c9-461a-b5a0-aa15b13dc4c1",NULL,"Diesel",1,0,950000,"0.00",0,NULL,NULL,NULL,NULL,1,"2026-03-07 06:00:10.093078","2026-03-07 06:00:10.093078"
"5d220029-622a-45b3-beeb-0aa34851a1c7","616d6b32-563e-4043-bc50-45f7d530eb0e",NULL,"Fast tag",1,0,50000,"0.00",0,NULL,NULL,NULL,NULL,1,"2026-03-07 06:01:50.922379","2026-03-07 06:01:50.922379"
"ce61af3a-f4f4-4da0-a415-8778c19cef0a","01a5d4f1-ae94-46b3-b51f-3eb908947591",NULL,"House rent",1,0,700000,"0.00",0,NULL,NULL,NULL,NULL,1,"2026-03-07 06:03:13.92594","2026-03-07 06:03:13.92594"
"cca82921-ae1c-4c7f-a1ad-5936e1ddef04","17f10830-7860-4756-bb0d-ff217555f13f",NULL,"Vegetables",1,0,90000,"0.00",0,NULL,NULL,NULL,NULL,1,"2026-03-07 06:06:07.650975","2026-03-07 06:06:07.650975"
"d29b453a-6c5b-4ad6-a8cf-5061358bfe1c","629832ec-74d1-4e51-ae3b-837b92762489",NULL,"Snacks",1,0,70000,"0.00",0,NULL,NULL,NULL,NULL,1,"2026-03-07 06:07:15.96555","2026-03-07 06:07:15.96555"
"6696cc07-7508-490f-9446-0ac8690c178f","db6764d0-932f-4382-bce8-3f38260e7787",NULL,"Housekeeping Equipment",1,0,45000,"0.00",0,NULL,NULL,NULL,NULL,1,"2026-03-07 06:18:08.512114","2026-03-07 06:18:08.512114"
"3aa6ca52-4fe2-41c9-a202-9b01738361ea","db5ab4b8-225d-4436-98ad-0c155cc28b5d",NULL,"Diesel",1,0,300000,"0.00",0,NULL,NULL,NULL,NULL,1,"2026-03-07 06:23:04.229411","2026-03-07 06:23:04.229411"
"74c9883b-357d-4fd4-8bc2-2282b25fb2cb","cf49d135-80de-444e-bd6c-7b653eed0efa",NULL,"Diesel",1,0,300000,"0.00",0,NULL,NULL,NULL,NULL,1,"2026-03-07 06:23:31.021546","2026-03-07 06:23:31.021546"
"77dfcc12-42a2-4e63-9761-a193e92ff35e","fe74feb5-26ad-4adb-ab11-6605b857fc29",NULL,"Diesel",1,0,300000,"0.00",0,NULL,NULL,NULL,NULL,1,"2026-03-07 06:23:55.170984","2026-03-07 06:23:55.170984"
"7f1e897c-ce5f-473f-a14a-ee998b3ad4bf","ec28395d-01b1-4217-a87e-1c6fe1410c4e",NULL,"Stationary",1,0,20000,"0.00",0,NULL,NULL,NULL,NULL,1,"2026-03-07 06:24:39.535355","2026-03-07 06:24:39.535355"
"4fbd9b29-755b-4e1d-bd0f-231600ed6062","c2ac52ef-eafb-4d23-8915-c8983285c935",NULL,"Snacks",1,0,70000,"0.00",0,NULL,NULL,NULL,NULL,1,"2026-03-07 06:25:44.851318","2026-03-07 06:25:44.851318"
"2680e460-aa7c-4855-8f92-2bf8b4e8dd41","3c1998b8-e4b5-4441-88cf-c0686d95f9aa",NULL,"Diesel",1,0,545000,"0.00",0,NULL,NULL,NULL,NULL,1,"2026-03-07 06:26:11.550803","2026-03-07 06:26:11.550803"
"a4cbb278-15f9-4712-92f4-91149717720b","050569de-2d2c-45ba-985e-30e725a7f4a5",NULL,"Spares",1,0,74000,"0.00",0,NULL,NULL,NULL,NULL,1,"2026-03-07 06:55:00.047343","2026-03-07 06:55:00.047343"
"f5479fd6-be79-4b5d-b7aa-f048723df374","6edb6e0e-8cdc-46c5-b045-9d5dd2c9483c",NULL,"Spares",1,0,212400,"0.00",0,NULL,NULL,NULL,NULL,1,"2026-03-07 09:06:43.462062","2026-03-07 09:06:43.462062"
"49f4dcae-fa0a-48af-b4eb-d1ef8578d71e","a2b3a0c5-c7bf-4720-9db9-ccb3606c140a",NULL,"Spares",1,0,221700,"0.00",0,NULL,NULL,NULL,NULL,1,"2026-03-07 09:07:42.108539","2026-03-07 09:07:42.108539"
"7e62b143-010a-401b-b745-001537a51d68","f16ef1be-fed7-464c-b002-9d3864efb9af",NULL,"Lunch",1,0,25000,"0.00",0,NULL,NULL,NULL,NULL,1,"2026-03-07 09:08:12.041727","2026-03-07 09:08:12.041727"
"42f06c12-55c0-4bf7-97cb-2662acd07d72","f5d14fe3-4426-4598-93d4-517f6fbfdee7",NULL,"Diesel",1,0,720000,"0.00",0,NULL,NULL,NULL,NULL,1,"2026-03-07 09:08:33.030651","2026-03-07 09:08:33.030651"
"119a7159-4499-4195-8cd3-d6d67f66ecaf","c6c90451-4cd9-4cd6-a452-6f81abcedc5a",NULL,"Personal Protective Equipment ",1,0,60000,"0.00",0,NULL,NULL,NULL,NULL,1,"2026-03-07 09:11:42.490952","2026-03-07 09:11:42.490952"
"30c7539b-cd99-416e-a9df-a50f08b1871b","58b7f9dd-cf05-40ca-b88d-a000586d1969",NULL,"Petrol",1,0,50000,"0.00",0,NULL,NULL,NULL,NULL,1,"2026-03-07 09:12:27.608313","2026-03-07 09:12:27.608313"
"f62f8a57-5115-46ca-a644-61a271e28c72","54c6440c-4c50-4bb6-ba50-05a628342474",NULL,"Snacks",1,0,70000,"0.00",0,NULL,NULL,NULL,NULL,1,"2026-03-07 09:12:56.749261","2026-03-07 09:12:56.749261"
"40f7d8e2-cf36-4bbc-83bb-c77ae25d35e8","f6cd398a-09ad-483e-85ee-9b2380d8be93",NULL,"Diesel",1,0,300000,"0.00",0,NULL,NULL,NULL,NULL,1,"2026-03-07 09:15:09.908934","2026-03-07 09:15:09.908934"
"ff91baa6-e647-4dab-b5d7-e8b84fab4a5d","51bd8ae9-dbb4-4fba-b4c8-df952a421b39",NULL,"Diesel",1,0,330000,"0.00",0,NULL,NULL,NULL,NULL,1,"2026-03-07 09:15:29.226111","2026-03-07 09:15:29.226111"
"5df306ae-bc30-4cdd-ae89-f54883aeaebf","2d6fe11d-29a1-4fa0-82f3-ec55b11c68d8",NULL,"Diesel",1,0,330000,"0.00",0,NULL,NULL,NULL,NULL,1,"2026-03-07 09:15:51.876143","2026-03-07 09:15:51.876143"
"39d78e63-22ef-4f5b-af13-8969b0e2abc6","ce5182d9-7779-44eb-b94c-ebab898590a1",NULL,"Snacks",1,0,70000,"0.00",0,NULL,NULL,NULL,NULL,1,"2026-03-07 09:16:16.107185","2026-03-07 09:16:16.107185"
"3aa32862-87ce-41b8-a423-402c979e66a3","c7ca1f93-d203-42af-913f-ec28b3e38530",NULL,"Diesel",1,0,300000,"0.00",0,NULL,NULL,NULL,NULL,1,"2026-03-07 09:16:36.443368","2026-03-07 09:16:36.443368"
"9db8172c-4b3a-4d9c-9d5e-414cf4f24923","889ba0c4-03f5-4bf9-b492-6524ba42a469",NULL,"Diesel",1,0,800000,"0.00",0,NULL,NULL,NULL,NULL,1,"2026-03-07 09:17:07.147523","2026-03-07 09:17:07.147523"
"5289e9fd-9b3f-44d5-ab7a-4280f2ddb94a","38e83b0b-c1cd-4fcd-ba40-875d35c1ba4e",NULL,"Fast tag",1,0,200000,"0.00",0,NULL,NULL,NULL,NULL,1,"2026-03-07 09:17:30.216631","2026-03-07 09:17:30.216631"
"d80b2094-a14a-40be-891c-22aa66da18e6","b84c50d6-3e58-4291-8064-5742a25f7346",NULL,"maintenance",1,0,50000,"0.00",0,NULL,NULL,NULL,NULL,1,"2026-03-07 09:18:41.162486","2026-03-07 09:18:41.162486"
"eb43d9d6-5973-4e10-a189-7c5d24c60732","58561359-d29f-4cc9-82f1-adb9cddc6a39",NULL,"Lunch",1,0,20000,"0.00",0,NULL,NULL,NULL,NULL,1,"2026-03-07 09:24:01.107756","2026-03-07 09:24:01.107756"
"4df1d715-4b2e-4de7-8a45-70649cedf104","f72bce17-ebb7-4138-b0db-a0ae87fa89d4",NULL,"Diesel",1,0,100000,"0.00",0,NULL,NULL,NULL,NULL,1,"2026-03-07 09:57:05.370142","2026-03-07 09:57:05.370142"
"3027521e-632e-4c67-9b25-ebcde94270b5","c13b0109-8673-4ccb-b748-3b6965f404d3",NULL,"Snacks",1,0,70000,"0.00",0,NULL,NULL,NULL,NULL,1,"2026-03-07 09:57:36.04364","2026-03-07 09:57:36.04364"
"66dd062b-3feb-42f0-b78a-d4511572998a","3947fbe7-df98-4e75-8ee6-c4a9e06badca",NULL,"Travel",1,0,300000,"0.00",0,NULL,NULL,NULL,NULL,1,"2026-03-07 09:58:43.507806","2026-03-07 09:58:43.507806"
"5f2b5cf7-e8f8-46eb-9bef-f94b03c0815f","e79fbc00-5796-43ae-bb3a-aa743d15d2c5",NULL,"Petrol",1,0,30000,"0.00",0,NULL,NULL,NULL,NULL,1,"2026-03-07 09:59:41.166843","2026-03-07 09:59:41.166843"
"1e76f4a3-074d-409e-9c5e-2ba278b3417e","d6b3bf6a-2b10-4b5b-9681-512256552de2",NULL,"Dinner",1,0,53000,"0.00",0,NULL,NULL,NULL,NULL,1,"2026-03-07 10:01:34.330401","2026-03-07 10:01:34.330401"
"a86248e1-8469-42cc-9f70-6a742e99fc0d","8f17de63-5ab7-4f0e-94fd-77486498976a",NULL,"Spares",1,0,190000,"0.00",0,NULL,NULL,NULL,NULL,1,"2026-03-07 10:11:15.110093","2026-03-07 10:11:15.110093"
"f0ff2f4d-5f9e-4a65-be8d-9aa1c6ceeae3","f4982551-8654-4626-b828-2218079a487a",NULL,"Tiffin",1,0,16000,"0.00",0,NULL,NULL,NULL,NULL,1,"2026-03-07 10:12:16.042873","2026-03-07 10:12:16.042873"
"60aa6115-7bdb-416a-9a2b-02e757a5fb96","8887b766-9ed5-4ae0-b481-98482a0d752f",NULL,"Petrol",1,0,10000,"0.00",0,NULL,NULL,NULL,NULL,1,"2026-03-09 06:54:33.895998","2026-03-09 06:54:33.895998"
"12476dac-cc23-46ee-badf-6f07d646b182","88c06d2e-cc9d-4a25-a4f1-f74332487531",NULL,"Lunch",1,0,40000,"0.00",0,NULL,NULL,NULL,NULL,1,"2026-03-09 06:55:03.67816","2026-03-09 06:55:03.67816"
"246c30c2-933c-486e-83cf-139495c46624","e1348bda-f6c3-4d06-b71c-4457d725bba6",NULL,"Oil",1,0,31000,"0.00",0,NULL,NULL,NULL,NULL,1,"2026-03-09 06:55:57.275819","2026-03-09 06:55:57.275819"
"f9cccfa9-11d0-4955-b6dc-6df8c6de7252","299889ff-0cea-4ee8-8eac-765bc0846c4b",NULL,"Milk",1,0,108000,"0.00",0,NULL,NULL,NULL,NULL,1,"2026-03-09 06:56:21.28896","2026-03-09 06:56:21.28896"
"a4035fd9-e9f2-4397-84b9-8449e4dfc503","395417cb-e372-4b5a-b04a-4f39dc4767c6",NULL,"Dinner",1,0,20000,"0.00",0,NULL,NULL,NULL,NULL,1,"2026-03-09 06:57:19.290097","2026-03-09 06:57:19.290097"
"69e1917b-8c71-4183-8aee-fe87a7ded34b","5764a895-1bbe-4b70-836e-66de73f00183",NULL,"Lunch",1,0,35000,"0.00",0,NULL,NULL,NULL,NULL,1,"2026-03-09 06:59:48.293503","2026-03-09 06:59:48.293503"
"edc09516-c3f4-492c-bda5-3be76c60a00d","7441917d-ca24-405f-92f7-b88e9f2918ae",NULL,"Food",1,0,160000,"0.00",0,NULL,NULL,NULL,NULL,1,"2026-03-09 07:00:41.571474","2026-03-09 07:00:41.571474"
"810bcc39-0a9c-4382-a954-3100b6ba2be4","eb638e40-8868-4bb4-8b31-3b7675e689b4",NULL,"Daily wages",1,0,80000,"0.00",0,NULL,NULL,NULL,NULL,1,"2026-03-09 07:01:17.030337","2026-03-09 07:01:17.030337"
"9707c3a7-ea4c-435e-b3e0-f2751b458e44","417275d9-9987-47cd-b2ad-a403fa5c0695",NULL,"Food",1,0,99000,"0.00",0,NULL,NULL,NULL,NULL,1,"2026-03-09 07:03:22.117622","2026-03-09 07:03:22.117622"
"38538837-e9b4-40ae-bd14-2f48baa98d6a","d50a7b62-639c-4b86-9c2d-1ca4da6e9324",NULL,"Tea",1,0,47000,"0.00",0,NULL,NULL,NULL,NULL,1,"2026-03-09 07:04:01.029146","2026-03-09 07:04:01.029146"
"ecedcafc-f3ab-4769-9519-62f1c0e502eb","1cd97b8a-3bf6-430f-ae45-943a354bbb14",NULL,"Stationary",1,0,18000,"0.00",0,NULL,NULL,NULL,NULL,1,"2026-03-09 07:05:55.278087","2026-03-09 07:05:55.278087"
"93351f08-1cb5-4d23-8590-55aaecec96a5","eb939c08-6d86-4b58-80c2-d4ff4566b481",NULL,"Diesel",1,0,300000,"0.00",0,NULL,NULL,NULL,NULL,1,"2026-03-09 07:10:49.278154","2026-03-09 07:10:49.278154"
"4d87621b-f100-44fc-a86f-47741325afdd","3b5b0044-efd4-4493-a010-208506ee3783",NULL,"Vegetables",1,0,60000,"0.00",0,NULL,NULL,NULL,NULL,1,"2026-03-09 07:11:24.924308","2026-03-09 07:11:24.924308"
"e2ab52d3-c69a-4291-8bc9-920a829fc75f","fe696401-8d36-4167-9d3e-2bdc0a4e7b2d",NULL,"Food",1,0,65000,"0.00",0,NULL,NULL,NULL,NULL,1,"2026-03-09 07:14:52.189626","2026-03-09 07:14:52.189626"
"3059f4a8-945c-403d-8365-21a31a95738b","7b171927-aa21-4109-9a82-ec586980afbc",NULL,"Petrol",1,0,10000,"0.00",0,NULL,NULL,NULL,NULL,1,"2026-03-09 07:15:27.728401","2026-03-09 07:15:27.728401"
"ff361c22-da53-44bf-bff7-c05c84edc990","d43a86d9-f68d-4c04-b974-d487133eae76",NULL,"Consumable",1,0,125000,"0.00",0,NULL,NULL,NULL,NULL,1,"2026-03-09 07:16:13.108028","2026-03-09 07:16:13.108028"
"283a72c1-ca79-4f49-9d83-de1b93bf3239","df1f5801-6700-459c-a6df-c13c1e528322",NULL,"Diesel",1,0,300000,"0.00",0,NULL,NULL,NULL,NULL,1,"2026-03-09 07:17:11.331058","2026-03-09 07:17:11.331058"
"7260be79-5284-42ce-aa4b-4b1bc6cbcaaf","61a44431-3b3d-41f3-9a65-159d56e7079d",NULL,"Diesel",1,0,300000,"0.00",0,NULL,NULL,NULL,NULL,1,"2026-03-09 07:17:36.503067","2026-03-09 07:17:36.503067"
"76344bc6-6301-46bf-a1fa-d904808602d3","60068ff0-4639-40f8-8d80-ad0a6bb5c0f3",NULL,"Diesel",1,0,300000,"0.00",0,NULL,NULL,NULL,NULL,1,"2026-03-09 07:18:04.1524","2026-03-09 07:18:04.1524"
"613e8c13-a8bf-4a49-8b93-96099852786e","71acba15-a6d0-472d-9e65-e8ca098bba49",NULL,"BIS",1,0,1000000,"0.00",0,NULL,NULL,NULL,NULL,1,"2026-03-09 09:35:24.650728","2026-03-09 09:35:24.650728"
"f62da92a-de4f-4f5d-92d8-5f9901464aee","561f7fd2-13be-4d16-9a72-b09ae0bdcd14",NULL,"Luggage",1,0,280000,"0.00",0,NULL,NULL,NULL,NULL,1,"2026-03-11 05:56:02.683674","2026-03-11 05:56:02.683674"
"d57c4cc2-362a-4dc1-bd63-1d2435d01819","bcc98df9-b826-415c-8696-7dfd93fd052d",NULL,"Travel",1,0,76100,"0.00",0,NULL,NULL,NULL,NULL,1,"2026-03-11 06:03:54.310771","2026-03-11 06:03:54.310771"
"12440afc-b158-46e7-b529-2aae55c8acaa","b1d0b037-91a4-4cc2-b625-6bc677503987",NULL,"food",1,0,25000,"0.00",0,NULL,NULL,NULL,NULL,1,"2026-03-11 06:04:27.851786","2026-03-11 06:04:27.851786"
"6c8d9257-0fe0-4539-b649-87f83e864659","cfbc45ec-b1e7-44db-9aa4-0d2f2ae5fad7",NULL,"Travel",1,0,30000,"0.00",0,NULL,NULL,NULL,NULL,1,"2026-03-11 06:19:01.189893","2026-03-11 06:19:01.189893"
"3d8624ee-f2a2-42e9-8b92-1d1c3118d49d","b1054a59-e21e-442f-9f19-7344643f4c9b",NULL,"Travel",1,0,200000,"0.00",0,NULL,NULL,NULL,NULL,1,"2026-03-11 06:20:00.944524","2026-03-11 06:20:00.944524"
"751e25c4-c96d-47f8-8aec-462810b81018","b8d56ef6-8aab-4496-8d02-6649881e6bf0",NULL,"Snacks",1,0,70000,"0.00",0,NULL,NULL,NULL,NULL,1,"2026-03-11 06:20:24.404636","2026-03-11 06:20:24.404636"
"280e9d68-827d-465e-ac85-f5e751e9be32","99ec7d08-84ff-44e3-a812-aee7ee93a824",NULL,"grocery",1,0,61000,"0.00",0,NULL,NULL,NULL,NULL,1,"2026-03-11 06:21:25.568715","2026-03-11 06:21:25.568715"
"e2e0e8ac-7664-47d5-a47a-66e5a43a9a69","a18629c7-4811-4854-806b-71d2e4dd1759",NULL,"Rent",1,0,500000,"0.00",0,NULL,NULL,NULL,NULL,1,"2026-03-11 06:22:10.28846","2026-03-11 06:22:10.28846"
"1c707087-291c-4e2e-b0df-629202ae7bc0","2f618404-db60-4f72-b364-66c3a7e955c7",NULL,"Diesel",1,0,300000,"0.00",0,NULL,NULL,NULL,NULL,1,"2026-03-11 06:23:07.664344","2026-03-11 06:23:07.664344"
"3e8bcd60-8b42-4521-bf3b-a856ae3ef9db","242e99df-3f26-437f-aae3-a083e3fa1e92",NULL,"Snacks",1,0,35000,"0.00",0,NULL,NULL,NULL,NULL,1,"2026-03-11 06:23:31.987433","2026-03-11 06:23:31.987433"
"ef7974d1-e4d4-439a-872e-5396fa38656e","422e1989-8322-4366-9a7f-486826629ac3",NULL,"salary",1,0,1350000,"0.00",0,NULL,NULL,NULL,NULL,1,"2026-03-11 06:42:32.473375","2026-03-11 06:42:32.473375"
"308e842d-103d-49b1-add4-3a26057a5a09","740b617b-0756-4a50-b818-1813dc4575c2",NULL,"Expenses",1,0,50000,"0.00",0,NULL,NULL,NULL,NULL,1,"2026-03-11 06:50:54.561851","2026-03-11 06:50:54.561851"
"d1056302-dc9c-4ada-b72e-93a316f8cc6b","2a6f7884-7787-46df-ab4f-d3bfdc448d3a",NULL,"Snacks",1,0,70000,"0.00",0,NULL,NULL,NULL,NULL,1,"2026-03-11 06:51:24.731768","2026-03-11 06:51:24.731768"
"2e759a56-9930-478c-aac4-382821bea758","08dd0b13-57f2-4248-95d9-70bd3b74fac3",NULL,"Sugar",1,0,10000,"0.00",0,NULL,NULL,NULL,NULL,1,"2026-03-11 06:57:34.920246","2026-03-11 06:57:34.920246"
"13b79be5-5418-4d37-b594-1f5e1e99ac58","341de4aa-f528-4a44-a732-9979cb241d4f",NULL,"Diesel",1,0,300000,"0.00",0,NULL,NULL,NULL,NULL,1,"2026-03-11 06:58:51.508428","2026-03-11 06:58:51.508428"
"9393fc13-4e96-42b9-897d-df10f48a8df1","5a14309f-d529-4ba4-a2c8-0a6fc5f4aefd",NULL,"Dinner",1,0,123200,"0.00",0,NULL,NULL,NULL,NULL,1,"2026-03-11 07:07:21.752475","2026-03-11 07:07:21.752475"
"5c5d81f2-ce87-48cb-837f-4033c89e2560","dd14eeea-23fd-4523-8e9a-8a71b10bb84e",NULL,"Travel",1,0,50000,"0.00",0,NULL,NULL,NULL,NULL,1,"2026-03-11 07:08:08.150203","2026-03-11 07:08:08.150203"
"f67f13c8-8a88-4547-9ad1-c6a704cd682c","a22f423a-38fc-49b5-85c5-9402d3f36283",NULL,"Spares",1,0,1300000,"0.00",0,NULL,NULL,NULL,NULL,1,"2026-03-18 08:50:38.952925","2026-03-18 08:50:38.952925"
"85cbc2d0-5b7b-4715-85d8-69bded28c671","ded0f0d1-3495-42a7-b414-617460c153d1",NULL,"Diesel",1,0,1200000,"0.00",0,NULL,NULL,NULL,NULL,1,"2026-03-18 08:52:00.008533","2026-03-18 08:52:00.008533"
"fe963602-a392-4852-b9f0-93f2dfedf84d","f9ce8d68-54ef-44af-bce7-c444f5be9de9",NULL,"Fast tag",1,0,200000,"0.00",0,NULL,NULL,NULL,NULL,1,"2026-03-18 08:52:44.589726","2026-03-18 08:52:44.589726"
"edebdbd1-7aef-4167-b02b-130ee7e2b8fe","4ee336d2-ece3-4f73-a743-88b594710958",NULL,"Diesel",1,0,300000,"0.00",0,NULL,NULL,NULL,NULL,1,"2026-03-18 08:53:24.347656","2026-03-18 08:53:24.347656"
"9e1f0d40-5b71-4534-9a7c-a43ade22977a","cae1250b-7dfc-45ea-b289-50614665a417",NULL,"Milk",1,0,114000,"0.00",0,NULL,NULL,NULL,NULL,1,"2026-03-18 08:54:12.709261","2026-03-18 08:54:12.709261"
"fd0bfb90-8c5e-4fba-9fee-45c164b87ee4","20b2662d-a088-41b9-8899-e532a966df49",NULL,"Snacks",1,0,70000,"0.00",0,NULL,NULL,NULL,NULL,1,"2026-03-18 08:54:56.08822","2026-03-18 08:54:56.08822"
"a5bf784f-1665-4a5d-9c61-7f6d0f3d70ec","2337c49e-0b29-4a6b-b324-bf0d416605cd",NULL,"Stationary",1,0,60000,"0.00",0,NULL,NULL,NULL,NULL,1,"2026-03-18 08:57:32.187151","2026-03-18 08:57:32.187151"
"45735b39-dba4-48f4-9d37-d6e64fa5329a","e4dc1c6d-3454-4322-920a-1acffce071aa",NULL,"Consumable",1,0,30000,"0.00",0,NULL,NULL,NULL,NULL,1,"2026-03-18 08:58:27.128887","2026-03-18 08:58:27.128887"
"71488952-5004-4f89-8d5a-151617893f7e","4d3e55f2-853b-4c28-9b72-3be1451d0de2",NULL,"Lunch",1,0,140000,"0.00",0,NULL,NULL,NULL,NULL,1,"2026-03-18 09:00:26.568359","2026-03-18 09:00:26.568359"
"048053ae-10be-4172-aad3-b98712e4ea30","2697ba1a-440a-400c-816d-b23bf7298154",NULL,"Grossery",1,0,500000,"0.00",0,NULL,NULL,NULL,NULL,1,"2026-03-18 09:01:15.169903","2026-03-18 09:01:15.169903"
"06ef8bf2-fd2c-46f1-9ea1-fa92e9463daf","41d0a19b-4ded-4582-84c1-ddf19122c271",NULL,"Expences",1,0,700000,"0.00",0,NULL,NULL,NULL,NULL,1,"2026-03-18 09:04:42.364396","2026-03-18 09:04:42.364396"
"5789b718-abbb-4550-b000-755c90a14876","44090cf5-c7e7-4456-bcdb-0f2042dfc119",NULL,"Snacks",1,0,45000,"0.00",0,NULL,NULL,NULL,NULL,1,"2026-03-18 09:05:48.590337","2026-03-18 09:05:48.590337"
"fccc373c-5805-4c94-a441-1fd94a7c9e99","6738d7b3-45c4-4130-99f0-23d798f93652",NULL,"Spares",1,0,230000,"0.00",0,NULL,NULL,NULL,NULL,1,"2026-03-18 09:08:43.528182","2026-03-18 09:08:43.528182"
"08a34654-9775-4f5a-89ef-f7a3b4913b57","a8e1a127-22c0-4a8c-bc83-69a07b7f863a",NULL,"Lunch",1,0,150000,"0.00",0,NULL,NULL,NULL,NULL,1,"2026-03-18 09:10:00.853439","2026-03-18 09:10:00.853439"
"2ca59fc7-94f8-4b9d-baa7-6a998f3bdf91","32f9aedd-0f47-4a47-b05b-cea5ab557726",NULL,"Diesel",1,0,300000,"0.00",0,NULL,NULL,NULL,NULL,1,"2026-03-18 09:10:46.916059","2026-03-18 09:10:46.916059"
"43d8c335-0f46-40fb-9023-50250c7cff50","115f043f-fc3e-4b82-8263-730377bd2c42",NULL,"Diesel",1,0,300000,"0.00",0,NULL,NULL,NULL,NULL,1,"2026-03-18 09:11:26.778073","2026-03-18 09:11:26.778073"
"e8e025d9-5281-4a8b-8c58-a0b391ceece0","3f96ae57-44d2-40fc-a33a-b20656b0bce6",NULL,"Snacks",1,0,80000,"0.00",0,NULL,NULL,NULL,NULL,1,"2026-03-18 09:12:04.908264","2026-03-18 09:12:04.908264"
"837e67dc-ccdd-4ca9-a501-c30fc6053907","1c170489-2883-49a3-b80f-6483c7f7f73e",NULL,"Dinner",1,0,100000,"0.00",0,NULL,NULL,NULL,NULL,1,"2026-03-18 09:13:59.96819","2026-03-18 09:13:59.96819"
"0e156119-0dc3-48bb-b479-9ff29f125d16","c4f32e13-45f8-46b0-b4e7-67b997a683c7",NULL,"Vegetables",1,0,60000,"0.00",0,NULL,NULL,NULL,NULL,1,"2026-03-18 09:16:46.928777","2026-03-18 09:16:46.928777"
"a292591c-0c28-412a-982a-344bee2c6468","1118eefa-af02-4dc1-a5f6-44efd0459287",NULL,"Diesel",1,0,1080000,"0.00",0,NULL,NULL,NULL,NULL,1,"2026-03-18 09:17:52.488069","2026-03-18 09:17:52.488069"
"104a0c0f-61f4-4cb6-aa3e-82bf06ce12e2","404f1d3d-e481-43e8-8181-6853ba2d33ce",NULL,"Fast tag",1,0,200000,"0.00",0,NULL,NULL,NULL,NULL,1,"2026-03-18 09:18:15.476487","2026-03-18 09:18:15.476487"
"dca38ca1-d04b-4fdb-8566-f172e4e26acd","3108ac63-364a-41f3-b1c1-7725dfcb8f67",NULL,"Snacks",1,0,70000,"0.00",0,NULL,NULL,NULL,NULL,1,"2026-03-18 09:19:22.039797","2026-03-18 09:19:22.039797"
"4f44e509-1429-45be-b996-fa0cbbf7f5db","9dc2d0be-b959-4b9b-a3c7-d44ef2e37ddc",NULL,"Diesel",1,0,450000,"0.00",0,NULL,NULL,NULL,NULL,1,"2026-03-18 09:19:49.45941","2026-03-18 09:19:49.45941"
"a1745642-910d-4301-94b2-3626c0d77a1d","83d65678-63f6-4c97-a73c-77c31bdc58fa",NULL,"Diesel",1,0,300000,"0.00",0,NULL,NULL,NULL,NULL,1,"2026-03-18 09:21:23.748309","2026-03-18 09:21:23.748309"
"1e7f67e5-e7b4-456d-9a48-7c0acf746869","ed28d673-c0ff-429b-80d4-1522147dcccb",NULL,"Diesel",1,0,300000,"0.00",0,NULL,NULL,NULL,NULL,1,"2026-03-18 09:21:52.088843","2026-03-18 09:21:52.088843"
"059c2c54-f284-4af4-90c4-3c302ab8c51d","33e80b96-8d25-4510-8148-9de2d31a45f9",NULL,"Diesel",1,0,300000,"0.00",0,NULL,NULL,NULL,NULL,1,"2026-03-18 09:28:38.615951","2026-03-18 09:28:38.615951"
"0914bebd-b798-4073-97f5-074fbc5747bf","0ee70f96-040d-4273-a5f0-66770b9f2223",NULL,"Snacks",1,0,80000,"0.00",0,NULL,NULL,NULL,NULL,1,"2026-03-18 09:29:15.948827","2026-03-18 09:29:15.948827"
"f5414509-f50f-40cb-b443-c3b7fc8b4049","99468f5c-b8b1-437d-a361-663ac5a00f5a",NULL,"Diesel",1,0,1000000,"0.00",0,NULL,NULL,NULL,NULL,1,"2026-03-18 09:29:43.768983","2026-03-18 09:29:43.768983"
"48abad75-5551-4d8d-bff2-097cdb85a2b9","007df6ad-e2e3-4b34-a831-50369ab3ff21",NULL,"Fast tag",1,0,100000,"0.00",0,NULL,NULL,NULL,NULL,1,"2026-03-18 09:32:33.968639","2026-03-18 09:32:33.968639"
"4b1af562-829a-4c83-9bd5-54533a22a439","6a95fb6b-2d10-4828-83fd-6f7f18affab4",NULL,"Stationary",1,0,312000,"0.00",0,NULL,NULL,NULL,NULL,1,"2026-03-18 09:59:12.783179","2026-03-18 09:59:12.783179"
"ae060b95-ea7c-4527-9cae-da8e0ef8f414","ff68c599-b6b9-42ce-b5e0-f09f78e42135",NULL,"Food",1,0,685000,"0.00",0,NULL,NULL,NULL,NULL,1,"2026-03-18 10:01:57.242566","2026-03-18 10:01:57.242566"
"43361746-7148-4d0e-9763-31973ad0f706","66c2bd4e-31c3-412b-a98f-9db94ad93ded",NULL,"Tea",1,0,30000,"0.00",0,NULL,NULL,NULL,NULL,1,"2026-03-18 10:02:21.682113","2026-03-18 10:02:21.682113"
"1ba0937f-cdb9-492f-92c8-788b704efd8e","3fae3690-1605-4926-a980-7da79c632b39",NULL,"Diesel",1,0,950000,"0.00",0,NULL,NULL,NULL,NULL,1,"2026-03-18 10:02:50.630942","2026-03-18 10:02:50.630942"
"1c78e938-fed8-4d7e-b3aa-9211d861d78a","f368b842-0665-49a1-acdd-19c691440f73",NULL,"Diesel",1,0,300000,"0.00",0,NULL,NULL,NULL,NULL,1,"2026-03-18 10:04:05.742248","2026-03-18 10:04:05.742248"
"19a5cf3c-b584-4c69-9f0f-29cca730ac16","4255508b-0f3f-4c8e-87f3-b4389f5d24dd",NULL,"Diesel",1,0,300000,"0.00",0,NULL,NULL,NULL,NULL,1,"2026-03-18 10:04:38.021343","2026-03-18 10:04:38.021343"
"89fd21cf-5815-4204-bee1-9dad6cd0e1ef","d88ccac6-803f-4234-8782-4a930c532542",NULL,"first aid",1,0,80000,"0.00",0,NULL,NULL,NULL,NULL,1,"2026-03-18 10:06:37.561071","2026-03-18 10:06:37.561071"
"b3323e94-fbb7-4b89-a94a-5a2a037aee24","d10a86bb-89de-4db9-9462-b2b294ae6ad6",NULL,"Diesel",1,0,300000,"0.00",0,NULL,NULL,NULL,NULL,1,"2026-03-18 10:07:39.233667","2026-03-18 10:07:39.233667"
"dee3eb31-6b3f-4786-b13e-f538b3ae59f1","0df979df-6ed4-4d11-bd40-76407f5a6020",NULL,"Diesel",1,0,100000,"0.00",0,NULL,NULL,NULL,NULL,1,"2026-03-18 10:16:45.888245","2026-03-18 10:16:45.888245"
"bb603a18-d007-4329-8139-8c013759051c","d0ef243b-c131-4bc8-9279-4a4f5b256b8d",NULL,"Petrol",1,0,50000,"0.00",0,NULL,NULL,NULL,NULL,1,"2026-03-18 10:17:40.181128","2026-03-18 10:17:40.181128"
"0ebb9411-03ba-4da8-a6a2-5b4dbe3009ae","0834f593-c0df-41e2-ae14-5e6df3480a79",NULL,"Snacks",1,0,70000,"0.00",0,NULL,NULL,NULL,NULL,1,"2026-03-18 10:18:05.066393","2026-03-18 10:18:05.066393"
"bfc61c7d-72f2-48cc-a9d6-385519d82967","21192268-4811-4cd8-8ba4-d7a893d16904",NULL,"Salary",1,0,3600000,"0.00",0,NULL,NULL,NULL,NULL,1,"2026-03-18 10:20:06.22765","2026-03-18 10:20:06.22765"
"30a44d42-3930-4aba-b6aa-1c581d9df4a8","f12a168c-b2d2-4d78-bd4c-84e13afbf92f",NULL,"vegetables",1,0,50000,"0.00",0,NULL,NULL,NULL,NULL,1,"2026-03-18 10:24:08.241964","2026-03-18 10:24:08.241964"
"0a1240cc-fff3-4339-b565-e522587f0f1a","40a3297b-4e4a-4fd4-a416-169891584501",NULL,"Milk",1,0,126000,"0.00",0,NULL,NULL,NULL,NULL,1,"2026-03-18 10:24:38.992084","2026-03-18 10:24:38.992084"
"9cbabf9c-da38-490b-aa1a-8e121ddd4853","7758615d-f5ba-41cf-8459-000753c99767",NULL,"Snacks",1,0,70000,"0.00",0,NULL,NULL,NULL,NULL,1,"2026-03-18 10:25:02.883407","2026-03-18 10:25:02.883407"
"6c8ce66c-278a-46da-aa96-834703132b2b","03349bc9-879f-4fc8-b9a8-9bce271996d5",NULL,"Spares",1,0,85000,"0.00",0,NULL,NULL,NULL,NULL,1,"2026-03-18 10:35:56.843465","2026-03-18 10:35:56.843465"
"3c20126a-7c23-448c-986e-f1473bf524cf","58ba4365-3e9b-4684-8cc9-0a350e4d341e",NULL,"coffee",1,0,49000,"0.00",0,NULL,NULL,NULL,NULL,1,"2026-03-18 10:45:33.792432","2026-03-18 10:45:33.792432"
"64aee2dc-48f3-4b08-a112-8735f70c0016","143daa90-2f0e-4836-a17d-aa42fc774b62",NULL,"Diesel",1,0,1000000,"0.00",0,NULL,NULL,NULL,NULL,1,"2026-03-19 07:05:10.660185","2026-03-19 07:05:10.660185"
"1beaeaea-fa45-429b-bb14-f8b0081ae739","24b81e6d-8ce2-41c7-b419-402ce245f8d4",NULL,"Fast tag",1,0,100000,"0.00",0,NULL,NULL,NULL,NULL,1,"2026-03-19 07:05:39.305698","2026-03-19 07:05:39.305698"
"91fded22-a47b-4485-95a4-7d1dd9caa908","68af53de-dd0f-4714-840b-d7f9b164ebab",NULL,"Sugar",1,0,25000,"0.00",0,NULL,NULL,NULL,NULL,1,"2026-03-19 07:06:55.945076","2026-03-19 07:06:55.945076"
"5cdaf044-96e5-4ca2-b8cd-a57e0fdef97a","e29f6ffe-a5f5-47f8-a9a6-a5b62dc2c5fc",NULL,"Diesel",1,0,300000,"0.00",0,NULL,NULL,NULL,NULL,1,"2026-03-19 07:09:32.02685","2026-03-19 07:09:32.02685"
"6b69e4d8-0895-4693-bd2b-9d15fb399295","715fcd3b-c7e8-4066-9f08-d0e96e7f8d00",NULL,"Diesel",1,0,300000,"0.00",0,NULL,NULL,NULL,NULL,1,"2026-03-19 07:11:59.844775","2026-03-19 07:11:59.844775"
"5d24ec83-ff5f-4fda-8964-885066364375","20f1e3ba-2a90-4815-9aa9-94985708e38b",NULL,"Snacks",1,0,80000,"0.00",0,NULL,NULL,NULL,NULL,1,"2026-03-19 07:12:58.235898","2026-03-19 07:12:58.235898"
"fafbc464-708c-4443-b22a-092e95c4b765","d65d3caa-81f2-4d4b-8082-d4ce44ef1b39",NULL,"Diesel",1,0,300000,"0.00",0,NULL,NULL,NULL,NULL,1,"2026-03-19 07:27:01.792752","2026-03-19 07:27:01.792752"
"8e769c13-e356-4ba2-bf44-ac074aad8688","78d3c461-7036-4eae-9ca2-d59e9dd287e8",NULL,"Diesel",1,0,50000,"0.00",0,NULL,NULL,NULL,NULL,1,"2026-03-19 07:27:33.044966","2026-03-19 07:27:33.044966"
"7cfbd281-d804-409e-88ac-3f837278bc46","c58f7685-4a23-4ef6-8446-4ccbdd4aa7f8",NULL,"Diesel",1,0,300000,"0.00",0,NULL,NULL,NULL,NULL,1,"2026-03-19 07:28:05.325968","2026-03-19 07:28:05.325968"
"22d01ec7-6e96-4e44-b73c-83c09d708612","157759f5-8348-4d1f-9407-071c5351d1bc",NULL,"snacks",1,0,70000,"0.00",0,NULL,NULL,NULL,NULL,1,"2026-03-19 07:28:32.583297","2026-03-19 07:28:32.583297"
"621f4b0a-ca98-4147-9c2d-6fc98141d215","811648b8-f10e-4208-9c6a-f18557138564",NULL,"Tea",1,0,60000,"0.00",0,NULL,NULL,NULL,NULL,1,"2026-03-19 07:32:08.319861","2026-03-19 07:32:08.319861"
"2ca7cf94-9155-4256-915e-febfadaa4b51","03041820-b26c-404b-acd0-96c3f1d4da78",NULL,"Diesel",1,0,990000,"0.00",0,NULL,NULL,NULL,NULL,1,"2026-03-19 07:32:36.748634","2026-03-19 07:32:36.748634"
"46bd08a5-d232-4afc-b120-f88d1538ea8c","c28bf678-8fdc-456a-b085-d6a258457388",NULL,"Spares",1,0,65000,"0.00",0,NULL,NULL,NULL,NULL,1,"2026-03-19 09:37:43.906477","2026-03-19 09:37:43.906477"
"db6ec77e-a4d8-4417-a939-0d3f816edb72","231fab6a-25ea-4d0a-a830-c0744359674b",NULL,"Diesel",1,0,300000,"0.00",0,NULL,NULL,NULL,NULL,1,"2026-03-19 09:38:05.50363","2026-03-19 09:38:05.50363"
"0c15bb24-3191-4d25-804a-66eb4e17eba4","7bac8581-b37c-41b0-9257-497a7f8390c1",NULL,"Snacks",1,0,80000,"0.00",0,NULL,NULL,NULL,NULL,1,"2026-03-19 09:38:31.765466","2026-03-19 09:38:31.765466"
"6da9910f-7b3c-4ae5-a59d-7b76d2989f9f","7fe4763c-e6b1-4ee2-b2d4-5f951f4c40e6",NULL,"Consumable",1,0,18000,"0.00",0,NULL,NULL,NULL,NULL,1,"2026-03-19 09:39:01.803792","2026-03-19 09:39:01.803792"
"9766a83f-e7d4-4eea-8d45-545f3522be93","205872a9-bcd9-46cd-9751-beec3d3d2a8c",NULL,"Consumable",1,0,16000,"0.00",0,NULL,NULL,NULL,NULL,1,"2026-03-19 09:39:42.444921","2026-03-19 09:39:42.444921"
"9f7a0bfe-fe5d-4930-81ff-545578444293","5dc85acc-b201-42c7-951b-b3d2f911fb2f",NULL,"Travel",1,0,25000,"0.00",0,NULL,NULL,NULL,NULL,1,"2026-03-19 09:40:21.122904","2026-03-19 09:40:21.122904"
"09e686ec-fa95-4d08-9b28-f11297879d70","2a8212d2-1608-44fc-9448-2ef1233b2cf5",NULL,"maintenance",1,0,50000,"0.00",0,NULL,NULL,NULL,NULL,1,"2026-03-19 09:41:01.762914","2026-03-19 09:41:01.762914"
"9b2f27fe-e186-4bbf-9a44-d31e4bf9e587","7179dcd8-7662-47d0-9b7b-44a1682f46a7",NULL,"Bag",1,0,70000,"0.00",0,NULL,NULL,NULL,NULL,1,"2026-03-19 09:41:26.545096","2026-03-19 09:41:26.545096"
"a3db4a12-036b-47d8-b6a7-0d3bd4f13561","1984e00f-6235-47b4-bfac-47d3af03c2ef",NULL,"Diesel",1,0,480000,"0.00",0,NULL,NULL,NULL,NULL,1,"2026-03-19 09:43:45.922336","2026-03-19 09:43:45.922336"
"bc254dbf-1d6d-41df-93b9-49fb1f1b20a2","cbc1339e-50b8-4170-a919-ce96b9b80b06",NULL,"Snacks",1,0,70000,"0.00",0,NULL,NULL,NULL,NULL,1,"2026-03-19 09:44:06.964502","2026-03-19 09:44:06.964502"
"2e7e4e7d-643c-4d2f-8e1b-2c99f59bf030","d734004b-5b10-4fff-9178-5202d5e2c478",NULL,"Vegetables",1,0,70000,"0.00",0,NULL,NULL,NULL,NULL,1,"2026-03-19 09:43:06.942041","2026-03-20 10:11:58.605"
"71211e18-1083-4b1b-9694-70f054166ada","55d68c20-ef8d-4ed1-b901-7c5a4f4c49e4",NULL,"Spares",1,0,20000,"0.00",0,NULL,NULL,NULL,NULL,1,"2026-03-19 09:44:51.605489","2026-03-20 10:15:40.245"
"3f78c6cf-8dec-49fb-80d0-4966a6fafc6d","cfe9e9fc-828e-4777-a977-e6cfe6c2f1a5",NULL,"Spares",1,0,200000,"0.00",0,NULL,NULL,NULL,NULL,1,"2026-03-19 09:46:51.703486","2026-03-20 10:16:46.977"
"2bf24c47-3d07-4a33-9ae5-04f3e7ddbf53","8232875d-036a-435f-8b40-8bcfe738c68d",NULL,"Consumable",1,0,200000,"0.00",0,NULL,NULL,NULL,NULL,1,"2026-03-19 09:48:18.720121","2026-03-20 10:17:08.682"
"aeac4b2d-f209-4029-ad29-348b7ed99fac","3ddd81f0-fac4-40d7-9f0d-012084e5b4be",NULL,"Fixed Asset",1,0,200000,"0.00",0,NULL,NULL,NULL,NULL,1,"2026-03-19 09:50:07.485336","2026-03-20 10:17:48.057"
"c1cdabf6-05cd-4ef6-a2b5-7b26134b308b","c8afcfbe-0527-45d4-8b20-8d0c33116e9a",NULL,"Diesel",1,0,280000,"0.00",0,NULL,NULL,NULL,NULL,1,"2026-03-19 09:48:41.483375","2026-03-20 10:18:05.352"
"ce4b4705-cbca-49d1-acbe-9f7becdbd5c7","9abf0066-2d55-4f7b-a456-b4070f2b12fb",NULL,"Diesel",1,0,170000,"0.00",0,NULL,NULL,NULL,NULL,1,"2026-03-19 09:49:25.162837","2026-03-20 10:18:15.455"
"1a57a5ad-bbc7-4998-81e1-eaef4927440c","746d2e5c-f0db-4725-9c86-c0d68ffa1377",NULL,"Diesel",1,0,300000,"0.00",0,NULL,NULL,NULL,NULL,1,"2026-03-20 10:23:16.532183","2026-03-20 10:23:16.532183"
"dd72b27c-b751-4f47-bf53-e8591a7d6610","b2b2b506-aaf6-4e1d-9525-9b38d7e3a377",NULL,"Diesel",1,0,300000,"0.00",0,NULL,NULL,NULL,NULL,1,"2026-03-20 10:24:05.757741","2026-03-20 10:24:05.757741"
"9104a538-e5f5-4445-ac83-05c704359961","577c4352-f970-40f2-b8ce-778b4d322092",NULL,"Milk",1,0,108000,"0.00",0,NULL,NULL,NULL,NULL,1,"2026-03-20 10:25:09.683131","2026-03-20 10:25:09.683131"
"b5b9927c-1b53-442e-944d-edc1edd9eda8","054690e7-f0e3-46da-82f6-6ca7018c4a6f",NULL,"Salary",1,0,1399000,"0.00",0,NULL,NULL,NULL,NULL,1,"2026-03-20 10:25:48.192953","2026-03-20 10:25:48.192953"
"3ab6bf3e-4770-4690-9c36-067eeca64149","7eea1c56-350c-4e72-bc4b-dc0a3c467084",NULL,"Snacks",1,0,70000,"0.00",0,NULL,NULL,NULL,NULL,1,"2026-03-20 10:26:18.854554","2026-03-20 10:26:18.854554"
"f068f6bb-4979-45af-9a53-aab97a98606d","355d93b4-4142-4913-a18d-f4b1b2c424a5",NULL,"Grosaryes",1,0,100000,"0.00",0,NULL,NULL,NULL,NULL,1,"2026-03-20 10:27:37.452988","2026-03-20 10:27:37.452988"
"efa51149-0b5a-415c-803b-6d69b4a223d6","7ac07b87-29ec-4f27-8807-f4ba8e08c20f",NULL,"Diesel",1,0,480000,"0.00",0,NULL,NULL,NULL,NULL,1,"2026-03-20 10:28:46.68025","2026-03-20 10:28:46.68025"
"619b57d0-d529-4dca-8196-e0d58660ed5b","05d62e3c-51a4-497f-84dc-f13fc048f128",NULL,"Snacks",1,0,70000,"0.00",0,NULL,NULL,NULL,NULL,1,"2026-03-20 10:29:11.672934","2026-03-20 10:29:11.672934"
"d51de556-7361-43a2-bab0-42906b362b40","5630de8b-67cb-4442-bddd-f2f65c94ddfb",NULL,"Spares",1,0,75000,"0.00",0,NULL,NULL,NULL,NULL,1,"2026-03-20 10:29:39.092636","2026-03-20 10:29:39.092636"
"5565a1c9-3c1c-4d2f-a408-a0a4ab2869d9","57e323d2-cb7d-4e76-bf01-da3cabbf649e",NULL,"Consumable",1,0,225000,"0.00",0,NULL,NULL,NULL,NULL,1,"2026-03-20 10:30:12.633195","2026-03-20 10:30:12.633195"
"73f09c79-71e2-4ae8-8786-b8362cbfd6e9","543d128d-2bd5-4876-a54f-7dd7938bff3f",NULL,"Spares",1,0,314000,"0.00",0,NULL,NULL,NULL,NULL,1,"2026-03-20 10:30:52.293127","2026-03-20 10:30:52.293127"
"fca2abf7-4755-4fd7-888f-adb9a50fe1ea","a1993fb5-b979-4ce3-a5a6-a2f49ac97236",NULL,"Diesel",1,0,300000,"0.00",0,NULL,NULL,NULL,NULL,1,"2026-03-20 10:31:15.034325","2026-03-20 10:31:15.034325"
"59cd4acb-dd5e-47f6-9a55-94bba9af3982","7233fd7d-e84a-4699-8f6c-7dcd48c9fa0d",NULL,"Diesel",1,0,300000,"0.00",0,NULL,NULL,NULL,NULL,1,"2026-03-20 10:31:35.053966","2026-03-20 10:31:35.053966"
"d9281487-25a3-43b4-a7a6-c34e78e16172","1a600631-d28f-4ba4-9cbd-c010eadad9ef",NULL,"Fixed Asset ",1,0,860000,"0.00",0,NULL,NULL,NULL,NULL,1,"2026-03-20 10:32:18.76349","2026-03-20 10:32:18.76349"
"3e2813b8-cc50-4ddd-953b-a4fc61eea1c7","68b6d369-6be2-4f82-9c97-01d827e7f093",NULL,"Travel",1,0,25000,"0.00",0,NULL,NULL,NULL,NULL,1,"2026-03-20 10:33:22.417693","2026-03-20 10:33:22.417693"
"944b8161-ab6b-4eae-b877-9af8b8b102c5","8e0f6e23-3050-4036-97e0-ec5854e7616e",NULL,"Snacks",1,0,80000,"0.00",0,NULL,NULL,NULL,NULL,1,"2026-03-20 10:34:09.472631","2026-03-20 10:34:09.472631"
"28ae2a78-990a-42b4-bc3f-4b5435cbf7fc","5358cfe7-df0f-4743-9076-a05cd0377123",NULL,"Diesel",1,0,1000000,"0.00",0,NULL,NULL,NULL,NULL,1,"2026-03-20 10:34:30.683311","2026-03-20 10:34:30.683311"
"0a870e26-4295-4032-90f5-56a9c4d1071a","bae46d0e-c25b-403c-a94d-44d18105229a",NULL,"Fast tag",1,0,200000,"0.00",0,NULL,NULL,NULL,NULL,1,"2026-03-20 10:34:57.378341","2026-03-20 10:34:57.378341"
"e2723354-becf-4543-9080-5d429139425f","e4f78f78-deca-49b5-ae40-f50d1b215437",NULL,"Diesel",1,0,900000,"0.00",0,NULL,NULL,NULL,NULL,1,"2026-03-20 10:36:33.97152","2026-03-20 10:36:33.97152"
"4a35d558-e6cd-41ba-b99d-58954570785d","788abf15-c2a5-47c2-ab79-4577863c7d4b",NULL,"Diesel",1,0,300000,"0.00",0,NULL,NULL,NULL,NULL,1,"2026-03-20 10:37:11.670567","2026-03-20 10:37:11.670567"
"a0625caf-a200-4a88-9d00-04ef1772516f","99396111-d1da-4820-b8ed-9f29bfd518c6",NULL,"Diesel",1,0,300000,"0.00",0,NULL,NULL,NULL,NULL,1,"2026-03-20 10:37:45.249275","2026-03-20 10:37:45.249275"
"ead31aeb-75b2-44a0-9822-8547b22e685f","ed29f663-f162-4f5c-9ff6-56fd85ed92d2",NULL,"Diesel",1,0,300000,"0.00",0,NULL,NULL,NULL,NULL,1,"2026-03-20 10:38:08.902875","2026-03-20 10:38:08.902875"
"618807b2-c3f8-4994-a24c-3a9b9c34be3e","ec62a7d2-21ad-48a5-b9f1-1a5fca133523",NULL,"Snacks",1,0,70000,"0.00",0,NULL,NULL,NULL,NULL,1,"2026-03-20 10:39:08.217731","2026-03-20 10:39:08.217731"
"93ef5266-f60f-49e7-a78c-1d34d76a20c6","dcf5817d-077d-44e3-a89d-8fea9c8cd777",NULL,"Diesel",1,0,970000,"0.00",0,NULL,NULL,NULL,NULL,1,"2026-03-20 10:40:23.961631","2026-03-20 10:40:23.961631"
"683cd152-2813-4c28-a598-d2e30422a134","93d16c0f-d9a9-4ed9-a600-92de711e7511",NULL,"Fast tag",1,0,100000,"0.00",0,NULL,NULL,NULL,NULL,1,"2026-03-20 10:41:25.122516","2026-03-20 10:41:25.122516"
"c1753ec5-2881-41d1-85c4-fa898e940833","22a9d798-b3f4-4a06-a456-ed4ffbe44e8b",NULL,"maintenance",1,0,778500,"0.00",0,NULL,NULL,NULL,NULL,1,"2026-03-20 10:42:46.240379","2026-03-20 10:42:46.240379"
"e01ff17b-f622-4994-a603-10793924325b","41c90391-b09a-4006-b22c-a445fa6d72e9",NULL,"Consumable",1,0,106000,"0.00",0,NULL,NULL,NULL,NULL,1,"2026-03-20 10:43:16.974022","2026-03-20 10:43:16.974022"
"8035d767-a5ee-4b37-807b-6fa5b83f65a0","2ca93429-ea7e-4657-8d10-db4853f8dc0e",NULL,"Daily wage",1,0,90000,"0.00",0,NULL,NULL,NULL,NULL,1,"2026-03-20 10:43:52.193257","2026-03-20 10:43:52.193257"
"5b0442ef-183b-492c-8b4b-717162fb85d5","d727d003-93e6-46dc-b8e7-4a30b3e8a8e7",NULL,"Rent",1,0,700000,"0.00",0,NULL,NULL,NULL,NULL,1,"2026-03-20 10:44:17.889437","2026-03-20 10:44:17.889437"
"19de21b8-ff79-4f45-999d-64384671b99d","8730583c-c479-42a1-8f3f-5f9cd82f6751",NULL,"Salary",1,0,1399000,"0.00",0,NULL,NULL,NULL,NULL,1,"2026-03-20 10:44:50.572673","2026-03-20 10:44:50.572673"
"ecf03815-8a4b-4324-8d9a-e390ebe55998","bf664ebc-a49c-4df0-b902-c611a371ae24",NULL,"Salary",1,0,200000,"0.00",0,NULL,NULL,NULL,NULL,1,"2026-03-20 10:45:54.650597","2026-03-20 10:45:54.650597"
"66bd8d7d-2a73-49a8-9a73-a713839fd45b","637fbcb0-1d98-4982-a1a5-2097d2709cfa",NULL,"Diesel",1,0,300000,"0.00",0,NULL,NULL,NULL,NULL,1,"2026-03-20 10:46:24.513851","2026-03-20 10:46:24.513851"
"6ae11863-a412-407a-9529-1ae5a0a5c973","0234eebc-f610-49ae-84b6-1da49bb7af6a",NULL,"Diesel",1,0,300000,"0.00",0,NULL,NULL,NULL,NULL,1,"2026-03-20 10:47:49.770793","2026-03-20 10:47:49.770793"
"cb3c4326-1d6b-47fb-b382-acdc4b99742a","34324f3d-1797-4c1e-af80-6fcb87bef7b7",NULL,"Diesel",1,0,300000,"0.00",0,NULL,NULL,NULL,NULL,1,"2026-03-20 10:54:10.402063","2026-03-20 10:54:10.402063"
"7b10c9f3-2417-4825-a6d3-fb67acc67d72","2c84645b-f3c8-4ba9-ae6d-d102295d76ae",NULL,"Diesel",1,0,300000,"0.00",0,NULL,NULL,NULL,NULL,1,"2026-03-20 10:55:02.797284","2026-03-20 10:55:02.797284"
"8d6ca451-07e0-465d-9adc-9f7d5e3fe750","4b0196e3-1ddf-491d-b9ea-9924ca318764",NULL,"maintenance",1,0,120000,"0.00",0,NULL,NULL,NULL,NULL,1,"2026-03-20 10:55:46.242829","2026-03-20 10:55:46.242829"
"31f84a2d-e82b-4e15-82a1-29cc7e08f874","c2fccf70-8284-4af7-86c5-d1ddd2e0cb80",NULL,"Milk",1,0,108000,"0.00",0,NULL,NULL,NULL,NULL,1,"2026-03-20 10:56:11.912353","2026-03-20 10:56:11.912353"
"97d3d9fe-a9b4-4d0a-b305-29e6591f37e7","7c5aac4c-9e5b-4815-b391-14a4b47d8f72",NULL,"Spares",1,0,27500,"0.00",0,NULL,NULL,NULL,NULL,1,"2026-03-20 10:57:37.746841","2026-03-20 10:57:37.746841"
"9b44a10d-268a-4806-a88f-cd97d34135d5","325e73db-9d60-4eac-88a8-b01142878c85",NULL,"maintenance",1,0,250000,"0.00",0,NULL,NULL,NULL,NULL,1,"2026-03-20 10:58:05.856669","2026-03-20 10:58:05.856669"
"a7cf5398-5358-4360-bc3b-fcfa45405586","54426413-797d-4626-9769-570d59dd1dfb",NULL,"Snacks",1,0,80000,"0.00",0,NULL,NULL,NULL,NULL,1,"2026-03-20 10:59:34.431519","2026-03-20 10:59:34.431519"
"22b4a57e-694f-4343-a3c5-50d90b0defd3","44a07633-7f94-4a4e-afd5-c741db3312ab",NULL,"maintenance",1,0,450000,"0.00",0,NULL,NULL,NULL,NULL,1,"2026-03-20 11:00:22.861908","2026-03-20 11:00:22.861908"
"3d002270-0423-4d5a-b1dd-a3a17da4e6b9","41603c09-dc05-40c2-9363-d4077bba3b28",NULL,"Petrol",1,0,50000,"0.00",0,NULL,NULL,NULL,NULL,1,"2026-03-20 11:01:37.214421","2026-03-20 11:01:37.214421"
"bd24bd38-a87b-4f08-8354-ad82e5290169","64f85349-8958-4d6f-9b8d-145f02937625",NULL,"Vegetables",1,0,50000,"0.00",0,NULL,NULL,NULL,NULL,1,"2026-03-20 11:01:59.515129","2026-03-20 11:01:59.515129"
"ebf8cec5-2cc0-4fab-827a-f30dac46753d","e18b6bb1-e0b4-456c-b556-c2c56752a977",NULL,"Diesel",1,0,300000,"0.00",0,NULL,NULL,NULL,NULL,1,"2026-03-20 11:09:14.327792","2026-03-20 11:09:14.327792"
"70e31c02-7d1a-4710-8fc0-16f1d60b298c","fb10257d-ce6c-4cf9-87f1-8732b395c994",NULL,"Deposite",1,0,4000000,"0.00",0,NULL,NULL,NULL,NULL,1,"2026-03-20 11:10:04.818044","2026-03-20 11:10:04.818044"
"1f94af40-b2d7-444b-a364-a0e67bf3769e","281aefac-187a-4819-9ea3-c8748fcf9244",NULL,"Bill",1,0,88400,"0.00",0,NULL,NULL,NULL,NULL,1,"2026-03-20 11:10:41.080857","2026-03-20 11:10:41.080857"
"21ac591c-cbc6-4bc3-abcd-d0a371093edf","df957e1d-93d8-498c-b52a-cbfd0b1094fb",NULL,"Spares",1,0,1963600,"0.00",0,NULL,NULL,NULL,NULL,1,"2026-03-20 11:12:17.459056","2026-03-20 11:12:17.459056"
"e95e9298-6fa0-45c9-a673-4b1db3bf614b","67c8e140-7729-4d21-a180-63f7bb6cf261",NULL,"Salary",1,0,1800000,"0.00",0,NULL,NULL,NULL,NULL,1,"2026-03-20 11:12:54.532105","2026-03-20 11:12:54.532105"
"a1a2cf70-4893-47aa-9bfe-10d9b0e7773a","9e287e44-3c65-47fe-ad3c-b2901d2fde07",NULL,"Diesel",1,0,300000,"0.00",0,NULL,NULL,NULL,NULL,1,"2026-03-20 11:14:50.873431","2026-03-20 11:14:50.873431"
"1c727c79-cb99-435b-9186-7b6a4e746d6e","f9252fee-1d37-4ed7-a3fe-7e7fd3278576",NULL,"Diesel",1,0,300000,"0.00",0,NULL,NULL,NULL,NULL,1,"2026-03-20 11:15:56.008621","2026-03-20 11:15:56.008621"
"ad4f09c8-73f7-4182-b8c8-9ebc0c5d6b75","ca839927-b15c-4644-a46b-36c12c16e757",NULL,"Diesel",1,0,300000,"0.00",0,NULL,NULL,NULL,NULL,1,"2026-03-20 11:16:24.138878","2026-03-20 11:16:24.138878"
"252da58e-e265-4488-8bb4-1df5bfe8d326","a7550c59-a613-4241-8d3d-199529daafce",NULL,"Diesel",1,0,300000,"0.00",0,NULL,NULL,NULL,NULL,1,"2026-03-20 11:16:52.987496","2026-03-20 11:16:52.987496"
"7d3d3d9a-1285-41a5-a1e6-c8dbeb7c31f9","0184c51d-0624-4240-9275-9ecf4acbe162",NULL,"Snacks",1,0,83000,"0.00",0,NULL,NULL,NULL,NULL,1,"2026-03-20 11:17:13.133357","2026-03-20 11:17:13.133357"
"991a1a8d-4ac9-4bc1-b2b0-ad5a861553b2","19abeecc-4ed2-4609-8db3-cf9a40fed32d",NULL,"Spares",1,0,10000,"0.00",0,NULL,NULL,NULL,NULL,1,"2026-03-20 11:17:47.764498","2026-03-20 11:17:47.764498"
"99e8c35c-24e1-4bd4-aac8-5599e5ce4131","8714e69d-5879-4836-8204-1f677e766c33",NULL,"Vegetables",1,0,50000,"0.00",0,NULL,NULL,NULL,NULL,1,"2026-03-20 11:20:53.832842","2026-03-20 11:20:53.832842"
"fcc5f16e-5b72-497c-814e-cc123e9b67c2","44b0a6dd-d586-4155-b00b-48c38e85f120",NULL,"Salary",1,0,3600000,"0.00",0,NULL,NULL,NULL,NULL,1,"2026-03-20 11:21:17.157524","2026-03-20 11:21:17.157524"
"3cac714a-24ec-4ec6-9e54-969a37d86f2e","0be8af32-4c9c-4edf-ac96-16b26a0d0a45",NULL,"Promotion",1,0,400000,"0.00",0,NULL,NULL,NULL,NULL,1,"2026-03-20 11:21:48.493781","2026-03-20 11:21:48.493781"
"8cae3c2c-424f-48e8-872c-4669c6ff5e0a","82cad968-33ad-4f8b-b2e7-36b8c595b872",NULL,"snacks",1,0,80000,"0.00",0,NULL,NULL,NULL,NULL,1,"2026-03-20 11:22:24.347014","2026-03-20 11:22:24.347014"
"f6e5989d-2f22-4173-890a-6f3633c7cc87","7685a33f-4e43-4360-bffa-5d1b4cffd31a",NULL,"Diesel",1,0,400000,"0.00",0,NULL,NULL,NULL,NULL,1,"2026-03-20 11:25:22.572638","2026-03-20 11:25:22.572638"
"98e4e7bc-13b9-4dac-90b6-2c29c2339903","dec21f5c-9c29-4e86-a293-0c86561136c0",NULL,"Daily wages",1,0,300000,"0.00",0,NULL,NULL,NULL,NULL,1,"2026-03-20 11:25:51.99453","2026-03-20 11:25:51.99453"
"ed978bf6-af9c-49f4-bebb-ae8552937c3d","fde65e7d-9b25-4d24-a53e-6cd26a04c9bd",NULL,"Beta",1,0,20000,"0.00",0,NULL,NULL,NULL,NULL,1,"2026-03-20 11:26:11.486301","2026-03-20 11:26:11.486301"
"4c723171-c827-4f1c-a73d-5b674b7c023b","b67255f6-cbb2-4b25-8591-7a46bc03fad9",NULL,"Food",1,0,15000,"0.00",0,NULL,NULL,NULL,NULL,1,"2026-03-20 11:26:33.330564","2026-03-20 11:26:33.330564"
"c378c853-4083-44e5-9782-c07172434b3f","6c3d6e87-bcd4-482b-8749-fae739586827",NULL,"Spares",1,0,250000,"0.00",0,NULL,NULL,NULL,NULL,1,"2026-03-20 11:27:03.492513","2026-03-20 11:27:03.492513"
"1a71c3c2-e099-476d-a1fb-4fa3ea8ccca9","e2478c8b-280b-441b-8cf9-45ee8f889ec5",NULL,"Rice",1,0,50000,"0.00",0,NULL,NULL,NULL,NULL,1,"2026-03-20 11:27:34.977826","2026-03-20 11:27:34.977826"
"74a05943-9c17-42bd-ba11-03f0e7db0a92","82689c39-b8ec-403c-8bad-0c7c555dc177",NULL,"Grosarys",1,0,700000,"0.00",0,NULL,NULL,NULL,NULL,1,"2026-03-20 11:27:58.734076","2026-03-20 11:27:58.734076"
"8f31f970-b7fd-4521-afd6-3414a8a6236f","b59e3a8b-07d3-454b-8ac1-41b19df165f2",NULL,"Raw materials",1,0,5000000,"0.00",0,NULL,NULL,NULL,NULL,1,"2026-03-20 11:29:23.207198","2026-03-20 11:29:23.207198"
"2c79c8ce-03d5-4cac-9176-dfe1072a2cb9","888b832d-c075-4a5e-b884-a9d9d8065ed4",NULL,"Diesel",1,0,300000,"0.00",0,NULL,NULL,NULL,NULL,1,"2026-03-20 11:29:58.791933","2026-03-20 11:29:58.791933"
"1c5b98bc-9c92-4d25-82d1-a9215b7ed022","9ae18667-f60f-4346-9281-095491682b0e",NULL,"Diesel",1,0,300000,"0.00",0,NULL,NULL,NULL,NULL,1,"2026-03-20 11:30:22.846367","2026-03-20 11:30:22.846367"
"6ace8303-5edb-42e1-9910-e25ef61e7176","18a244d8-409f-4049-bc40-45059c4e6e46",NULL,"Diesel",1,0,300000,"0.00",0,NULL,NULL,NULL,NULL,1,"2026-03-20 11:30:53.797938","2026-03-20 11:30:53.797938"
"2756bbee-a20d-42e2-a23b-7492201cc33d","89c75047-29c7-4ff0-a84b-2ee6a2aa6b62",NULL,"Diesel",1,0,300000,"0.00",0,NULL,NULL,NULL,NULL,1,"2026-03-20 11:36:28.935516","2026-03-20 11:36:28.935516"
"3914d0ed-92a0-4092-b512-78b25eefafde","0947e4e4-e3f4-437c-adbc-76d1f4ebfd1e",NULL,"Beta",1,0,20000,"0.00",0,NULL,NULL,NULL,NULL,1,"2026-03-20 11:37:20.172779","2026-03-20 11:37:20.172779"
"90a46f4e-9a00-46a6-9e57-b6d8b10c157a","af4c628d-3651-4259-aab3-429091f6ef6a",NULL,"Comission",1,0,20000,"0.00",0,NULL,NULL,NULL,NULL,1,"2026-03-20 11:37:50.613115","2026-03-20 11:37:50.613115"
"51436884-aa94-4ddf-9f20-59524ac8157e","aab983cd-1216-4fe2-a1e0-62f1dffc6d00",NULL,"Dinner",1,0,50000,"0.00",0,NULL,NULL,NULL,NULL,1,"2026-03-20 11:40:12.503758","2026-03-20 11:40:12.503758"
"8dea3b47-cd3b-49d4-a9aa-8774d538952d","99b20e2b-a58d-4efa-82f7-2fdaca59cb66",NULL,"Toll gate",1,0,30000,"0.00",0,NULL,NULL,NULL,NULL,1,"2026-03-20 11:40:46.875154","2026-03-20 11:40:46.875154"
"ae839bd6-f244-4fc4-8da3-18545ae06394","511ba239-bc08-4d8b-bba3-990459e6e4c1",NULL,"Bed",1,0,360000,"0.00",0,NULL,NULL,NULL,NULL,1,"2026-03-20 11:42:46.713466","2026-03-20 11:42:46.713466"
"72c180e8-47f6-43ee-a788-69f74b9d82b0","12fe8ba4-0cbe-4817-9070-9ea7da36ebf5",NULL,"Diesel",1,0,50000,"0.00",0,NULL,NULL,NULL,NULL,1,"2026-03-20 11:43:11.013296","2026-03-20 11:43:11.013296"
"9b6c5c07-9b46-4512-8c75-798ba56542fe","182f97fe-cb48-40a8-ba79-29e974e78fa3",NULL,"Snacks",1,0,70000,"0.00",0,NULL,NULL,NULL,NULL,1,"2026-03-20 11:43:33.992382","2026-03-20 11:43:33.992382"
"021f359e-a8e4-4530-91d7-0a701df30be6","2fccd9e6-1f41-4252-ac8b-ed4385859a1a",NULL,"Sugar",1,0,25000,"0.00",0,NULL,NULL,NULL,NULL,1,"2026-03-20 11:44:27.912524","2026-03-20 11:44:27.912524"
"e27f1e50-f24e-41e8-acbe-63c5a6b13104","2680b4a0-23d1-4242-b5b2-15213dcbe1e0",NULL,"Diesel",1,0,300000,"0.00",0,NULL,NULL,NULL,NULL,1,"2026-03-20 11:44:51.492656","2026-03-20 11:44:51.492656"
"353c25c6-d626-4cf8-80d6-bd48d31ef627","3279600c-e75c-45f1-a90b-d6d423deba91",NULL,"Coffee",1,0,20000,"0.00",0,NULL,NULL,NULL,NULL,1,"2026-03-20 11:47:40.651493","2026-03-20 11:47:40.651493"
"0df44972-c0e7-4175-ac48-d09a23aff257","5de3be1e-6e21-488f-95a8-bdec708dce6c",NULL,"Beta",1,0,20000,"0.00",0,NULL,NULL,NULL,NULL,1,"2026-03-20 11:48:50.888039","2026-03-20 11:48:50.888039"
"510a3441-46be-47d8-888c-7ffb774a0b7a","e962111b-e007-4c16-9b47-7c5ebd61d4e1",NULL,"Commision",1,0,10000,"0.00",0,NULL,NULL,NULL,NULL,1,"2026-03-20 11:49:14.834374","2026-03-20 11:49:14.834374"
"7a2875bf-a5b0-4b08-8b6b-65b29316c774","d3164405-7c72-407d-92f3-50ec3e9d967d",NULL,"Milk",1,0,144000,"0.00",0,NULL,NULL,NULL,NULL,1,"2026-03-20 11:49:43.517524","2026-03-20 11:49:43.517524"
"7cffa34e-2d0b-42f8-bd2c-00866741f9a2","b2bdd7cc-970c-41c5-98cb-bb32bb97705b",NULL,"maintenance",1,0,47000,"0.00",0,NULL,NULL,NULL,NULL,1,"2026-03-20 11:50:22.034879","2026-03-20 11:50:22.034879"
"059eb3a8-cfbf-4444-81f9-34752ca3e6af","655fca0f-94b9-4e07-b873-0592a9378808",NULL,"Salary",1,0,900000,"0.00",0,NULL,NULL,NULL,NULL,1,"2026-03-20 12:13:44.906985","2026-03-20 12:13:44.906985"
"aaa27043-e3e6-4f7a-8f10-a87d7158bde4","1c851c4a-6f90-418d-81e9-6467e9f72f75",NULL,"Expences",1,0,300000,"0.00",0,NULL,NULL,NULL,NULL,1,"2026-03-20 12:14:19.192727","2026-03-20 12:14:19.192727"
"4ae2351d-da40-4870-aa7c-8a249d422049","df88ac85-1478-44a3-83b2-fb00b0e9b57c",NULL,"Diesel",1,0,300000,"0.00",0,NULL,NULL,NULL,NULL,1,"2026-03-20 12:15:19.103251","2026-03-20 12:15:19.103251"
"82f5008d-c2a8-4142-83b6-11d45178855b","746b899a-0afa-47c3-b186-385afe809eef",NULL,"Diesel",1,0,300000,"0.00",0,NULL,NULL,NULL,NULL,1,"2026-03-20 12:15:51.293044","2026-03-20 12:15:51.293044"
"b243c338-ef6d-496b-84ed-ba8a4f0f68e0","ebc714fc-f2bd-436a-8235-618207e89cde",NULL,"Diesel",1,0,1100000,"0.00",0,NULL,NULL,NULL,NULL,1,"2026-03-20 12:16:22.514902","2026-03-20 12:16:22.514902"
"8310130a-e40f-4641-b643-bd9dc7575584","e52f51e5-97b0-4c4d-b93b-918f44443040",NULL,"vegetables",1,0,70000,"0.00",0,NULL,NULL,NULL,NULL,1,"2026-03-20 12:17:56.21219","2026-03-20 12:17:56.21219"
"b92d353f-c3c4-4059-899d-af7d5a6e96ea","d56724b6-940e-4712-b186-14fc5340d68f",NULL,"Diesel",1,0,300000,"0.00",0,NULL,NULL,NULL,NULL,1,"2026-03-20 12:18:20.439585","2026-03-20 12:18:20.439585"
"9ff3e031-5339-4391-b95f-1eceacee3185","8d3a67c7-3653-4218-bc9c-bd7f4b6f4980",NULL,"Stationary",1,0,8000,"0.00",0,NULL,NULL,NULL,NULL,1,"2026-03-20 12:18:43.511094","2026-03-20 12:18:43.511094"
"29b68615-e458-48a5-ab9e-96a14eb029bd","14369a17-861a-4cfe-9d81-fce0ad6b286c",NULL,"Salary",1,0,150000,"0.00",0,NULL,NULL,NULL,NULL,1,"2026-03-20 12:21:30.85925","2026-03-20 12:21:30.85925"
"1d94552f-8c6f-4d6c-ba38-8aaf48ce606a","da4a46f0-4541-492a-a232-b165fc9a1a77",NULL,"Diesel",1,0,870000,"0.00",0,NULL,NULL,NULL,NULL,1,"2026-03-20 12:22:11.932629","2026-03-20 12:22:11.932629"
"6027a7fb-d26c-4db4-9e43-e617b2daca0f","010d43e3-1cac-4d2c-9167-5aac7870f7f2",NULL,"Travel",1,0,47200,"0.00",0,NULL,NULL,NULL,NULL,1,"2026-03-20 12:22:51.933288","2026-03-20 12:22:51.933288"
"08566dda-81f0-4236-9c53-ab53264fe764","fbc2c888-1567-4cf6-9794-c73f424b547f",NULL,"Petrol",1,0,20000,"0.00",0,NULL,NULL,NULL,NULL,1,"2026-03-21 09:15:26.939515","2026-03-21 09:15:26.939515"
"0117b2ba-55a3-4c42-a708-18661cd0d529","1268e266-91ff-4732-802b-60e5af7ad6c1",NULL,"Diesel",1,0,740000,"0.00",0,NULL,NULL,NULL,NULL,1,"2026-03-21 09:15:53.009854","2026-03-21 09:15:53.009854"
"de5a578b-aca2-49c9-84a9-89eee91df107","3e4de33c-8719-427c-b2cc-9f97bc035fdc",NULL,"Diesel",1,0,300000,"0.00",0,NULL,NULL,NULL,NULL,1,"2026-03-21 09:16:20.110319","2026-03-21 09:16:20.110319"
"a769cd9e-f196-49f5-a81d-6600579b5ccc","e279322c-9936-4ea4-802a-0c93889e1258",NULL,"Diesel",1,0,300000,"0.00",0,NULL,NULL,NULL,NULL,1,"2026-03-21 09:16:47.669119","2026-03-21 09:16:47.669119"
"48de46fb-0740-4e18-ad84-f089c00d3128","f58b8229-769b-429c-9da7-ae6f0a7c4c19",NULL,"Diesel",1,0,300000,"0.00",0,NULL,NULL,NULL,NULL,1,"2026-03-21 09:17:12.571127","2026-03-21 09:17:12.571127"
"5046b48b-662e-4691-a890-e3599d6342b4","25eac658-4af6-40ca-8b4b-6dbe57fee188",NULL,"Diesel",1,0,300000,"0.00",0,NULL,NULL,NULL,NULL,1,"2026-03-21 09:17:36.309657","2026-03-21 09:17:36.309657"
"63a32e96-6bbf-449c-9bb9-d5b6f395c458","67eceabd-b728-4594-b647-a7cc10446cd6",NULL,"Toll gate",1,0,35000,"0.00",0,NULL,NULL,NULL,NULL,1,"2026-03-21 09:17:59.209511","2026-03-21 09:17:59.209511"
"7180e123-6883-4092-881c-ced9c2fdb599","7d343350-36ee-48f2-86fa-1473acf1a3f7",NULL,"Tea",1,0,13000,"0.00",0,NULL,NULL,NULL,NULL,1,"2026-03-21 09:18:17.847458","2026-03-21 09:18:17.847458"
"d66ffe1d-2fe6-419f-a741-13216a46a30f","6a940120-fc51-415b-be0a-ed76aa97dd92",NULL,"Spares",1,0,172000,"0.00",0,NULL,NULL,NULL,NULL,1,"2026-03-21 09:18:43.410717","2026-03-21 09:18:43.410717"
"fd86b07f-887a-4bd0-a748-ade60dc2cfff","fbe3608a-926e-4fd1-87c0-51f106210621",NULL,"EMI",1,0,2150000,"0.00",0,NULL,NULL,NULL,NULL,1,"2026-03-21 09:19:57.490538","2026-03-21 09:19:57.490538"
"a43e9fc0-dfb6-4110-836c-0b5fb86681af","f79e88ed-0ae1-4cf1-8e41-5a982deb16bc",NULL,"Food",1,0,50000,"0.00",0,NULL,NULL,NULL,NULL,1,"2026-03-21 09:20:14.450525","2026-03-21 09:20:14.450525"
"50cf59ee-0f73-437e-84d0-496c0d9b3cb1","bfe45075-a50e-44bb-989e-694378336b46",NULL,"Meesava",1,0,510000,"0.00",0,NULL,NULL,NULL,NULL,1,"2026-03-21 09:57:18.227761","2026-03-21 09:57:18.227761"
"422a96d9-e175-4131-a84c-a201dba32892","e67f589b-3cb2-4af3-80dc-23e4b747422d",NULL,"Fast tag",1,0,200000,"0.00",0,NULL,NULL,NULL,NULL,1,"2026-03-21 09:58:02.166066","2026-03-21 09:58:02.166066"
"1027c39e-1432-495d-9710-81bf71051209","4c12b6a0-5143-4f81-bf38-3ba538c6b263",NULL,"Petrol",1,0,20000,"0.00",0,NULL,NULL,NULL,NULL,1,"2026-03-21 09:58:29.713735","2026-03-21 09:58:29.713735"
"b8c3ff41-353a-4082-b52e-05bb32233339","be80f1c7-8a22-40d5-af00-42a94694f361",NULL,"Diesel",1,0,300000,"0.00",0,NULL,NULL,NULL,NULL,1,"2026-03-21 09:58:58.247228","2026-03-21 09:58:58.247228"
"9669aab2-d486-48de-b66b-13911c41f145","89db5389-5b51-4c77-b5eb-b0ad686f8357",NULL,"Spares",1,0,55000,"0.00",0,NULL,NULL,NULL,NULL,1,"2026-03-21 09:59:35.047965","2026-03-21 09:59:35.047965"
"f8a96f8e-849c-4def-aba0-610058597c79","ec0a17b5-597d-4a73-856c-d6c7a628f7b5",NULL,"Machine maintenance",1,0,1652000,"0.00",0,NULL,NULL,NULL,NULL,1,"2026-03-21 10:01:02.588644","2026-03-21 10:01:02.588644"
"ca6f499a-0ef9-439c-97d2-187b4f221c59","b9a90ae4-5597-4131-a125-0f898dd21934",NULL,"Spares",1,0,50000,"0.00",0,NULL,NULL,NULL,NULL,1,"2026-03-21 10:01:46.068139","2026-03-21 10:01:46.068139"
"95824129-54b1-4c2a-aa4d-087289fbffbc","aa4a415e-1f3f-4b36-b3bb-ef251fcc9830",NULL,"Food",1,0,60000,"0.00",0,NULL,NULL,NULL,NULL,1,"2026-03-21 10:02:21.028036","2026-03-21 10:02:21.028036"
"8636b5ef-f371-4e55-a150-367e34f23a5e","2c76253f-928e-4681-975b-79077f47e2a1",NULL,"Dinner",1,0,84000,"0.00",0,NULL,NULL,NULL,NULL,1,"2026-03-21 10:02:42.346698","2026-03-21 10:02:42.346698"
"0e409052-8c29-456d-8251-de287668a4aa","5f4d9171-0f42-46de-99c6-890095d4af25",NULL,"Lunch",1,0,52000,"0.00",0,NULL,NULL,NULL,NULL,1,"2026-03-21 10:03:41.379112","2026-03-21 10:03:41.379112"
"24fec67b-27b1-41ef-bd5c-01d2c94b1ea9","fa50e9a4-0a53-4402-a01e-1c22dc9357d4",NULL,"Diesel",1,0,600000,"0.00",0,NULL,NULL,NULL,NULL,1,"2026-03-21 10:05:13.652393","2026-03-21 10:05:13.652393"
"96e3a37e-ae4e-4afe-9276-403b3f728e77","c185a9a2-039f-48b2-8cb3-6f4af0d0355a",NULL,"Daily wages",1,0,300000,"0.00",0,NULL,NULL,NULL,NULL,1,"2026-03-21 10:05:38.448368","2026-03-21 10:05:38.448368"
"643a317a-c764-4004-b96e-9c6bf6ae324b","080040b0-de9b-4562-b127-af0a08e42d96",NULL,"Expences",1,0,80000,"0.00",0,NULL,NULL,NULL,NULL,1,"2026-03-21 10:06:16.546368","2026-03-21 10:06:16.546368"
"62a14883-c1bc-40f6-941e-2787f19c18b3","df4fc7b2-1e97-436e-9a1d-341cec264388",NULL,"Milk",1,0,117000,"0.00",0,NULL,NULL,NULL,NULL,1,"2026-03-21 10:06:33.612209","2026-03-21 10:06:33.612209"
"c2df96e5-3530-4be8-901a-01c8428ba2cd","c0c3c979-e6ef-40e3-a480-62eb5280a2c2",NULL,"Spares",1,0,237400,"0.00",0,NULL,NULL,NULL,NULL,1,"2026-03-21 10:06:54.731389","2026-03-21 10:06:54.731389"
"e830ed56-da0b-486c-9e89-ce6dba7e41d8","a440c74a-c6d7-494c-84de-18d8b34b0422",NULL,"Spares",1,0,260000,"0.00",0,NULL,NULL,NULL,NULL,1,"2026-03-21 10:07:27.889238","2026-03-21 10:07:27.889238"
"88e29fd5-6f5f-4ee7-9eb1-f039962c1144","4ec8ff69-5fd3-4872-9be2-b0582bbecf65",NULL,"Petrol",1,0,25000,"0.00",0,NULL,NULL,NULL,NULL,1,"2026-03-21 10:07:48.412156","2026-03-21 10:07:48.412156"
"71ed05bd-4fc8-4c44-9373-ce12db8aad11","47044552-2b22-4429-ac40-d14d966748f0",NULL,"Food",1,0,150000,"0.00",0,NULL,NULL,NULL,NULL,1,"2026-03-21 10:08:19.628358","2026-03-21 10:08:19.628358"
"dfb0403d-ff63-4fe1-b3b5-f7a38d624d72","82798678-7209-4044-a5a1-74efaba7d48c",NULL,"Food",1,0,200000,"0.00",0,NULL,NULL,NULL,NULL,1,"2026-03-21 10:09:57.831988","2026-03-21 10:09:57.831988"
"068bd280-31c4-4dd2-b16c-4de69c350b7e","b39f599c-6ab9-4c4b-a37e-f79c62a93392",NULL,"Lunch",1,0,48000,"0.00",0,NULL,NULL,NULL,NULL,1,"2026-03-21 10:11:43.867999","2026-03-21 10:11:43.867999"
"31404eaa-aeda-4d9f-9a8b-830e0fe443ff","1799f1c3-2f31-4b1a-b8a4-eb2f8d262fec",NULL,"Rent",1,0,107000,"0.00",0,NULL,NULL,NULL,NULL,1,"2026-03-21 10:12:11.785328","2026-03-21 10:12:11.785328"
"e2a68263-9523-471a-baa5-6158fcd7ba4f","3eed0554-687d-4220-b106-c5f8190f5514",NULL,"petrol",1,0,20000,"0.00",0,NULL,NULL,NULL,NULL,1,"2026-03-21 10:22:55.364784","2026-03-21 10:22:55.364784"
"0d6514f8-588e-421e-9b68-87e1094d23ff","d225b4e5-55b1-4f97-9296-862e56f1d89b",NULL,"entertainment",1,0,350000,"0.00",0,NULL,NULL,NULL,NULL,1,"2026-03-21 10:24:26.691546","2026-03-21 10:24:26.691546"
"3c3b26f9-b0de-4252-9979-3c518d6cc7a7","7aac1ecc-a4c8-4d44-8b8b-bd7e4bcdf43b",NULL,"Travel",1,0,300000,"0.00",0,NULL,NULL,NULL,NULL,1,"2026-03-21 10:25:31.822883","2026-03-21 10:25:31.822883"
"d213c0b9-7b03-4fd1-b6ef-f09fff1cd766","448e0010-e56b-4345-80f8-0ba7b7410974",NULL,"Diesel",1,0,300000,"0.00",0,NULL,NULL,NULL,NULL,1,"2026-03-21 10:25:57.668439","2026-03-21 10:25:57.668439"
"b20d191c-8192-439e-a454-8c0afd303a82","b78fcf90-8f8e-482d-99d8-448b16c8a815",NULL,"Food",1,0,100000,"0.00",0,NULL,NULL,NULL,NULL,1,"2026-03-21 10:26:18.563625","2026-03-21 10:26:18.563625"
"89a1690e-301f-4de3-bc58-6b5e905f6ce0","3cb12eef-4ce4-44c6-99e2-e72cfd27d34f",NULL,"Vegetables",1,0,60000,"0.00",0,NULL,NULL,NULL,NULL,1,"2026-03-21 10:30:21.387767","2026-03-21 10:30:21.387767"
"4e096a8a-f685-4f78-bfda-bc619c4277b8","445173a5-847f-4b59-82d8-aa93cbb0406f",NULL,"Petrol",1,0,50000,"0.00",0,NULL,NULL,NULL,NULL,1,"2026-03-21 10:47:54.985394","2026-03-21 10:47:54.985394"
"9a1792b7-8c6e-4778-ab32-67b70c776ba4","698e0f64-e4c5-4335-8362-f28e2242c30d",NULL,"Diesel",1,0,300000,"0.00",0,NULL,NULL,NULL,NULL,1,"2026-03-21 10:48:25.482178","2026-03-21 10:48:25.482178"
"416c0335-ac57-4eb1-a9c2-eca81a4fecfd","017d193a-271b-4ebe-bc33-848d0a50bbbc",NULL,"Diesel",1,0,300000,"0.00",0,NULL,NULL,NULL,NULL,1,"2026-03-21 10:48:51.009154","2026-03-21 10:48:51.009154"
"14fd8e81-9b6b-4b47-b482-45b490918de8","833df462-20ff-416b-a385-25f921ccdcec",NULL,"Diesel",1,0,400000,"0.00",0,NULL,NULL,NULL,NULL,1,"2026-03-21 10:49:27.62872","2026-03-21 10:49:27.62872"
"2e7971f0-7165-43ff-8a04-dbdb17c7b10e","556ed487-4c36-44a5-a298-fa0263dd1421",NULL,"Daily wages",1,0,300000,"0.00",0,NULL,NULL,NULL,NULL,1,"2026-03-21 10:49:54.396232","2026-03-21 10:49:54.396232"
"477be5f3-f18a-4cc9-8a41-c56b5f781de7","30cc702f-29e1-485c-acc3-8aa9f6fd9f45",NULL,"Beta",1,0,20000,"0.00",0,NULL,NULL,NULL,NULL,1,"2026-03-21 10:50:13.707491","2026-03-21 10:50:13.707491"
"07cd54d3-e099-400d-ae16-98393d819c66","92fb77f8-7aa9-4e18-b883-6d398244d12b",NULL,"Tax",1,0,10000,"0.00",0,NULL,NULL,NULL,NULL,1,"2026-03-21 12:19:21.469245","2026-03-21 12:19:21.469245"
"0d4fbbe9-8da9-409d-8c91-17af3462e597","2577fdb1-c0bf-4f03-950f-4b809ac98a59",NULL,"Lunch",1,0,15000,"0.00",0,NULL,NULL,NULL,NULL,1,"2026-03-21 12:19:48.90426","2026-03-21 12:19:48.90426"
"6efe5df4-89a8-4553-bb1b-dd37e24530d6","5230132c-e153-4b00-b18b-e7aca1da4603",NULL,"Diesel",1,0,300000,"0.00",0,NULL,NULL,NULL,NULL,1,"2026-03-21 12:23:17.922047","2026-03-21 12:23:17.922047"
"d39bdda3-2898-453e-a547-9dd9895c0cd2","66bc86ea-8e69-4c5c-a464-f75e4ffebcac",NULL," payed to fast tag for mandasa trip",1,0,80000,"0.00",0,NULL,NULL,NULL,NULL,1,"2026-03-21 17:28:58.5797","2026-03-21 17:28:58.5797"
"8b2ca3b1-a63c-4268-b2da-193fb085aa8f","be7739fb-6285-4db3-976d-ecb8f7b26e35",NULL,"Payed to showri salary ",1,0,1200000,"0.00",0,NULL,NULL,NULL,NULL,1,"2026-03-21 17:30:35.183559","2026-03-21 17:30:35.183559"
"db47711f-7581-4670-8899-77561cb3a6d8","64c3b99d-28f0-4451-b5d8-8343cd8b85ff",NULL,"diesal",1,0,600000,"0.00",0,NULL,NULL,NULL,NULL,1,"2026-03-21 17:44:18.026146","2026-03-21 17:44:18.026146"
"ab03eb13-ca8f-41ff-a074-7d175a149919","8c0711bf-3151-4319-8701-d3c7cedf629c",NULL,"unloading",1,0,285000,"0.00",0,NULL,NULL,NULL,NULL,1,"2026-03-21 17:44:18.232668","2026-03-21 17:44:18.232668"
"7edfce29-9019-4c7a-8392-f65b8b1cac1f","065946b6-82b8-416b-8a4e-02a89599d659",NULL,"beta and food",1,0,62000,"0.00",0,NULL,NULL,NULL,NULL,1,"2026-03-21 17:44:18.435374","2026-03-21 17:44:18.435374"
"edff2948-1512-40d7-859c-028674d8042f","96b8770f-191d-4070-a30c-e8c3ec61b6fb",NULL,"Tea",1,0,43000,"0.00",0,NULL,NULL,NULL,NULL,1,"2026-03-21 17:44:47.41746","2026-03-21 17:44:47.41746"
"b4b12030-e721-4638-a6f7-c2c79af7194b","275b2808-e779-4d17-b047-3d83edc45031",NULL,"Diesel ",1,0,300000,"0.00",0,NULL,NULL,NULL,NULL,1,"2026-03-21 17:49:02.481261","2026-03-21 17:49:02.481261"
"836c04f7-79ab-4757-8091-53947d649229","721c790c-fac8-498e-a5a4-9e9822b16a75",NULL,"Diesel ",1,0,300000,"0.00",0,NULL,NULL,NULL,NULL,1,"2026-03-21 17:49:02.694259","2026-03-21 17:49:02.694259"
"75c83a51-3ede-4ac1-9d73-fb9831409a80","43e87597-4757-450f-95bb-5a8ed6eb6003",NULL,"Food ",1,0,25000,"0.00",0,NULL,NULL,NULL,NULL,1,"2026-03-21 17:49:02.900632","2026-03-21 17:49:02.900632"
"66d75080-3b70-4541-8b1a-5ba49c7527b9","2445a0f6-1fed-4f5a-ae6a-68c781373cef",NULL,"Hari trip ",1,0,730000,"0.00",0,NULL,NULL,NULL,NULL,1,"2026-03-21 17:51:33.682287","2026-03-21 17:51:33.682287"
"bfe7f82b-989a-4757-bc4c-fcdd0ac2a58f","f55c6fb5-f359-4047-be84-afa34727d997",NULL,"Anakapalli",1,0,540000,"0.00",0,NULL,NULL,NULL,NULL,1,"2026-03-21 17:51:33.889753","2026-03-21 17:51:33.889753"
"21875b65-13ae-484b-bec8-74a007e197a8","b8f8f378-1116-45fb-9edd-40b74d1e004d",NULL,"Diesel ",1,0,300000,"0.00",0,NULL,NULL,NULL,NULL,1,"2026-03-21 17:51:34.094949","2026-03-21 17:51:34.094949"
"29e4c60f-fc7a-418a-a0b4-f9c60317a417","388749fa-e60c-4e13-987d-d9ba00fe19a2",NULL,"(02‑02 to 07‑02)",1,0,108000,"0.00",0,NULL,NULL,NULL,NULL,1,"2026-03-21 17:51:34.299938","2026-03-21 17:51:34.299938"
"d0be801b-7283-4f57-a5e8-97ea2edf84e5","bc451462-561e-4456-8763-d3cd470ba4c8",NULL,"Cash Register Expense",1,0,700000,"0.00",0,NULL,NULL,NULL,NULL,1,"2026-03-21 17:53:42.017797","2026-03-21 17:53:42.017797"
"fdfd45e0-aae5-4a68-98f0-92be5003ff48","4db143f2-adc9-4d19-8f87-ac68ee2ea493",NULL,"Cash Register Expense",1,0,70000,"0.00",0,NULL,NULL,NULL,NULL,1,"2026-03-21 17:53:42.227408","2026-03-21 17:53:42.227408"
"5245211e-745f-4735-ba9e-565e20e266a7","2166ea06-6106-460f-8fa4-443d02dcbfd4",NULL,"Vegetables & atta",1,0,91000,"0.00",0,NULL,NULL,NULL,NULL,1,"2026-03-21 17:53:42.434278","2026-03-21 17:53:42.434278"
"fdc00840-eaf1-44de-b5ec-0afcdf46e4cd","64992e74-cf3d-4bb4-9b1b-2ec7b2226178",NULL,"diesel",1,0,858000,"0.00",0,NULL,NULL,NULL,NULL,1,"2026-03-21 17:55:37.037304","2026-03-21 17:55:37.037304"
"974f9658-d629-41a4-8d92-392270ce7726","2f9375fe-96d5-441d-9979-59cd98ec6b47",NULL,"Diesel ",1,0,300000,"0.00",0,NULL,NULL,NULL,NULL,1,"2026-03-21 17:55:37.580587","2026-03-21 17:55:37.580587"
"7d989855-7c25-44ef-8b06-bb4d5a721c10","e9ab56f0-7390-4d75-92aa-39c15c6756c6",NULL,"Welding machine rent",1,0,50000,"0.00",0,NULL,NULL,NULL,NULL,1,"2026-03-21 17:55:38.652644","2026-03-21 17:55:38.652644"
"22461da5-dde7-43e6-8489-1476e0c4ee24","81ec0966-7cb2-4328-b5ca-c046cf36cc95",NULL,"Cash Register Expense",1,0,60000,"0.00",0,NULL,NULL,NULL,NULL,1,"2026-03-21 17:55:38.117499","2026-03-21 17:56:27.204"
"ebaa2e39-ea51-4fbd-bda0-02bbe61bfd99","699646c0-f851-4b65-b8e6-27542521f377",NULL,"Hari Rajahmundry trip",1,0,1065000,"0.00",0,NULL,NULL,NULL,NULL,1,"2026-03-21 17:59:12.871556","2026-03-21 17:59:12.871556"
"6a75f126-5673-4da8-9bfe-98d353b5e1a2","71f5e5de-c459-453d-a7b1-a107552fecdb",NULL,"Cash Register Expense",1,0,200000,"0.00",0,NULL,NULL,NULL,NULL,1,"2026-03-21 17:59:13.091225","2026-03-21 17:59:13.091225"
"b01edbc2-d80a-4b5e-93f6-a4d15ec7f251","84462f4b-fa8c-4c64-91a7-1b49bb6d17d0",NULL,"Connectors (PET blowing)",1,0,77500,"0.00",0,NULL,NULL,NULL,NULL,1,"2026-03-21 17:59:13.303408","2026-03-21 17:59:13.303408"
"caec25e3-5d5f-4c0e-b730-6e923872a53b","492b1ce7-67a1-4ee9-ab24-cfbb3b3502be",NULL,"Cash Register Expense",1,0,25000,"0.00",0,NULL,NULL,NULL,NULL,1,"2026-03-21 17:59:13.509355","2026-03-21 17:59:13.509355"
"008bcbfa-a403-4642-aa53-294466b28c7c","e5196e8e-059c-41db-b7d7-e0dd9fc21690",NULL,"Diesel ",1,0,300000,"0.00",0,NULL,NULL,NULL,NULL,1,"2026-03-21 17:59:13.718879","2026-03-21 17:59:13.718879"
"a281fa6d-04d7-4141-a2f4-c010bb7784e9","8b744c53-8c93-467a-96ca-363d56deae73",NULL,"Diesel ",1,0,300000,"0.00",0,NULL,NULL,NULL,NULL,1,"2026-03-21 17:59:13.925331","2026-03-21 17:59:13.925331"
"7d90cd94-4f99-4b36-9a42-7654249d46f4","93be5d86-1e3a-4b29-80af-0a4226a49b98",NULL,"Welding worker",1,0,100000,"0.00",0,NULL,NULL,NULL,NULL,1,"2026-03-21 17:59:14.129532","2026-03-21 17:59:14.129532"
"b57fa501-ef6a-48c0-a58c-51566db73a67","2b4ac603-72f3-40ae-a7bb-dae74ee54b94",NULL,"Cash Register Expense",1,0,500000,"0.00",0,NULL,NULL,NULL,NULL,1,"2026-03-21 18:00:52.800949","2026-03-21 18:00:52.800949"
"35bb880f-1ec2-4b89-83d4-04e2f076f580","d80e5626-39f7-47e0-9183-c80bd9034b63",NULL,"Cash Register Expense",1,0,390000,"0.00",0,NULL,NULL,NULL,NULL,1,"2026-03-21 18:00:53.008428","2026-03-21 18:00:53.008428"
"5cb62fd8-c6be-4d82-ac18-16c15eb21738","8ac1ff6f-cd0f-4e1a-bc69-37104af20fc4",NULL,"Cash Register Expense",1,0,1400000,"0.00",0,NULL,NULL,NULL,NULL,1,"2026-03-21 18:00:53.208147","2026-03-21 18:00:53.208147"
"6154c605-d017-4e5c-a1ad-535b6228a575","9b7d85c3-59b8-45fd-bcc4-f2cc3a4ddf16",NULL,"Cash Register Expense",1,0,49500,"0.00",0,NULL,NULL,NULL,NULL,1,"2026-03-21 18:00:53.409633","2026-03-21 18:00:53.409633"
"c6fc6d84-1b05-41b8-bc84-5c8304ae24a6","1f7c73d6-0834-4da7-b159-9e48a0b77945",NULL,"Cash Register Expense",1,0,70000,"0.00",0,NULL,NULL,NULL,NULL,1,"2026-03-21 18:01:34.433241","2026-03-21 18:01:34.433241"
"858ff686-dc6a-4650-a255-ff604097ca23","fcb69322-1799-4c6d-9030-7e3c69b3ad90",NULL,"Cash Register Expense",1,0,7400,"0.00",0,NULL,NULL,NULL,NULL,1,"2026-03-21 18:01:34.63856","2026-03-21 18:01:34.63856"
"54aa2cc2-5dff-4647-b327-6d19ae6dbb1d","b2269c91-6657-4b31-88dd-68e30ec19d94",NULL,"Cash Register Expense",1,0,20000,"0.00",0,NULL,NULL,NULL,NULL,1,"2026-03-21 18:01:34.840513","2026-03-21 18:01:34.840513"
"6cfdb3ab-571f-4168-9754-3fbb85615151","38d1177a-02a6-4dda-8b08-121cb05c020f",NULL,"Diesel ",1,0,300000,"0.00",0,NULL,NULL,NULL,NULL,1,"2026-03-21 18:04:12.102909","2026-03-21 18:04:12.102909"
"5b219355-9988-4a77-acb4-09cba1313d59","e3ff7efe-3412-493d-ad1c-645d9410b3f8",NULL,"Santhosh",1,0,300000,"0.00",0,NULL,NULL,NULL,NULL,1,"2026-03-21 18:04:12.309447","2026-03-21 18:04:12.309447"
"ba4c9bae-fd04-4089-ba74-90a0fc731ef7","e3b8be8e-245c-4eec-8f76-b98926b3eed5",NULL,"Cash Register Expense",1,0,30000,"0.00",0,NULL,NULL,NULL,NULL,1,"2026-03-21 18:04:12.511721","2026-03-21 18:04:12.511721"
"258ca496-736f-4e89-a5c2-5ff1279062bc","f100064d-1ebc-415c-bd18-869d3d1a516f",NULL,"Hari Parvathipuram trip",1,0,940000,"0.00",0,NULL,NULL,NULL,NULL,1,"2026-03-21 18:05:55.747183","2026-03-21 18:05:55.747183"
"45a9c2dd-2d36-4df3-b0c4-9bc536577451","4cd4878d-845b-4314-8d53-b1740894a110",NULL,"Cash Register Expense",1,0,450000,"0.00",0,NULL,NULL,NULL,NULL,1,"2026-03-21 18:05:55.952595","2026-03-21 18:05:55.952595"
"35ccc237-ddbc-4c64-9846-6684c5581acc","35d39857-1363-42ae-9a7d-bf4a1b9ebaed",NULL,"Cash Register Expense",1,0,30000,"0.00",0,NULL,NULL,NULL,NULL,1,"2026-03-21 18:05:56.151452","2026-03-21 18:05:56.151452"
"c10d1246-18bc-4d46-8568-15f78e2f1429","5838684e-57ca-4b7e-b3f1-42895efbc6b3",NULL,"Cash Register Expense",1,0,35000,"0.00",0,NULL,NULL,NULL,NULL,1,"2026-03-21 18:05:56.351808","2026-03-21 18:05:56.351808"
"29d497f8-8610-4dcf-9699-870f494027c4","80de9e23-d1e7-4a97-80e7-e8b59ae8354c",NULL,"Diesel ",1,0,300000,"0.00",0,NULL,NULL,NULL,NULL,1,"2026-03-21 18:05:56.550808","2026-03-21 18:05:56.550808"
"f423fd01-28e1-4f80-9cf3-060e88a5572d","d051b36e-4370-4a64-af61-ae8f19569572",NULL,"Cash Register Expense",1,0,80000,"0.00",0,NULL,NULL,NULL,NULL,1,"2026-03-21 18:09:23.783725","2026-03-21 18:09:23.783725"
"8308d7b2-e5bc-4c5f-836e-5288db7c0759","700bf3fc-4c06-48e4-aad6-ad8075ab32dc",NULL,"Cash Register Expense",1,0,50000,"0.00",0,NULL,NULL,NULL,NULL,1,"2026-03-21 18:09:23.987346","2026-03-21 18:09:23.987346"
"cd00b3a3-5002-43f5-944b-d5c43c9f5c5c","e1df0440-7ad9-441f-ae9e-3d086fa7ed49",NULL,"Cash Register Expense",1,0,108000,"0.00",0,NULL,NULL,NULL,NULL,1,"2026-03-21 18:09:24.188564","2026-03-21 18:09:24.188564"
"1a3806f9-4353-4e9f-9895-53bc266347ea","a3f7380b-3fe4-40c8-b8af-ecbdac03f72c",NULL,"Cash Register Expense",1,0,14000,"0.00",0,NULL,NULL,NULL,NULL,1,"2026-03-21 18:09:24.871822","2026-03-21 18:09:24.871822"
"42e5fff3-6ce3-43d7-aab0-1163726e77bc","d9f61319-6cb8-4fe6-8fc7-a29e63a27984",NULL,"Cash Register Expense",1,0,60000,"0.00",0,NULL,NULL,NULL,NULL,1,"2026-03-21 18:09:25.072951","2026-03-21 18:09:25.072951"
"32febbc5-2812-4e5c-97c3-7a2f778db55b","c693aa81-760d-46bb-9c4d-7d6f47306e8a",NULL,"Cash Register Expense",1,0,700000,"0.00",0,NULL,NULL,NULL,NULL,1,"2026-03-21 18:09:25.273874","2026-03-21 18:09:25.273874"
"2ab53d90-46d7-4ecb-9e9d-4a35128bd083","fc415603-5e53-4c99-9ace-b73f2976e1fc",NULL,"Cash Register Expense",1,0,30000,"0.00",0,NULL,NULL,NULL,NULL,1,"2026-03-21 18:09:25.475953","2026-03-21 18:09:25.475953"
"3e2d7bec-981f-40e3-86d7-6e94d49e90c4","f129bc2a-812c-4213-b3da-3757817eb812",NULL,"Extra kalasi ",1,0,30000,"0.00",0,NULL,NULL,NULL,NULL,1,"2026-03-21 18:09:25.676045","2026-03-21 18:09:25.676045"
"9be0b53a-479d-4c5f-bc67-ea25594c27be","8f056c99-f3c6-4069-98cf-a993302aa871",NULL,"Cash Register Expense",1,0,760000,"0.00",0,NULL,NULL,NULL,NULL,1,"2026-03-21 18:09:24.390059","2026-03-21 18:09:57.156"
"f5129fad-62ec-41d8-bd68-f7602654464b","8e127000-0bc6-4baf-94cc-5ac3c0bc13d3",NULL,"Cash Register Expense",1,0,95000,"0.00",0,NULL,NULL,NULL,NULL,1,"2026-03-21 18:09:24.6465","2026-03-21 18:10:12.829"
"725264c1-4360-4925-8645-68a6ec228d42","cbe3f166-4090-4a21-bad0-1cd93f6cbef0",NULL,"Cash Register Expense",1,0,580000,"0.00",0,NULL,NULL,NULL,NULL,1,"2026-03-21 18:11:14.546027","2026-03-21 18:11:14.546027"
"7c5e85ad-6e43-4526-a12d-ad58061ead12","8612a913-024a-4ee7-8839-6208b7d24942",NULL,"Cash Register Expense",1,0,30000,"0.00",0,NULL,NULL,NULL,NULL,1,"2026-03-21 18:11:14.745957","2026-03-21 18:11:14.745957"
"a9c5c879-a59e-4b84-bc53-dfac338ef5e0","2c584102-6fba-481e-b76c-5362d1c623b4",NULL,"Cash Register Expense",1,0,100000,"0.00",0,NULL,NULL,NULL,NULL,1,"2026-03-21 18:11:14.947578","2026-03-21 18:11:14.947578"
"05a29022-b2fc-4b99-ab34-ef0226d4d926","63c13bf7-5a34-4847-bbf4-999cce89a6aa",NULL,"Cash Register Expense",1,0,1040000,"0.00",0,NULL,NULL,NULL,NULL,1,"2026-03-21 18:12:23.501963","2026-03-21 18:12:23.501963"
"4ae00334-298a-49a5-b554-7e9156f810a9","50efe83c-335e-4e30-8205-274d0dc932eb",NULL,"Cash Register Expense",1,0,200000,"0.00",0,NULL,NULL,NULL,NULL,1,"2026-03-21 18:12:23.702772","2026-03-21 18:12:23.702772"
"2bfa3c8d-c181-4166-a05c-372b15d45056","184c9287-b487-408d-9ad5-c9e7d9d99cf2",NULL,"Cash Register Expense",1,0,24000,"0.00",0,NULL,NULL,NULL,NULL,1,"2026-03-21 18:12:23.903448","2026-03-21 18:12:23.903448"
"cdeb205f-ab78-413d-b92a-959ffce84cf8","57af2da1-4c8a-435e-a0fa-ee930721aa04",NULL,"Cash Register Expense",1,0,200000,"0.00",0,NULL,NULL,NULL,NULL,1,"2026-03-21 18:12:24.100957","2026-03-21 18:12:24.100957"
"ae3a5a8e-48bf-4b36-b9e0-a9cdf68cfc5c","cf78f306-607d-49a7-a930-d13fb1126321",NULL,"Cash Register Expense",1,0,300000,"0.00",0,NULL,NULL,NULL,NULL,1,"2026-03-21 18:13:49.867975","2026-03-21 18:13:49.867975"
"a2152648-48b9-4690-b763-fb3feb187984","f8e97b5b-c13b-4603-b22d-c82cf90b9e52",NULL,"Cash Register Expense",1,0,300000,"0.00",0,NULL,NULL,NULL,NULL,1,"2026-03-21 18:13:50.404954","2026-03-21 18:13:50.404954"
"a9f666bf-032f-4928-ac1a-2a48209c9a55","8df92f87-0499-4722-8c17-2e530a148229",NULL,"Cash Register Expense",1,0,10000,"0.00",0,NULL,NULL,NULL,NULL,1,"2026-03-21 18:13:50.946006","2026-03-21 18:13:50.946006"
"0669d396-8fe1-44f1-bc5b-a0ad105423ae","a88c531f-1e3e-403b-a6f5-6d59c24975d5",NULL,"Cash Register Expense",1,0,43900,"0.00",0,NULL,NULL,NULL,NULL,1,"2026-03-21 18:13:51.488024","2026-03-21 18:13:51.488024"
"5420445c-86f2-4296-ab72-9117a45ed8ef","b8afda8d-abd3-46b9-8b47-601fd811f144",NULL,"Cash Register Expense",1,0,40000,"0.00",0,NULL,NULL,NULL,NULL,1,"2026-03-21 18:13:52.024392","2026-03-21 18:13:52.024392"
"3cac02ce-8c0e-4401-ac31-c46ab8213907","3801f380-c620-4d35-bf6c-f0acad16a3e2",NULL,"Cash Register Expense",1,0,300000,"0.00",0,NULL,NULL,NULL,NULL,1,"2026-03-21 18:15:39.136165","2026-03-21 18:15:39.136165"
"1fe59830-abe8-4876-93d2-e86182277f49","37b30a91-cee8-462b-9e67-6a3cfe59dda2",NULL,"Cash Register Expense",1,0,935000,"0.00",0,NULL,NULL,NULL,NULL,1,"2026-03-21 18:15:39.693742","2026-03-21 18:15:39.693742"
"5cfe27ff-0fd7-483e-a410-2c8d45f6cc79","8633fcbc-7f6c-492b-a868-e3523dd63a07",NULL,"Cash Register Expense",1,0,100300,"0.00",0,NULL,NULL,NULL,NULL,1,"2026-03-21 18:15:40.222246","2026-03-21 18:15:40.222246"
"f68be45a-b670-464e-9180-a32e47b30852","9b9bbb50-0376-4445-9a02-8ecd0d7d49e5",NULL,"Cash Register Expense",1,0,60000,"0.00",0,NULL,NULL,NULL,NULL,1,"2026-03-21 18:15:40.761676","2026-03-21 18:15:40.761676"
"a341b3b3-f183-47d8-bed4-d93900cf5ed2","ed5e5cc1-2e4e-4945-ac9a-f4403b20256e",NULL,"Cash Register Expense",1,0,30000,"0.00",0,NULL,NULL,NULL,NULL,1,"2026-03-21 18:15:41.300663","2026-03-21 18:15:41.300663"
"3692fe7c-2dae-4861-8b9c-3d3083741c1e","265a2327-9d9a-4b69-9d8a-01ce6814aaa4",NULL,"Cash Register Expense",1,0,108000,"0.00",0,NULL,NULL,NULL,NULL,1,"2026-03-21 18:19:17.83451","2026-03-21 18:19:17.83451"
"538416df-ad7c-4ccd-95b4-00914c5959e4","3402a5d2-608f-4d0a-8f7f-473eaf1f946a",NULL,"Cash Register Expense",1,0,300000,"0.00",0,NULL,NULL,NULL,NULL,1,"2026-03-21 18:19:18.370022","2026-03-21 18:19:18.370022"
"e05e5c16-749c-4ca4-bb34-379f308d0fb1","531be2ed-e00a-47d7-b76f-935f58dd8636",NULL,"Cash Register Expense",1,0,60000,"0.00",0,NULL,NULL,NULL,NULL,1,"2026-03-21 18:19:18.92277","2026-03-21 18:19:18.92277"
"acd99d98-2c12-450f-92ad-f1cb46d91950","1cea81ac-4f47-4505-b75a-733c1eef0e67",NULL,"Cash Register Expense",1,0,300000,"0.00",0,NULL,NULL,NULL,NULL,1,"2026-03-21 18:19:19.461374","2026-03-21 18:19:19.461374"
"8756ef46-fc98-434a-958d-8c2227bb165f","ba0b28d7-00f8-420b-9e71-61bf2523263c",NULL,"Cash Register Expense",1,0,300000,"0.00",0,NULL,NULL,NULL,NULL,1,"2026-03-21 18:19:20.020315","2026-03-21 18:19:20.020315"
"79d617c3-0ba5-493d-8ebe-239dcd92bab3","b10a2835-d2e8-47bd-8dc1-f12e256bc02a",NULL,"Cash Register Expense",1,0,22000,"0.00",0,NULL,NULL,NULL,NULL,1,"2026-03-21 18:19:20.621855","2026-03-21 18:19:20.621855"
"f212c382-be69-41c1-bc58-07b8c158e205","3f0855a9-ec51-41a2-a53e-3673575c7219",NULL,"Cash Register Expense",1,0,61000,"0.00",0,NULL,NULL,NULL,NULL,1,"2026-03-21 18:19:21.166815","2026-03-21 18:19:21.166815"
"34926ba1-89d6-44e5-b0fe-e405e8367a99","0537fa29-2964-41d5-ad86-c23fb1b06e1f",NULL,"cake",1,0,47000,"0.00",0,NULL,NULL,NULL,NULL,1,"2026-03-21 18:19:21.699529","2026-03-21 18:19:21.699529"
"c1e5553b-9c4f-4c25-a40d-4c4bb667cc35","7f01823e-adde-45e9-bb6c-491ad7d98eee",NULL,"Cash Register Expense",1,0,10000,"0.00",0,NULL,NULL,NULL,NULL,1,"2026-03-21 18:20:36.141226","2026-03-21 18:20:36.141226"
"b40b3223-9c5c-426b-a315-63ef098eeb62","76a5b398-35ca-4a71-a32b-7a40cfb90b58",NULL,"Cash Register Expense",1,0,22500,"0.00",0,NULL,NULL,NULL,NULL,1,"2026-03-21 18:20:36.702471","2026-03-21 18:20:36.702471"
"153d8992-2151-4ad1-b989-257c6912cb29","58a35e7a-ee09-42b0-9524-af9c4e2d6384",NULL,"Cash Register Expense",1,0,3600000,"0.00",0,NULL,NULL,NULL,NULL,1,"2026-03-21 18:20:37.247927","2026-03-21 18:20:37.247927"
"187d9844-0275-496f-9e62-15fd28444d87","2a3ba90b-0899-4e30-9412-f3119f3c5b98",NULL,"Cash Register Expense",1,0,30000,"0.00",0,NULL,NULL,NULL,NULL,1,"2026-03-21 18:20:37.79758","2026-03-21 18:20:37.79758"
"1dfafc69-48e1-4d8a-b2fa-626bcc3b81ce","1474b2dd-4fb3-428f-bc6a-55679b25873f",NULL,"Cash Register Expense",1,0,105900,"0.00",0,NULL,NULL,NULL,NULL,1,"2026-03-21 18:20:38.332087","2026-03-21 18:20:38.332087"
"f085871c-b902-44c8-a44c-3d54aa520c79","65b05fb8-82f1-4337-a00f-df3a1206fb85",NULL,"Cash Register Expense",1,0,300000,"0.00",0,NULL,NULL,NULL,NULL,1,"2026-03-21 18:21:43.473224","2026-03-21 18:21:43.473224"
"fd292ff2-b653-4709-92ce-0c8ed9370470","1ec9cd90-a187-46e7-bbe9-16d15d484d81",NULL,"Cash Register Expense",1,0,74000,"0.00",0,NULL,NULL,NULL,NULL,1,"2026-03-21 18:21:44.299133","2026-03-21 18:21:44.299133"
"03c9ae15-bae4-4f08-ad46-4bfbddf23ca9","b70a579c-8a2f-4013-8375-879a299a2ea3",NULL,"Cash Register Expense",1,0,60000,"0.00",0,NULL,NULL,NULL,NULL,1,"2026-03-21 18:23:43.401437","2026-03-21 18:23:43.401437"
"6ace1359-42b3-443f-be43-6e430b9c2b88","ab570436-6ada-43b1-9b71-9e6143337538",NULL,"Cash Register Expense",1,0,300000,"0.00",0,NULL,NULL,NULL,NULL,1,"2026-03-21 18:23:43.806507","2026-03-21 18:23:43.806507"
"c1e9e560-bca4-41b0-8559-0a2336edfe19","8f7a2617-a867-4050-8594-697feaeff91d",NULL,"Cash Register Expense",1,0,300000,"0.00",0,NULL,NULL,NULL,NULL,1,"2026-03-21 18:23:44.007283","2026-03-21 18:23:44.007283"
"1fd61b06-408f-4bfd-9840-783f9408cea4","a24b3848-b332-46ae-9470-bb9f15d3f746",NULL,"Cash Register Expense",1,0,30000,"0.00",0,NULL,NULL,NULL,NULL,1,"2026-03-21 18:23:44.20803","2026-03-21 18:23:44.20803"
"24f809e4-4e81-4929-a4b2-c3e29a9f7a50","ecf5a29f-c358-49b7-aba8-47b70bb8079f",NULL,"Hari Anakapalli",1,0,595000,"0.00",0,NULL,NULL,NULL,NULL,1,"2026-03-21 18:23:44.406528","2026-03-21 18:23:44.406528"
"e7a13f54-cdcb-4cf8-88d4-d71868295377","78d4309f-528b-44a7-a177-994d2cf903df",NULL,"Cash Register Expense",1,0,190900,"0.00",0,NULL,NULL,NULL,NULL,1,"2026-03-21 18:23:43.607813","2026-03-21 18:24:02.931"
"1fd0f6df-3348-4785-affb-0017f8f02c59","8b7d17f6-d37b-425a-b6d6-d815304c6a18",NULL,"Cash Register Expense",1,0,3300000,"0.00",0,NULL,NULL,NULL,NULL,1,"2026-03-21 18:24:50.366256","2026-03-21 18:24:50.366256"
"28444cbd-547c-48f9-a404-5bf5367fdaba","649e250a-7e06-47f2-a719-bf1a48b5b828",NULL,"Cash Register Expense",1,0,300000,"0.00",0,NULL,NULL,NULL,NULL,1,"2026-03-21 18:26:16.427763","2026-03-21 18:26:16.427763"
"6644e46e-9fe5-4e83-8205-1d352d8085b5","3a27ca31-6e86-4115-887c-4f1b746cd282",NULL,"Cash Register Expense",1,0,25000,"0.00",0,NULL,NULL,NULL,NULL,1,"2026-03-21 18:26:16.649666","2026-03-21 18:26:16.649666"
"ecc153db-9d4b-4610-ab92-b9b648ca364f","5c998f87-d224-4744-8520-f05f9d3f0d4b",NULL,"Cash Register Expense",1,0,2150000,"0.00",0,NULL,NULL,NULL,NULL,1,"2026-03-21 18:26:16.86045","2026-03-21 18:26:16.86045"
"0adf3a21-7d40-401e-af3a-7019b4bd77cf","830166e3-92ac-40de-9398-35f4cfcd4905",NULL,"Cash Register Expense",1,0,50000,"0.00",0,NULL,NULL,NULL,NULL,1,"2026-03-21 18:26:17.275866","2026-03-21 18:26:17.275866"
"2b21ce98-be74-44b1-9fa1-a697286e7b47","1ec58245-d750-4505-a9d1-7b85d2221f23",NULL,"Cash Register Expense",1,0,108000,"0.00",0,NULL,NULL,NULL,NULL,1,"2026-03-21 18:26:17.07012","2026-03-21 18:26:44.745"
"7fd7e7ff-faa2-47c5-9547-ed05e8bed2eb","f3e2edc2-8f55-45e6-b123-914326918fad",NULL,"Cash Register Expense",1,0,300000,"0.00",0,NULL,NULL,NULL,NULL,1,"2026-03-21 18:33:04.127938","2026-03-21 18:33:04.127938"
"86bc319e-28f9-4196-a869-7da5a47c7a13","462b5e59-2318-4714-87b1-42783f3a9c42",NULL,"Cash Register Expense",1,0,60000,"0.00",0,NULL,NULL,NULL,NULL,1,"2026-03-21 18:33:04.336799","2026-03-21 18:33:04.336799"
"b448fd3c-2a26-4bd8-b093-0f493c343bca","92a45223-0887-42ee-b6e8-44748c413db1",NULL,"Cash Register Expense",1,0,110000,"0.00",0,NULL,NULL,NULL,NULL,1,"2026-03-21 18:33:04.543294","2026-03-21 18:33:04.543294"
"dad6f38a-8132-4529-8a48-80cedef327cf","7130bf3f-9a4f-4b08-b0e2-7151ac0b0790",NULL,"Cash Register Expense",1,0,300000,"0.00",0,NULL,NULL,NULL,NULL,1,"2026-03-21 18:33:04.962684","2026-03-21 18:33:04.962684"
"56e20f63-001b-4b15-83a8-245923d888a7","c243b8be-5d70-48e3-a685-fb6c36090bc8",NULL,"Cash Register Expense",1,0,1576000,"0.00",0,NULL,NULL,NULL,NULL,1,"2026-03-21 18:33:04.747817","2026-03-21 18:33:20.887"
"6258f8e4-64d7-4d04-b214-925ef56612cc","46ec1c8f-a3fa-43bc-80a3-4ad320602520",NULL,"Cash Register Expense",1,0,3090000,"0.00",0,NULL,NULL,NULL,NULL,1,"2026-03-21 18:35:05.268951","2026-03-21 18:35:05.268951"
"dabbb19b-a6d7-426b-a807-b7d8b63fe5af","b766cd52-a92f-4f18-ba8c-b734c708dfc6",NULL,"Cash Register Expense",1,0,100000,"0.00",0,NULL,NULL,NULL,NULL,1,"2026-03-21 18:35:05.809552","2026-03-21 18:35:05.809552"
"4b174ad5-bb9d-4144-b3b8-0697df3e459b","7b6b40c9-3c8e-4bc4-9c6d-bc2fa8c2a8ae",NULL,"Cash Register Expense",1,0,60000,"0.00",0,NULL,NULL,NULL,NULL,1,"2026-03-21 18:35:06.898412","2026-03-21 18:35:06.898412"
"315ae36a-5124-4060-a418-7c52b4898a52","3677c3c8-a4e6-4f06-81e9-3ac8f48949e7",NULL,"Cash Register Expense",1,0,300000,"0.00",0,NULL,NULL,NULL,NULL,1,"2026-03-21 18:35:07.425215","2026-03-21 18:35:07.425215"
"b15cbd7f-bccf-449b-a2e7-672eb2f9d136","7fbb6183-eb01-418b-993d-1f9496a602ef",NULL,"Cash Register Expense",1,0,140000,"0.00",0,NULL,NULL,NULL,NULL,1,"2026-03-21 18:35:06.364482","2026-03-21 18:35:48.224"
"ef041ac5-8a83-487e-a111-af2c9c3d090c","0b235785-8e3d-4bf5-9c75-03fb0f123163",NULL,"Cash Register Expense",1,0,930000,"0.00",0,NULL,NULL,NULL,NULL,1,"2026-03-21 18:37:19.186467","2026-03-21 18:37:19.186467"
"0bc432f9-014b-44ca-b4d3-42bafabd7cd6","5eb258a5-2a7e-4fe8-bc28-2b0147f4633f",NULL,"Cash Register Expense",1,0,760000,"0.00",0,NULL,NULL,NULL,NULL,1,"2026-03-21 18:37:19.727626","2026-03-21 18:37:19.727626"
"726d9a35-a169-4f87-bab1-78a494115530","e25f8f44-79ae-440d-bd0f-13faf0fb1449",NULL,"Cash Register Expense",1,0,30000,"0.00",0,NULL,NULL,NULL,NULL,1,"2026-03-21 18:37:20.807198","2026-03-21 18:37:20.807198"
"29266992-1dd6-4e75-a03c-0413a878789b","1204542f-9523-408e-938c-b5537f4d9a64",NULL,"Cash Register Expense",1,0,880000,"0.00",0,NULL,NULL,NULL,NULL,1,"2026-03-21 18:37:21.351183","2026-03-21 18:37:21.351183"
"ddcf9109-03c9-400e-968f-94018e4f64f9","685cfd99-6471-447a-b004-b09223bdbb8c",NULL,"Cash Register Expense",1,0,105000,"0.00",0,NULL,NULL,NULL,NULL,1,"2026-03-21 18:37:20.259244","2026-03-21 18:37:43.95"
"eb7aaa4e-e52a-4037-b7f1-0c8400467863","c62aa30d-6220-4427-80c4-b73d2f243186",NULL,"Cash Register Expense",1,0,25000,"0.00",0,NULL,NULL,NULL,NULL,1,"2026-03-21 18:38:58.777589","2026-03-21 18:38:58.777589"
"a53ba4ab-5521-4b1b-b467-2d8accf1d0e9","38d8dcb9-a8cf-4a24-ac87-897f8f5fc2d6",NULL,"Cash Register Expense",1,0,300000,"0.00",0,NULL,NULL,NULL,NULL,1,"2026-03-21 18:38:59.314981","2026-03-21 18:38:59.314981"
"074d21b8-b812-475d-b719-82a3ce617aac","2f2c9496-7c09-4de1-a79e-6104c21f912f",NULL,"Cash Register Expense",1,0,555000,"0.00",0,NULL,NULL,NULL,NULL,1,"2026-03-21 18:38:59.861773","2026-03-21 18:38:59.861773"
"b53845a2-1da3-4dc9-84a6-e1f406bd9f80","0fb1646d-afda-4e92-9529-da1c8bf7bd15",NULL,"Cash Register Expense",1,0,100000,"0.00",0,NULL,NULL,NULL,NULL,1,"2026-03-21 18:39:00.410881","2026-03-21 18:39:12.308"
"65c05085-f2e0-4a88-866d-c0493cd23a22","8732cc2d-3282-4447-bcd7-5b8d4571f4a8",NULL,"Cash Register Expense",1,0,300000,"0.00",0,NULL,NULL,NULL,NULL,1,"2026-03-21 18:40:16.281942","2026-03-21 18:40:16.281942"
"a5d60b63-5211-4233-bb5e-23156f98fce9","c13d60ae-a493-4fc8-8946-9c2cba5b95b0",NULL,"Cash Register Expense",1,0,300000,"0.00",0,NULL,NULL,NULL,NULL,1,"2026-03-21 18:40:16.822111","2026-03-21 18:40:16.822111"
"2392a1ab-0f97-4974-be28-ea6231377cf8","d423c36f-03ff-43a6-a521-852ab32fb598",NULL,"Cash Register Expense",1,0,1075000,"0.00",0,NULL,NULL,NULL,NULL,1,"2026-03-21 18:40:17.353257","2026-03-21 18:40:17.353257"
"13463358-b43c-40c5-962c-5267186dcf61","e435e167-b300-4d78-b2ac-44e14f00f82b",NULL,"Cash Register Expense",1,0,1666000,"0.00",0,NULL,NULL,NULL,NULL,1,"2026-03-21 18:43:35.205823","2026-03-21 18:43:35.205823"
"89dc2d69-c8f5-4bbd-9406-60cd00ec80d9","6bb2f72e-8ec0-4668-9343-067a685ba98b",NULL,"Cash Register Expense",1,0,40000,"0.00",0,NULL,NULL,NULL,NULL,1,"2026-03-21 18:43:35.743761","2026-03-21 18:43:35.743761"
"93006f69-7d7b-42d7-9d6e-fde54009cece","9bba1f76-0199-4d57-b7a8-0ad1467e2bc1",NULL,"Cash Register Expense",1,0,60000,"0.00",0,NULL,NULL,NULL,NULL,1,"2026-03-21 18:43:36.277256","2026-03-21 18:43:36.277256"
"86b2d9d8-c5f6-42e4-8bbf-9d67858c59d1","638a57f7-1d69-4e9f-b118-c5421c59945d",NULL,"Cash Register Expense",1,0,54900,"0.00",0,NULL,NULL,NULL,NULL,1,"2026-03-21 18:43:36.813199","2026-03-21 18:43:36.813199"
"6688df79-4ae8-4d19-b5df-73d0ebd2b871","1d8f7e4c-2001-4818-838d-c12cc31b6d6e",NULL,"Cash Register Expense",1,0,300000,"0.00",0,NULL,NULL,NULL,NULL,1,"2026-03-21 18:43:37.350277","2026-03-21 18:43:37.350277"
"e9634dca-0b34-47fe-9882-e8f6ce8e4a93","4ee78d4d-2a92-4631-8e93-f5162ca5408f",NULL,"Cash Register Expense",1,0,300000,"0.00",0,NULL,NULL,NULL,NULL,1,"2026-03-21 18:43:37.885164","2026-03-21 18:43:37.885164"
"60fd62e4-08fe-440b-8b6d-66724664264b","29cc1f52-e637-4c00-a707-6103d8f17e9f",NULL,"Cash Register Expense",1,0,108200,"0.00",0,NULL,NULL,NULL,NULL,1,"2026-03-21 18:43:38.423015","2026-03-21 18:43:38.423015"
"2cb62144-c9e3-41f1-be54-cad57417bb7b","9b4e423f-375a-449a-b8e7-6ce6eee47652",NULL,"Cash Register Expense",1,0,1315000,"0.00",0,NULL,NULL,NULL,NULL,1,"2026-03-21 18:43:38.980218","2026-03-21 18:43:38.980218"
"0dfd2a3d-c35b-4a9c-ba0c-315355bae169","376b09fc-73f3-4cbd-9b83-bd9b7f0b3eb5",NULL,"Cash Register Expense",1,0,830000,"0.00",0,NULL,NULL,NULL,NULL,1,"2026-03-21 18:45:28.1501","2026-03-21 18:45:28.1501"
"fb45fbc4-e768-4ce5-a485-290bd18134b9","78481e54-c779-4eb1-8223-2e7c965b907c",NULL,"Cash Register Expense",1,0,2000000,"0.00",0,NULL,NULL,NULL,NULL,1,"2026-03-21 18:45:28.707376","2026-03-21 18:45:28.707376"
"605dd288-bde6-4b50-b2a0-485371550993","8a269ec2-f027-4a9b-aed2-ba73ca9dde08",NULL,"Cash Register Expense",1,0,2200000,"0.00",0,NULL,NULL,NULL,NULL,1,"2026-03-21 18:45:29.372282","2026-03-21 18:45:29.372282"
"babf84d6-d247-4aff-af2c-333c14176d78","1edc5328-afd3-4ed2-8faf-b8f414f3a611",NULL,"Cash Register Expense",1,0,1700000,"0.00",0,NULL,NULL,NULL,NULL,1,"2026-03-21 18:45:29.903951","2026-03-21 18:45:29.903951"
"ba49ee44-ff61-460a-b52d-e3f6682de3c7","ffc924cf-0a60-4075-94c6-8906be3f1051",NULL,"Cash Register Expense",1,0,700000,"0.00",0,NULL,NULL,NULL,NULL,1,"2026-03-21 18:45:30.435068","2026-03-21 18:45:30.435068"
"4f089217-74bc-4e82-864a-93b8fcd3a2ad","04fb12bd-8992-445a-8d85-e2e283e56561",NULL,"Cash Register Expense",1,0,730000,"0.00",0,NULL,NULL,NULL,NULL,1,"2026-03-21 18:47:08.159263","2026-03-21 18:47:08.159263"
"45b7c94e-b6e6-43fe-b9db-c4613f1d2860","108ec2a1-4764-422c-aca8-ef1eff1de832",NULL,"Cash Register Expense",1,0,300000,"0.00",0,NULL,NULL,NULL,NULL,1,"2026-03-21 18:47:08.69519","2026-03-21 18:47:08.69519"
"95abbf63-12a4-48ab-b6b0-1d2cf4cc17cd","5963d530-5424-474f-950f-ef63c52003bf",NULL,"Cash Register Expense",1,0,800000,"0.00",0,NULL,NULL,NULL,NULL,1,"2026-03-21 18:47:09.235326","2026-03-21 18:47:09.235326"
"f2695846-eb9f-4136-8536-957ac1501dbc","4e2d9148-3750-461d-b8cc-47ef41e6168b",NULL,"Cash Register Expense",1,0,5000,"0.00",0,NULL,NULL,NULL,NULL,1,"2026-03-21 18:47:09.766719","2026-03-21 18:47:09.766719"
"bd6831a4-4a8f-4446-b029-cbf37ab2d045","db0974fe-3727-4ea0-a96f-cc97edcb2af9",NULL,"Cash Register Expense",1,0,490000,"0.00",0,NULL,NULL,NULL,NULL,1,"2026-03-21 18:47:51.470538","2026-03-21 18:47:51.470538"
"c0c14c50-281c-441b-a998-a14149480287","21e2dfe6-9512-4c05-8255-57275fbe2bec",NULL,"Cash Register Expense",1,0,106300,"0.00",0,NULL,NULL,NULL,NULL,1,"2026-03-21 18:49:55.829867","2026-03-21 18:49:55.829867"
"a460a01f-3713-4a23-867f-797ed9b1a2d5","611d05c2-55c8-444a-9742-13693f348d8d",NULL,"Cash Register Expense",1,0,25000,"0.00",0,NULL,NULL,NULL,NULL,1,"2026-03-21 18:49:56.369105","2026-03-21 18:49:56.369105"
"74693203-5d16-46d1-9260-21d38c3e4b3c","433714a2-8297-45ff-a8b4-4b6542d8e7a3",NULL,"Cash Register Expense",1,0,183500,"0.00",0,NULL,NULL,NULL,NULL,1,"2026-03-21 18:49:56.937144","2026-03-21 18:49:56.937144"
"b7b53bfb-f25c-491f-b741-08be86e58839","9ef0c738-eb54-4cb9-a34e-337acd6ad96c",NULL,"Cash Register Expense",1,0,20000,"0.00",0,NULL,NULL,NULL,NULL,1,"2026-03-21 18:49:57.476155","2026-03-21 18:49:57.476155"
"18df2d12-dcf7-4673-9b86-2c85599fd9f7","2bbf970c-ab7f-4b9a-bde4-7ee7b9311faa",NULL,"Cash Register Expense",1,0,340000,"0.00",0,NULL,NULL,NULL,NULL,1,"2026-03-21 18:49:58.032145","2026-03-21 18:49:58.032145"
"3e135637-a9e7-4aed-aeff-eafebd89f7b3","5205cda2-765c-412c-affb-4aa36eecbdc5",NULL,"Cash Register Expense",1,0,62000,"0.00",0,NULL,NULL,NULL,NULL,1,"2026-03-21 18:49:59.116903","2026-03-21 18:49:59.116903"
"c6188cd9-aee0-493f-8b74-69880cc4b17a","92816e48-5395-42c1-9670-7bd3701fd646",NULL,"Cash Register Expense",1,0,6900,"0.00",0,NULL,NULL,NULL,NULL,1,"2026-03-21 18:49:59.869776","2026-03-21 18:49:59.869776"
"3d7f62c0-8c70-47e8-ac2e-3f822eb202b1","29864f63-9141-493c-a713-07ed4a894fd9",NULL,"Cash Register Expense",1,0,300000,"0.00",0,NULL,NULL,NULL,NULL,1,"2026-03-21 18:50:00.424406","2026-03-21 18:50:00.424406"
"80f43d4f-4582-49b9-b9cf-096eae7c2ac8","d5fcf7d7-e59d-40b6-adb2-3bc4a0493bb0",NULL,"Cash Register Expense",1,0,11000,"0.00",0,NULL,NULL,NULL,NULL,1,"2026-03-21 18:49:58.574763","2026-03-21 18:50:19.206"
"2c05ab3e-1ce0-4925-8792-9b87d868e9de","b3b7841a-fad8-4f42-96b4-b701958f222c",NULL,"Cash Register Expense",1,0,300000,"0.00",0,NULL,NULL,NULL,NULL,1,"2026-03-21 18:51:11.912565","2026-03-21 18:51:11.912565"
"0b6d45bd-c68e-46f7-a165-c59c235d6423","c3decd51-1f40-482c-bd7d-aaa7584f6b3c",NULL,"Cash Register Expense",1,0,108000,"0.00",0,NULL,NULL,NULL,NULL,1,"2026-03-21 18:51:12.466828","2026-03-21 18:51:12.466828"
"a3933898-7343-414e-960e-d195698fcef7","2a90236b-e402-4bb3-8666-6d9bae4c153d",NULL,"Cash Register Expense",1,0,300000,"0.00",0,NULL,NULL,NULL,NULL,1,"2026-03-21 18:52:19.76337","2026-03-21 18:52:19.76337"
"d0a5d248-9915-4ddc-99c6-da96949c7762","d41dc40a-bfb4-4eba-89f7-d4054ea03c56",NULL,"Cash Register Expense",1,0,49600,"0.00",0,NULL,NULL,NULL,NULL,1,"2026-03-21 18:52:20.300545","2026-03-21 18:52:20.300545"
"98150c09-d577-42a4-a08a-dde5479f4e56","04118d52-b455-4799-98a6-b5ea4a7c345b",NULL,"Cash Register Expense",1,0,60000,"0.00",0,NULL,NULL,NULL,NULL,1,"2026-03-21 18:52:20.832717","2026-03-21 18:52:20.832717"
"0bea4132-2060-4a4b-a149-814f501d0250","6d279c95-8353-459d-9155-dbbc7b475b10",NULL,"Cash Register Expense",1,0,40000,"0.00",0,NULL,NULL,NULL,NULL,1,"2026-03-21 18:52:21.382761","2026-03-21 18:52:21.382761"
"e0a27404-e38c-4714-a9b1-3241e1e3f86f","951b97cb-05e4-48a3-a2c9-ffd2d54cdb8a",NULL,"Cash Register Expense",1,0,250000,"0.00",0,NULL,NULL,NULL,NULL,1,"2026-03-21 18:53:46.781264","2026-03-21 18:53:46.781264"
"ebcc24ab-cc19-4b2a-b26f-9afdf1dffafd","603750af-6755-4112-bb0d-60e4b2482001",NULL,"Cash Register Expense",1,0,80000,"0.00",0,NULL,NULL,NULL,NULL,1,"2026-03-21 18:53:46.987057","2026-03-21 18:53:46.987057"
"1dc61336-e975-4c86-8ec0-4e6a0e4cd330","3d92d259-cc54-4ba9-be5c-233141b76564",NULL,"Cash Register Expense",1,0,700000,"0.00",0,NULL,NULL,NULL,NULL,1,"2026-03-21 18:53:47.186203","2026-03-21 18:53:47.186203"
"866b0ad7-fb83-46c6-afa3-7c908820c4f3","117b93ba-5287-4f54-aea6-e863a8e959e3",NULL,"Cash Register Expense",1,0,28000,"0.00",0,NULL,NULL,NULL,NULL,1,"2026-03-21 18:53:47.381591","2026-03-21 18:54:00.108"
"79d75534-a1fc-44b6-bc8e-f74a1741afae","d151921c-95bb-42fb-b265-3e7b37d44b2d",NULL,"Cash Register Expense",1,0,6000,"0.00",0,NULL,NULL,NULL,NULL,1,"2026-03-21 18:54:41.115666","2026-03-21 18:54:41.115666"
"58fdf3ff-4db8-4ca8-9ec8-0589bdd7ed7a","138a8c33-06f7-45dc-ab0b-fcf11cde46be",NULL,"Cash Register Expense",1,0,40000,"0.00",0,NULL,NULL,NULL,NULL,1,"2026-03-21 18:55:23.567596","2026-03-21 18:55:23.567596"
"b52bb36d-974b-4aff-a861-efe931f90274","51df913c-4d17-4476-b59e-b185874ae07e",NULL,"Cash Register Expense",1,0,50000,"0.00",0,NULL,NULL,NULL,NULL,1,"2026-03-21 18:55:23.768197","2026-03-21 18:55:23.768197"
"aa336857-48b0-4e1c-b7b9-4b6a3ef933da","0f15ab21-f4ee-47af-86b1-5a5313f70c8b",NULL,"Cash Register Expense",1,0,87200,"0.00",0,NULL,NULL,NULL,NULL,1,"2026-03-21 18:55:23.965395","2026-03-21 18:55:23.965395"
"e07c8a16-1cb8-471a-8ca4-1207b1184262","93100c50-362b-415d-9ee6-f11251bf972b",NULL,"Cash Register Expense",1,0,730000,"0.00",0,NULL,NULL,NULL,NULL,1,"2026-03-21 18:56:56.612349","2026-03-21 18:56:56.612349"
"e9ee7531-39c4-42e7-b170-db52a161cac2","694130df-2b22-495a-ab25-9b7f2e46c326",NULL,"Cash Register Expense",1,0,60000,"0.00",0,NULL,NULL,NULL,NULL,1,"2026-03-21 18:56:56.81705","2026-03-21 18:56:56.81705"
"19b76392-43fc-4179-812f-e4c5d8b64ae8","fb0e0a5d-227d-4a16-8ef1-88a7988b8f01",NULL,"Cash Register Expense",1,0,44200,"0.00",0,NULL,NULL,NULL,NULL,1,"2026-03-21 18:56:57.084163","2026-03-21 18:56:57.084163"
"71a23a4a-2e0c-4aad-84ba-6e109de3e177","2a1b15f3-553c-4b5a-bf87-186351ee4a7f",NULL,"Cash Register Expense",1,0,77000,"0.00",0,NULL,NULL,NULL,NULL,1,"2026-03-21 18:56:57.285738","2026-03-21 18:56:57.285738"
"b1e0face-9576-4b79-b489-eb3db4e91c19","264bf697-20f0-447f-bdcc-56bd2c7add86",NULL,"Cash Register Expense",1,0,43000,"0.00",0,NULL,NULL,NULL,NULL,1,"2026-03-21 18:56:57.486281","2026-03-21 18:56:57.486281"
"e123fa77-6afb-4914-8c7d-55e65140de81","8b3b866b-8cee-4563-99a9-c61dc023e0ae",NULL,"Cash Register Expense",1,0,20000,"0.00",0,NULL,NULL,NULL,NULL,1,"2026-03-21 18:56:57.686256","2026-03-21 18:56:57.686256"
"8e5b7b77-0963-417a-97e3-5d23023b2495","7254cf2f-df4c-4e1f-a351-a4fc0ae1061b",NULL,"Cash Register Expense",1,0,200000,"0.00",0,NULL,NULL,NULL,NULL,1,"2026-03-21 18:56:57.884907","2026-03-21 18:56:57.884907"
"5f42a7b4-8a7d-4abd-9b46-9bd465e699ea","da9cc42f-02f4-4f56-a956-fef25caaadad",NULL,"Cash Register Expense",1,0,29100,"0.00",0,NULL,NULL,NULL,NULL,1,"2026-03-21 18:58:09.027827","2026-03-21 18:58:09.027827"
"79b3cd84-5493-4ef9-9ddd-74debf48c6da","ed3b74f9-ffc6-4f3e-aa54-f4010e3ad176",NULL,"Cash Register Expense",1,0,300000,"0.00",0,NULL,NULL,NULL,NULL,1,"2026-03-21 18:58:09.234112","2026-03-21 18:58:09.234112"
"69a916c6-cdfe-4ba2-918e-1dfbfadcb9e4","e8d51327-cf16-4f38-a283-650e570aec53",NULL,"Cash Register Expense",1,0,26100,"0.00",0,NULL,NULL,NULL,NULL,1,"2026-03-21 18:58:09.433046","2026-03-21 18:58:09.433046"
"6e62ce52-cc86-4a27-9fe1-b87fec208936","5b6ebd7a-3564-4d52-94a2-269c93f2ca51",NULL,"Cash Register Expense",1,0,1200000,"0.00",0,NULL,NULL,NULL,NULL,1,"2026-03-21 18:58:09.633686","2026-03-21 18:58:09.633686"
"e09ee774-afd2-494e-84f7-713de7950ffd","f003e7ef-d852-46a1-9645-381186a73441",NULL,"Cash Register Expense",1,0,108000,"0.00",0,NULL,NULL,NULL,NULL,1,"2026-03-21 18:58:09.841734","2026-03-21 18:58:39.812"
"f02ff7f7-981a-43c7-9448-b7fc06cb4726","3b4fe9af-99bf-4888-92a1-e096dd498113",NULL,"Consumable",1,0,273000,"0.00",0,NULL,NULL,NULL,NULL,1,"2026-03-22 11:28:20.630923","2026-03-22 11:28:20.630923"
"986d647d-1b52-40b3-ac35-49133c8d11b1","6c57e341-bc65-40d4-83e3-8016c5a2855a",NULL,"Coffee",1,0,4000,"0.00",0,NULL,NULL,NULL,NULL,1,"2026-03-22 11:29:14.615623","2026-03-22 11:29:14.615623"
"31fc51d2-a66c-4432-9685-eab4582dd731","f8655db6-91d4-468e-a52a-4c9bdfc385b5",NULL,"Diesel",1,0,300000,"0.00",0,NULL,NULL,NULL,NULL,1,"2026-03-23 04:28:56.550817","2026-03-23 04:28:56.550817"
"c2b151fb-5f24-4096-82d3-c173da7a0d8a","b4608fc5-d340-452d-8ed1-9e8c5b59c758",NULL,"Diesel",1,0,300000,"0.00",0,NULL,NULL,NULL,NULL,1,"2026-03-23 04:29:21.806856","2026-03-23 04:29:21.806856"
