Date,Voucher Type,Voucher Number,Account Code,Account Name,Parent Group,Group Path,Debit,Credit,Description
09/06/2025,Payment,AUTO-20260217-0006,5300,Operating Expenses,Operating Expenses,Expenses > Operating Expenses,4000.00,,Expense Voucher: EV-CR-20250609-4275 - Tulasi Ram Sai
09/06/2025,Payment,AUTO-20260217-0006,1001,Cash-in-Hand,Cash & Cash Equivalents,Assets > Current Assets > Cash & Cash Equivalents,,4000.00,Expense Voucher: EV-CR-20250609-4275 - Tulasi Ram Sai
11/06/2025,Payment,AUTO-20260217-0008,5300,Operating Expenses,Operating Expenses,Expenses > Operating Expenses,3000.00,,Expense Voucher: EV-CR-20250611-0565 - Santosh M
11/06/2025,Payment,AUTO-20260217-0008,1001,Cash-in-Hand,Cash & Cash Equivalents,Assets > Current Assets > Cash & Cash Equivalents,,3000.00,Expense Voucher: EV-CR-20250611-0565 - Santosh M
12/06/2025,Payment,AUTO-20260217-0010,5300,Operating Expenses,Operating Expenses,Expenses > Operating Expenses,110.00,,Expense Voucher: EV-CR-20250612-4508 -  Tulasi Ram Sai
12/06/2025,Payment,AUTO-20260217-0010,1001,Cash-in-Hand,Cash & Cash Equivalents,Assets > Current Assets > Cash & Cash Equivalents,,110.00,Expense Voucher: EV-CR-20250612-4508 -  Tulasi Ram Sai
13/06/2025,Payment,AUTO-20260217-0011,5300,Operating Expenses,Operating Expenses,Expenses > Operating Expenses,5840.00,,Expense Voucher: EV-CR-20250613-3165 - RO Filters
13/06/2025,Payment,AUTO-20260217-0011,1001,Cash-in-Hand,Cash & Cash Equivalents,Assets > Current Assets > Cash & Cash Equivalents,,5840.00,Expense Voucher: EV-CR-20250613-3165 - RO Filters
13/06/2025,Payment,AUTO-20260217-0012,5300,Operating Expenses,Operating Expenses,Expenses > Operating Expenses,260.00,,Expense Voucher: EV-CR-20250613-6237 - Tulasi Ram Sai
13/06/2025,Payment,AUTO-20260217-0012,1001,Cash-in-Hand,Cash & Cash Equivalents,Assets > Current Assets > Cash & Cash Equivalents,,260.00,Expense Voucher: EV-CR-20250613-6237 - Tulasi Ram Sai
13/06/2025,Payment,AUTO-20260217-0013,5300,Operating Expenses,Operating Expenses,Expenses > Operating Expenses,2100.00,,Expense Voucher: EV-CR-20250613-9292 - Tulasi Ram Sai
13/06/2025,Payment,AUTO-20260217-0013,1001,Cash-in-Hand,Cash & Cash Equivalents,Assets > Current Assets > Cash & Cash Equivalents,,2100.00,Expense Voucher: EV-CR-20250613-9292 - Tulasi Ram Sai
14/06/2025,Payment,AUTO-20260217-0015,5300,Operating Expenses,Operating Expenses,Expenses > Operating Expenses,3000.00,,Expense Voucher: EV-CR-20250614-2628 - Ramu
14/06/2025,Payment,AUTO-20260217-0015,1001,Cash-in-Hand,Cash & Cash Equivalents,Assets > Current Assets > Cash & Cash Equivalents,,3000.00,Expense Voucher: EV-CR-20250614-2628 - Ramu
16/06/2025,Payment,AUTO-20260217-0017,5300,Operating Expenses,Operating Expenses,Expenses > Operating Expenses,6000.00,,Expense Voucher: EV-CR-20250616-7790 - Santhosh M
16/06/2025,Payment,AUTO-20260217-0017,1001,Cash-in-Hand,Cash & Cash Equivalents,Assets > Current Assets > Cash & Cash Equivalents,,6000.00,Expense Voucher: EV-CR-20250616-7790 - Santhosh M
16/06/2025,Payment,AUTO-20260217-0018,5300,Operating Expenses,Operating Expenses,Expenses > Operating Expenses,500.00,,Expense Voucher: EV-CR-20250616-8725 - Santosh M
16/06/2025,Payment,AUTO-20260217-0018,1001,Cash-in-Hand,Cash & Cash Equivalents,Assets > Current Assets > Cash & Cash Equivalents,,500.00,Expense Voucher: EV-CR-20250616-8725 - Santosh M
17/06/2025,Payment,AUTO-20260217-0020,5300,Operating Expenses,Operating Expenses,Expenses > Operating Expenses,8400.00,,Expense Voucher: EV-CR-20250617-9251 - Milk Vendor
17/06/2025,Payment,AUTO-20260217-0020,1001,Cash-in-Hand,Cash & Cash Equivalents,Assets > Current Assets > Cash & Cash Equivalents,,8400.00,Expense Voucher: EV-CR-20250617-9251 - Milk Vendor
17/06/2025,Payment,AUTO-20260217-0021,5300,Operating Expenses,Operating Expenses,Expenses > Operating Expenses,200.00,,Expense Voucher: EV-CR-20250617-8100 - Naveen
17/06/2025,Payment,AUTO-20260217-0021,1001,Cash-in-Hand,Cash & Cash Equivalents,Assets > Current Assets > Cash & Cash Equivalents,,200.00,Expense Voucher: EV-CR-20250617-8100 - Naveen
17/06/2025,Payment,AUTO-20260217-0023,5300,Operating Expenses,Operating Expenses,Expenses > Operating Expenses,6000.00,,Expense Voucher: EV-CR-20250617-9339 - Santosh M
17/06/2025,Payment,AUTO-20260217-0023,1001,Cash-in-Hand,Cash & Cash Equivalents,Assets > Current Assets > Cash & Cash Equivalents,,6000.00,Expense Voucher: EV-CR-20250617-9339 - Santosh M
17/06/2025,Payment,AUTO-20260217-0024,5300,Operating Expenses,Operating Expenses,Expenses > Operating Expenses,300.00,,Expense Voucher: EV-CR-20250617-1162 - Government Charges
17/06/2025,Payment,AUTO-20260217-0024,1001,Cash-in-Hand,Cash & Cash Equivalents,Assets > Current Assets > Cash & Cash Equivalents,,300.00,Expense Voucher: EV-CR-20250617-1162 - Government Charges
17/06/2025,Payment,AUTO-20260217-0025,5300,Operating Expenses,Operating Expenses,Expenses > Operating Expenses,300.00,,Expense Voucher: EV-CR-20250617-1498 - Mohan Suppliers
17/06/2025,Payment,AUTO-20260217-0025,1001,Cash-in-Hand,Cash & Cash Equivalents,Assets > Current Assets > Cash & Cash Equivalents,,300.00,Expense Voucher: EV-CR-20250617-1498 - Mohan Suppliers
18/06/2025,Payment,AUTO-20260217-0026,5300,Operating Expenses,Operating Expenses,Expenses > Operating Expenses,40000.00,,Expense Voucher: EV-CR-20250618-8353 - Inmoisture Private Limited
18/06/2025,Payment,AUTO-20260217-0026,1001,Cash-in-Hand,Cash & Cash Equivalents,Assets > Current Assets > Cash & Cash Equivalents,,40000.00,Expense Voucher: EV-CR-20250618-8353 - Inmoisture Private Limited
18/06/2025,Payment,AUTO-20260217-0027,5300,Operating Expenses,Operating Expenses,Expenses > Operating Expenses,1000.00,,Expense Voucher: EV-CR-20250618-7347 - Tulasi Ram Sai
18/06/2025,Payment,AUTO-20260217-0027,1001,Cash-in-Hand,Cash & Cash Equivalents,Assets > Current Assets > Cash & Cash Equivalents,,1000.00,Expense Voucher: EV-CR-20250618-7347 - Tulasi Ram Sai
18/06/2025,Payment,AUTO-20260217-0028,5300,Operating Expenses,Operating Expenses,Expenses > Operating Expenses,7000.00,,Expense Voucher: EV-CR-20250618-9776 - Amma Vanilla
18/06/2025,Payment,AUTO-20260217-0028,1001,Cash-in-Hand,Cash & Cash Equivalents,Assets > Current Assets > Cash & Cash Equivalents,,7000.00,Expense Voucher: EV-CR-20250618-9776 - Amma Vanilla
18/06/2025,Payment,AUTO-20260217-0029,5300,Operating Expenses,Operating Expenses,Expenses > Operating Expenses,3000.00,,Expense Voucher: EV-CR-20250618-3605 - Kranthi
18/06/2025,Payment,AUTO-20260217-0029,1001,Cash-in-Hand,Cash & Cash Equivalents,Assets > Current Assets > Cash & Cash Equivalents,,3000.00,Expense Voucher: EV-CR-20250618-3605 - Kranthi
18/06/2025,Payment,AUTO-20260217-0030,5300,Operating Expenses,Operating Expenses,Expenses > Operating Expenses,100.00,,Expense Voucher: EV-CR-20250618-3853 - Shanbhu
18/06/2025,Payment,AUTO-20260217-0030,1001,Cash-in-Hand,Cash & Cash Equivalents,Assets > Current Assets > Cash & Cash Equivalents,,100.00,Expense Voucher: EV-CR-20250618-3853 - Shanbhu
19/06/2025,Payment,AUTO-20260217-0032,5300,Operating Expenses,Operating Expenses,Expenses > Operating Expenses,1500.00,,Expense Voucher: EV-CR-20250619-0198 - Kumar
19/06/2025,Payment,AUTO-20260217-0032,1001,Cash-in-Hand,Cash & Cash Equivalents,Assets > Current Assets > Cash & Cash Equivalents,,1500.00,Expense Voucher: EV-CR-20250619-0198 - Kumar
19/06/2025,Payment,AUTO-20260217-0033,5300,Operating Expenses,Operating Expenses,Expenses > Operating Expenses,800.00,,Expense Voucher: EV-CR-20250619-0296 - Tulasi Ram Sai
19/06/2025,Payment,AUTO-20260217-0033,1001,Cash-in-Hand,Cash & Cash Equivalents,Assets > Current Assets > Cash & Cash Equivalents,,800.00,Expense Voucher: EV-CR-20250619-0296 - Tulasi Ram Sai
19/06/2025,Payment,AUTO-20260217-0034,5300,Operating Expenses,Operating Expenses,Expenses > Operating Expenses,3300.00,,Expense Voucher: EV-CR-20250619-3946 - Kranthi
19/06/2025,Payment,AUTO-20260217-0034,1001,Cash-in-Hand,Cash & Cash Equivalents,Assets > Current Assets > Cash & Cash Equivalents,,3300.00,Expense Voucher: EV-CR-20250619-3946 - Kranthi
19/06/2025,Payment,AUTO-20260217-0035,5300,Operating Expenses,Operating Expenses,Expenses > Operating Expenses,600.00,,Expense Voucher: EV-CR-20250619-0629 - Tulasi Ram Sai
19/06/2025,Payment,AUTO-20260217-0035,1001,Cash-in-Hand,Cash & Cash Equivalents,Assets > Current Assets > Cash & Cash Equivalents,,600.00,Expense Voucher: EV-CR-20250619-0629 - Tulasi Ram Sai
19/06/2025,Payment,AUTO-20260217-0036,5300,Operating Expenses,Operating Expenses,Expenses > Operating Expenses,200.00,,Expense Voucher: EV-CR-20250619-8876 - Naveen 
19/06/2025,Payment,AUTO-20260217-0036,1001,Cash-in-Hand,Cash & Cash Equivalents,Assets > Current Assets > Cash & Cash Equivalents,,200.00,Expense Voucher: EV-CR-20250619-8876 - Naveen 
20/06/2025,Payment,AUTO-20260218-0002,5300,Operating Expenses,Operating Expenses,Expenses > Operating Expenses,5500.00,,Expense Voucher: EV-CR-20250620-9295 - Santosh M
20/06/2025,Payment,AUTO-20260218-0002,1001,Cash-in-Hand,Cash & Cash Equivalents,Assets > Current Assets > Cash & Cash Equivalents,,5500.00,Expense Voucher: EV-CR-20250620-9295 - Santosh M
20/06/2025,Payment,AUTO-20260218-0003,5300,Operating Expenses,Operating Expenses,Expenses > Operating Expenses,500.00,,Expense Voucher: EV-CR-20250620-0423 - Santosh M
20/06/2025,Payment,AUTO-20260218-0003,1001,Cash-in-Hand,Cash & Cash Equivalents,Assets > Current Assets > Cash & Cash Equivalents,,500.00,Expense Voucher: EV-CR-20250620-0423 - Santosh M
20/06/2025,Payment,AUTO-20260218-0004,5300,Operating Expenses,Operating Expenses,Expenses > Operating Expenses,300.00,,Expense Voucher: EV-CR-20250620-8718 - Government Charges
20/06/2025,Payment,AUTO-20260218-0004,1001,Cash-in-Hand,Cash & Cash Equivalents,Assets > Current Assets > Cash & Cash Equivalents,,300.00,Expense Voucher: EV-CR-20250620-8718 - Government Charges
21/06/2025,Payment,AUTO-20260218-0005,5300,Operating Expenses,Operating Expenses,Expenses > Operating Expenses,2000.00,,Expense Voucher: EV-CR-20250621-8094 - Tulasi Ram Sai
21/06/2025,Payment,AUTO-20260218-0005,1001,Cash-in-Hand,Cash & Cash Equivalents,Assets > Current Assets > Cash & Cash Equivalents,,2000.00,Expense Voucher: EV-CR-20250621-8094 - Tulasi Ram Sai
23/06/2025,Payment,AUTO-20260218-0007,5300,Operating Expenses,Operating Expenses,Expenses > Operating Expenses,3000.00,,Expense Voucher: EV-CR-20250623-2384 - Santosh M
23/06/2025,Payment,AUTO-20260218-0007,1001,Cash-in-Hand,Cash & Cash Equivalents,Assets > Current Assets > Cash & Cash Equivalents,,3000.00,Expense Voucher: EV-CR-20250623-2384 - Santosh M
24/06/2025,Payment,AUTO-20260218-0009,5300,Operating Expenses,Operating Expenses,Expenses > Operating Expenses,3000.00,,Expense Voucher: EV-CR-20250624-3250 - Ramesh M
24/06/2025,Payment,AUTO-20260218-0009,1001,Cash-in-Hand,Cash & Cash Equivalents,Assets > Current Assets > Cash & Cash Equivalents,,3000.00,Expense Voucher: EV-CR-20250624-3250 - Ramesh M
26/06/2025,Payment,AUTO-20260218-0012,5300,Operating Expenses,Operating Expenses,Expenses > Operating Expenses,3000.00,,Expense Voucher: EV-CR-20250626-6173 - Santosh M
26/06/2025,Payment,AUTO-20260218-0012,1001,Cash-in-Hand,Cash & Cash Equivalents,Assets > Current Assets > Cash & Cash Equivalents,,3000.00,Expense Voucher: EV-CR-20250626-6173 - Santosh M
26/06/2025,Payment,AUTO-20260218-0013,5300,Operating Expenses,Operating Expenses,Expenses > Operating Expenses,5000.00,,Expense Voucher: EV-CR-20250626-7946 - Mahesh
26/06/2025,Payment,AUTO-20260218-0013,1001,Cash-in-Hand,Cash & Cash Equivalents,Assets > Current Assets > Cash & Cash Equivalents,,5000.00,Expense Voucher: EV-CR-20250626-7946 - Mahesh
26/06/2025,Payment,AUTO-20260218-0014,5300,Operating Expenses,Operating Expenses,Expenses > Operating Expenses,1200.00,,Expense Voucher: EV-CR-20250626-6099 - Tulasi Ram Sai
26/06/2025,Payment,AUTO-20260218-0014,1001,Cash-in-Hand,Cash & Cash Equivalents,Assets > Current Assets > Cash & Cash Equivalents,,1200.00,Expense Voucher: EV-CR-20250626-6099 - Tulasi Ram Sai
26/06/2025,Payment,AUTO-20260218-0015,5300,Operating Expenses,Operating Expenses,Expenses > Operating Expenses,170.00,,Expense Voucher: EV-CR-20250626-5911 - Tulasi Ram Sai
26/06/2025,Payment,AUTO-20260218-0015,1001,Cash-in-Hand,Cash & Cash Equivalents,Assets > Current Assets > Cash & Cash Equivalents,,170.00,Expense Voucher: EV-CR-20250626-5911 - Tulasi Ram Sai
27/06/2025,Payment,AUTO-20260218-0017,5300,Operating Expenses,Operating Expenses,Expenses > Operating Expenses,1000.00,,Expense Voucher: EV-CR-20250627-4985 - Ramesh M
27/06/2025,Payment,AUTO-20260218-0017,1001,Cash-in-Hand,Cash & Cash Equivalents,Assets > Current Assets > Cash & Cash Equivalents,,1000.00,Expense Voucher: EV-CR-20250627-4985 - Ramesh M
28/06/2025,Payment,AUTO-20260218-0019,5300,Operating Expenses,Operating Expenses,Expenses > Operating Expenses,49500.00,,Expense Voucher: EV-CR-20250628-2028 - Sudhakar
28/06/2025,Payment,AUTO-20260218-0019,1001,Cash-in-Hand,Cash & Cash Equivalents,Assets > Current Assets > Cash & Cash Equivalents,,49500.00,Expense Voucher: EV-CR-20250628-2028 - Sudhakar
28/06/2025,Payment,AUTO-20260218-0020,5300,Operating Expenses,Operating Expenses,Expenses > Operating Expenses,2000.00,,Expense Voucher: EV-CR-20250628-1878 - Ramesh M
28/06/2025,Payment,AUTO-20260218-0020,1001,Cash-in-Hand,Cash & Cash Equivalents,Assets > Current Assets > Cash & Cash Equivalents,,2000.00,Expense Voucher: EV-CR-20250628-1878 - Ramesh M
30/06/2025,Payment,AUTO-20260218-0022,5300,Operating Expenses,Operating Expenses,Expenses > Operating Expenses,3000.00,,Expense Voucher: EV-CR-20250630-1509 - Santosh M
30/06/2025,Payment,AUTO-20260218-0022,1001,Cash-in-Hand,Cash & Cash Equivalents,Assets > Current Assets > Cash & Cash Equivalents,,3000.00,Expense Voucher: EV-CR-20250630-1509 - Santosh M
30/06/2025,Payment,AUTO-20260218-0023,5300,Operating Expenses,Operating Expenses,Expenses > Operating Expenses,100.00,,Expense Voucher: EV-CR-20250630-7267 - Santosh M
30/06/2025,Payment,AUTO-20260218-0023,1001,Cash-in-Hand,Cash & Cash Equivalents,Assets > Current Assets > Cash & Cash Equivalents,,100.00,Expense Voucher: EV-CR-20250630-7267 - Santosh M
30/06/2025,Payment,AUTO-20260218-0024,5300,Operating Expenses,Operating Expenses,Expenses > Operating Expenses,350.00,,Expense Voucher: EV-CR-20250630-8603 - Hari P
30/06/2025,Payment,AUTO-20260218-0024,1001,Cash-in-Hand,Cash & Cash Equivalents,Assets > Current Assets > Cash & Cash Equivalents,,350.00,Expense Voucher: EV-CR-20250630-8603 - Hari P
01/07/2025,Payment,AUTO-20260218-0026,5300,Operating Expenses,Operating Expenses,Expenses > Operating Expenses,8850.00,,Expense Voucher: EV-CR-20250701-8326 - SV LABS
01/07/2025,Payment,AUTO-20260218-0026,1001,Cash-in-Hand,Cash & Cash Equivalents,Assets > Current Assets > Cash & Cash Equivalents,,8850.00,Expense Voucher: EV-CR-20250701-8326 - SV LABS
01/07/2025,Payment,AUTO-20260218-0027,5300,Operating Expenses,Operating Expenses,Expenses > Operating Expenses,700.00,,Expense Voucher: EV-CR-20250701-6853 - Rapido
01/07/2025,Payment,AUTO-20260218-0027,1001,Cash-in-Hand,Cash & Cash Equivalents,Assets > Current Assets > Cash & Cash Equivalents,,700.00,Expense Voucher: EV-CR-20250701-6853 - Rapido
01/07/2025,Payment,AUTO-20260218-0028,5300,Operating Expenses,Operating Expenses,Expenses > Operating Expenses,300.00,,Expense Voucher: EV-CR-20250701-6059 - Tulasi Ram Sai
01/07/2025,Payment,AUTO-20260218-0028,1001,Cash-in-Hand,Cash & Cash Equivalents,Assets > Current Assets > Cash & Cash Equivalents,,300.00,Expense Voucher: EV-CR-20250701-6059 - Tulasi Ram Sai
02/07/2025,Payment,AUTO-20260218-0031,5300,Operating Expenses,Operating Expenses,Expenses > Operating Expenses,3000.00,,Expense Voucher: EV-CR-20250702-2936 - Hari
02/07/2025,Payment,AUTO-20260218-0031,1001,Cash-in-Hand,Cash & Cash Equivalents,Assets > Current Assets > Cash & Cash Equivalents,,3000.00,Expense Voucher: EV-CR-20250702-2936 - Hari
02/07/2025,Payment,AUTO-20260218-0032,5300,Operating Expenses,Operating Expenses,Expenses > Operating Expenses,1120.00,,Expense Voucher: EV-CR-20250702-4106 - Hari
02/07/2025,Payment,AUTO-20260218-0032,1001,Cash-in-Hand,Cash & Cash Equivalents,Assets > Current Assets > Cash & Cash Equivalents,,1120.00,Expense Voucher: EV-CR-20250702-4106 - Hari
02/07/2025,Payment,AUTO-20260218-0033,5300,Operating Expenses,Operating Expenses,Expenses > Operating Expenses,200.00,,Expense Voucher: EV-CR-20250702-3408 - Hari
02/07/2025,Payment,AUTO-20260218-0033,1001,Cash-in-Hand,Cash & Cash Equivalents,Assets > Current Assets > Cash & Cash Equivalents,,200.00,Expense Voucher: EV-CR-20250702-3408 - Hari
02/07/2025,Payment,AUTO-20260218-0034,5300,Operating Expenses,Operating Expenses,Expenses > Operating Expenses,600.00,,"Expense Voucher: EV-CR-20250702-8106 - Manekyam,Suribabu,Rambabu,Nukaraju"
02/07/2025,Payment,AUTO-20260218-0034,1001,Cash-in-Hand,Cash & Cash Equivalents,Assets > Current Assets > Cash & Cash Equivalents,,600.00,"Expense Voucher: EV-CR-20250702-8106 - Manekyam,Suribabu,Rambabu,Nukaraju"
02/07/2025,Payment,AUTO-20260218-0035,5300,Operating Expenses,Operating Expenses,Expenses > Operating Expenses,900.00,,Expense Voucher: EV-CR-20250702-6044 - Ramesh
02/07/2025,Payment,AUTO-20260218-0035,1001,Cash-in-Hand,Cash & Cash Equivalents,Assets > Current Assets > Cash & Cash Equivalents,,900.00,Expense Voucher: EV-CR-20250702-6044 - Ramesh
03/07/2025,Payment,AUTO-20260218-0037,5300,Operating Expenses,Operating Expenses,Expenses > Operating Expenses,3000.00,,Expense Voucher: EV-CR-20250703-0225 - Ramesh
03/07/2025,Payment,AUTO-20260218-0037,1001,Cash-in-Hand,Cash & Cash Equivalents,Assets > Current Assets > Cash & Cash Equivalents,,3000.00,Expense Voucher: EV-CR-20250703-0225 - Ramesh
03/07/2025,Payment,AUTO-20260218-0038,5300,Operating Expenses,Operating Expenses,Expenses > Operating Expenses,4080.00,,"Expense Voucher: EV-CR-20250703-1485 - Ramu,Nukaraju,Apparao,Suribabu"
03/07/2025,Payment,AUTO-20260218-0038,1001,Cash-in-Hand,Cash & Cash Equivalents,Assets > Current Assets > Cash & Cash Equivalents,,4080.00,"Expense Voucher: EV-CR-20250703-1485 - Ramu,Nukaraju,Apparao,Suribabu"
03/07/2025,Payment,AUTO-20260218-0039,5300,Operating Expenses,Operating Expenses,Expenses > Operating Expenses,500.00,,Expense Voucher: EV-CR-20250703-2359 - Durgarao
03/07/2025,Payment,AUTO-20260218-0039,1001,Cash-in-Hand,Cash & Cash Equivalents,Assets > Current Assets > Cash & Cash Equivalents,,500.00,Expense Voucher: EV-CR-20250703-2359 - Durgarao
03/07/2025,Payment,AUTO-20260218-0040,5300,Operating Expenses,Operating Expenses,Expenses > Operating Expenses,1700.00,,Expense Voucher: EV-CR-20250703-5628 - Joythi harwares
03/07/2025,Payment,AUTO-20260218-0040,1001,Cash-in-Hand,Cash & Cash Equivalents,Assets > Current Assets > Cash & Cash Equivalents,,1700.00,Expense Voucher: EV-CR-20250703-5628 - Joythi harwares
03/07/2025,Payment,AUTO-20260218-0041,5300,Operating Expenses,Operating Expenses,Expenses > Operating Expenses,300.00,,Expense Voucher: EV-CR-20250703-7826 - Police
03/07/2025,Payment,AUTO-20260218-0041,1001,Cash-in-Hand,Cash & Cash Equivalents,Assets > Current Assets > Cash & Cash Equivalents,,300.00,Expense Voucher: EV-CR-20250703-7826 - Police
04/07/2025,Payment,AUTO-20260218-0043,5300,Operating Expenses,Operating Expenses,Expenses > Operating Expenses,150.00,,Expense Voucher: EV-CR-20250704-3064 - Krishna
04/07/2025,Payment,AUTO-20260218-0043,1001,Cash-in-Hand,Cash & Cash Equivalents,Assets > Current Assets > Cash & Cash Equivalents,,150.00,Expense Voucher: EV-CR-20250704-3064 - Krishna
04/07/2025,Payment,AUTO-20260218-0044,5300,Operating Expenses,Operating Expenses,Expenses > Operating Expenses,140.00,,Expense Voucher: EV-CR-20250704-0672 - Durgarao
04/07/2025,Payment,AUTO-20260218-0044,1001,Cash-in-Hand,Cash & Cash Equivalents,Assets > Current Assets > Cash & Cash Equivalents,,140.00,Expense Voucher: EV-CR-20250704-0672 - Durgarao
05/07/2025,Payment,AUTO-20260218-0045,5300,Operating Expenses,Operating Expenses,Expenses > Operating Expenses,3000.00,,Expense Voucher: EV-CR-20250705-4630 - Santhosh
05/07/2025,Payment,AUTO-20260218-0045,1001,Cash-in-Hand,Cash & Cash Equivalents,Assets > Current Assets > Cash & Cash Equivalents,,3000.00,Expense Voucher: EV-CR-20250705-4630 - Santhosh
05/07/2025,Payment,AUTO-20260218-0046,5300,Operating Expenses,Operating Expenses,Expenses > Operating Expenses,500.00,,Expense Voucher: EV-CR-20250705-4703 - Santhosh
05/07/2025,Payment,AUTO-20260218-0046,1001,Cash-in-Hand,Cash & Cash Equivalents,Assets > Current Assets > Cash & Cash Equivalents,,500.00,Expense Voucher: EV-CR-20250705-4703 - Santhosh
05/07/2025,Payment,AUTO-20260218-0047,5300,Operating Expenses,Operating Expenses,Expenses > Operating Expenses,170.00,,Expense Voucher: EV-CR-20250705-7564 - G.K.Naidu books
05/07/2025,Payment,AUTO-20260218-0047,1001,Cash-in-Hand,Cash & Cash Equivalents,Assets > Current Assets > Cash & Cash Equivalents,,170.00,Expense Voucher: EV-CR-20250705-7564 - G.K.Naidu books
07/07/2025,Payment,AUTO-20260218-0049,5300,Operating Expenses,Operating Expenses,Expenses > Operating Expenses,600.00,,Expense Voucher: EV-CR-20250707-7085 - Rajesh
07/07/2025,Payment,AUTO-20260218-0049,1001,Cash-in-Hand,Cash & Cash Equivalents,Assets > Current Assets > Cash & Cash Equivalents,,600.00,Expense Voucher: EV-CR-20250707-7085 - Rajesh
07/07/2025,Payment,AUTO-20260218-0050,5300,Operating Expenses,Operating Expenses,Expenses > Operating Expenses,3000.00,,Expense Voucher: EV-CR-20250707-7924 - Santhosh
07/07/2025,Payment,AUTO-20260218-0050,1001,Cash-in-Hand,Cash & Cash Equivalents,Assets > Current Assets > Cash & Cash Equivalents,,3000.00,Expense Voucher: EV-CR-20250707-7924 - Santhosh
07/07/2025,Payment,AUTO-20260218-0051,5300,Operating Expenses,Operating Expenses,Expenses > Operating Expenses,1840.00,,Expense Voucher: EV-CR-20250707-4188 - Hydraulics and Rubber Products
07/07/2025,Payment,AUTO-20260218-0051,1001,Cash-in-Hand,Cash & Cash Equivalents,Assets > Current Assets > Cash & Cash Equivalents,,1840.00,Expense Voucher: EV-CR-20250707-4188 - Hydraulics and Rubber Products
07/07/2025,Payment,AUTO-20260218-0052,5300,Operating Expenses,Operating Expenses,Expenses > Operating Expenses,120.00,,Expense Voucher: EV-CR-20250707-5824 - K.G.N. Tyre works
07/07/2025,Payment,AUTO-20260218-0052,1001,Cash-in-Hand,Cash & Cash Equivalents,Assets > Current Assets > Cash & Cash Equivalents,,120.00,Expense Voucher: EV-CR-20250707-5824 - K.G.N. Tyre works
07/07/2025,Payment,AUTO-20260218-0053,5300,Operating Expenses,Operating Expenses,Expenses > Operating Expenses,6000.00,,Expense Voucher: EV-CR-20250707-2384 - Hari
07/07/2025,Payment,AUTO-20260218-0053,1001,Cash-in-Hand,Cash & Cash Equivalents,Assets > Current Assets > Cash & Cash Equivalents,,6000.00,Expense Voucher: EV-CR-20250707-2384 - Hari
07/07/2025,Payment,AUTO-20260218-0054,5300,Operating Expenses,Operating Expenses,Expenses > Operating Expenses,200.00,,Expense Voucher: EV-CR-20250707-4246 - Hari
07/07/2025,Payment,AUTO-20260218-0054,1001,Cash-in-Hand,Cash & Cash Equivalents,Assets > Current Assets > Cash & Cash Equivalents,,200.00,Expense Voucher: EV-CR-20250707-4246 - Hari
07/07/2025,Payment,AUTO-20260218-0055,5300,Operating Expenses,Operating Expenses,Expenses > Operating Expenses,800.00,,"Expense Voucher: EV-CR-20250707-1764 - Suribabu,Manikyam,Nanibabu,Raju"
07/07/2025,Payment,AUTO-20260218-0055,1001,Cash-in-Hand,Cash & Cash Equivalents,Assets > Current Assets > Cash & Cash Equivalents,,800.00,"Expense Voucher: EV-CR-20250707-1764 - Suribabu,Manikyam,Nanibabu,Raju"
08/07/2025,Payment,AUTO-20260218-0057,5300,Operating Expenses,Operating Expenses,Expenses > Operating Expenses,260.00,,"Expense Voucher: EV-CR-20250708-5926 - Raju,Suribabu"
08/07/2025,Payment,AUTO-20260218-0057,1001,Cash-in-Hand,Cash & Cash Equivalents,Assets > Current Assets > Cash & Cash Equivalents,,260.00,"Expense Voucher: EV-CR-20250708-5926 - Raju,Suribabu"
08/07/2025,Payment,AUTO-20260218-0058,5300,Operating Expenses,Operating Expenses,Expenses > Operating Expenses,3000.00,,Expense Voucher: EV-CR-20250708-0638 - Ramesh
08/07/2025,Payment,AUTO-20260218-0058,1001,Cash-in-Hand,Cash & Cash Equivalents,Assets > Current Assets > Cash & Cash Equivalents,,3000.00,Expense Voucher: EV-CR-20250708-0638 - Ramesh
08/07/2025,Payment,AUTO-20260218-0059,5300,Operating Expenses,Operating Expenses,Expenses > Operating Expenses,350.00,,Expense Voucher: EV-CR-20250708-6010 - Rapido
08/07/2025,Payment,AUTO-20260218-0059,1001,Cash-in-Hand,Cash & Cash Equivalents,Assets > Current Assets > Cash & Cash Equivalents,,350.00,Expense Voucher: EV-CR-20250708-6010 - Rapido
08/07/2025,Payment,AUTO-20260218-0060,5300,Operating Expenses,Operating Expenses,Expenses > Operating Expenses,200.00,,Expense Voucher: EV-CR-20250708-9224 - Naidu
08/07/2025,Payment,AUTO-20260218-0060,1001,Cash-in-Hand,Cash & Cash Equivalents,Assets > Current Assets > Cash & Cash Equivalents,,200.00,Expense Voucher: EV-CR-20250708-9224 - Naidu
08/07/2025,Payment,AUTO-20260218-0061,5300,Operating Expenses,Operating Expenses,Expenses > Operating Expenses,5000.00,,Expense Voucher: EV-CR-20250708-7380 - Suribabu
08/07/2025,Payment,AUTO-20260218-0061,1001,Cash-in-Hand,Cash & Cash Equivalents,Assets > Current Assets > Cash & Cash Equivalents,,5000.00,Expense Voucher: EV-CR-20250708-7380 - Suribabu
08/07/2025,Payment,AUTO-20260218-0063,5300,Operating Expenses,Operating Expenses,Expenses > Operating Expenses,5477.00,,Expense Voucher: EV-CR-20250708-9626 - Hydraulics and rubber products
08/07/2025,Payment,AUTO-20260218-0063,1001,Cash-in-Hand,Cash & Cash Equivalents,Assets > Current Assets > Cash & Cash Equivalents,,5477.00,Expense Voucher: EV-CR-20250708-9626 - Hydraulics and rubber products
08/07/2025,Payment,AUTO-20260218-0064,5300,Operating Expenses,Operating Expenses,Expenses > Operating Expenses,1000.00,,Expense Voucher: EV-CR-20250708-4565 - Bhagya
08/07/2025,Payment,AUTO-20260218-0064,1001,Cash-in-Hand,Cash & Cash Equivalents,Assets > Current Assets > Cash & Cash Equivalents,,1000.00,Expense Voucher: EV-CR-20250708-4565 - Bhagya
09/07/2025,Payment,AUTO-20260218-0065,5300,Operating Expenses,Operating Expenses,Expenses > Operating Expenses,6000.00,,Expense Voucher: EV-CR-20250709-2444 - Raju
09/07/2025,Payment,AUTO-20260218-0065,1001,Cash-in-Hand,Cash & Cash Equivalents,Assets > Current Assets > Cash & Cash Equivalents,,6000.00,Expense Voucher: EV-CR-20250709-2444 - Raju
09/07/2025,Payment,AUTO-20260218-0066,5300,Operating Expenses,Operating Expenses,Expenses > Operating Expenses,1000.00,,Expense Voucher: EV-CR-20250709-0044 - Manikyam
09/07/2025,Payment,AUTO-20260218-0066,1001,Cash-in-Hand,Cash & Cash Equivalents,Assets > Current Assets > Cash & Cash Equivalents,,1000.00,Expense Voucher: EV-CR-20250709-0044 - Manikyam
09/07/2025,Payment,AUTO-20260218-0067,5300,Operating Expenses,Operating Expenses,Expenses > Operating Expenses,3000.00,,Expense Voucher: EV-CR-20250709-9784 - Santhosh
09/07/2025,Payment,AUTO-20260218-0067,1001,Cash-in-Hand,Cash & Cash Equivalents,Assets > Current Assets > Cash & Cash Equivalents,,3000.00,Expense Voucher: EV-CR-20250709-9784 - Santhosh
09/07/2025,Payment,AUTO-20260218-0068,5300,Operating Expenses,Operating Expenses,Expenses > Operating Expenses,500.00,,Expense Voucher: EV-CR-20250709-1644 - Pankaj
09/07/2025,Payment,AUTO-20260218-0068,1001,Cash-in-Hand,Cash & Cash Equivalents,Assets > Current Assets > Cash & Cash Equivalents,,500.00,Expense Voucher: EV-CR-20250709-1644 - Pankaj
09/07/2025,Payment,AUTO-20260218-0069,5300,Operating Expenses,Operating Expenses,Expenses > Operating Expenses,2800.00,,Expense Voucher: EV-CR-20250709-1312 - Raju
09/07/2025,Payment,AUTO-20260218-0069,1001,Cash-in-Hand,Cash & Cash Equivalents,Assets > Current Assets > Cash & Cash Equivalents,,2800.00,Expense Voucher: EV-CR-20250709-1312 - Raju
11/07/2025,Payment,AUTO-20260218-0071,5300,Operating Expenses,Operating Expenses,Expenses > Operating Expenses,3000.00,,Expense Voucher: EV-CR-20250711-9183 - Ramesh
11/07/2025,Payment,AUTO-20260218-0071,1001,Cash-in-Hand,Cash & Cash Equivalents,Assets > Current Assets > Cash & Cash Equivalents,,3000.00,Expense Voucher: EV-CR-20250711-9183 - Ramesh
11/07/2025,Payment,AUTO-20260218-0072,5300,Operating Expenses,Operating Expenses,Expenses > Operating Expenses,2000.00,,Expense Voucher: EV-CR-20250711-4103 - Santhosh
11/07/2025,Payment,AUTO-20260218-0072,1001,Cash-in-Hand,Cash & Cash Equivalents,Assets > Current Assets > Cash & Cash Equivalents,,2000.00,Expense Voucher: EV-CR-20250711-4103 - Santhosh
11/07/2025,Payment,AUTO-20260218-0073,5300,Operating Expenses,Operating Expenses,Expenses > Operating Expenses,400.00,,Expense Voucher: EV-CR-20250711-0498 - Santhosh
11/07/2025,Payment,AUTO-20260218-0073,1001,Cash-in-Hand,Cash & Cash Equivalents,Assets > Current Assets > Cash & Cash Equivalents,,400.00,Expense Voucher: EV-CR-20250711-0498 - Santhosh
11/07/2025,Payment,AUTO-20260218-0074,5300,Operating Expenses,Operating Expenses,Expenses > Operating Expenses,450.00,,Expense Voucher: EV-CR-20250711-2860 - M. RAJ & CO
11/07/2025,Payment,AUTO-20260218-0074,1001,Cash-in-Hand,Cash & Cash Equivalents,Assets > Current Assets > Cash & Cash Equivalents,,450.00,Expense Voucher: EV-CR-20250711-2860 - M. RAJ & CO
12/07/2025,Payment,AUTO-20260218-0076,5300,Operating Expenses,Operating Expenses,Expenses > Operating Expenses,2000.00,,Expense Voucher: EV-CR-20250712-9987 - Raju
12/07/2025,Payment,AUTO-20260218-0076,1001,Cash-in-Hand,Cash & Cash Equivalents,Assets > Current Assets > Cash & Cash Equivalents,,2000.00,Expense Voucher: EV-CR-20250712-9987 - Raju
14/07/2025,Payment,AUTO-20260219-0003,5300,Operating Expenses,Operating Expenses,Expenses > Operating Expenses,1000.00,,Expense Voucher: EV-CR-20250714-1757 - Santhosh
14/07/2025,Payment,AUTO-20260219-0003,1001,Cash-in-Hand,Cash & Cash Equivalents,Assets > Current Assets > Cash & Cash Equivalents,,1000.00,Expense Voucher: EV-CR-20250714-1757 - Santhosh
14/07/2025,Payment,AUTO-20260219-0004,5300,Operating Expenses,Operating Expenses,Expenses > Operating Expenses,600.00,,Expense Voucher: EV-CR-20250714-8286 - Manykyam
14/07/2025,Payment,AUTO-20260219-0004,1001,Cash-in-Hand,Cash & Cash Equivalents,Assets > Current Assets > Cash & Cash Equivalents,,600.00,Expense Voucher: EV-CR-20250714-8286 - Manykyam
15/07/2025,Payment,AUTO-20260219-0006,5300,Operating Expenses,Operating Expenses,Expenses > Operating Expenses,3000.00,,Expense Voucher: EV-CR-20250715-5164 - Santhosh
15/07/2025,Payment,AUTO-20260219-0006,1001,Cash-in-Hand,Cash & Cash Equivalents,Assets > Current Assets > Cash & Cash Equivalents,,3000.00,Expense Voucher: EV-CR-20250715-5164 - Santhosh
16/07/2025,Payment,AUTO-20260219-0008,5300,Operating Expenses,Operating Expenses,Expenses > Operating Expenses,3000.00,,Expense Voucher: EV-CR-20250716-8170 - Ramesh
16/07/2025,Payment,AUTO-20260219-0008,1001,Cash-in-Hand,Cash & Cash Equivalents,Assets > Current Assets > Cash & Cash Equivalents,,3000.00,Expense Voucher: EV-CR-20250716-8170 - Ramesh
16/07/2025,Payment,AUTO-20260219-0009,5300,Operating Expenses,Operating Expenses,Expenses > Operating Expenses,6000.00,,Expense Voucher: EV-CR-20250716-5925 - Hari
16/07/2025,Payment,AUTO-20260219-0009,1001,Cash-in-Hand,Cash & Cash Equivalents,Assets > Current Assets > Cash & Cash Equivalents,,6000.00,Expense Voucher: EV-CR-20250716-5925 - Hari
16/07/2025,Payment,AUTO-20260219-0010,5300,Operating Expenses,Operating Expenses,Expenses > Operating Expenses,1300.00,,Expense Voucher: EV-CR-20250716-3006 - Tulsi Ram Sai
16/07/2025,Payment,AUTO-20260219-0010,1001,Cash-in-Hand,Cash & Cash Equivalents,Assets > Current Assets > Cash & Cash Equivalents,,1300.00,Expense Voucher: EV-CR-20250716-3006 - Tulsi Ram Sai
16/07/2025,Payment,AUTO-20260219-0011,5300,Operating Expenses,Operating Expenses,Expenses > Operating Expenses,1000.00,,Expense Voucher: EV-CR-20250716-3550 - Shyam 
16/07/2025,Payment,AUTO-20260219-0011,1001,Cash-in-Hand,Cash & Cash Equivalents,Assets > Current Assets > Cash & Cash Equivalents,,1000.00,Expense Voucher: EV-CR-20250716-3550 - Shyam 
16/07/2025,Payment,AUTO-20260219-0012,5300,Operating Expenses,Operating Expenses,Expenses > Operating Expenses,200.00,,Expense Voucher: EV-CR-20250716-3807 - Hari
16/07/2025,Payment,AUTO-20260219-0012,1001,Cash-in-Hand,Cash & Cash Equivalents,Assets > Current Assets > Cash & Cash Equivalents,,200.00,Expense Voucher: EV-CR-20250716-3807 - Hari
16/07/2025,Payment,AUTO-20260219-0013,5300,Operating Expenses,Operating Expenses,Expenses > Operating Expenses,150.00,,Expense Voucher: EV-CR-20250716-9684 - Rambabu
16/07/2025,Payment,AUTO-20260219-0013,1001,Cash-in-Hand,Cash & Cash Equivalents,Assets > Current Assets > Cash & Cash Equivalents,,150.00,Expense Voucher: EV-CR-20250716-9684 - Rambabu
16/07/2025,Payment,AUTO-20260219-0014,5300,Operating Expenses,Operating Expenses,Expenses > Operating Expenses,25000.00,,Expense Voucher: EV-CR-20250716-4765 - Vinodh
16/07/2025,Payment,AUTO-20260219-0014,1001,Cash-in-Hand,Cash & Cash Equivalents,Assets > Current Assets > Cash & Cash Equivalents,,25000.00,Expense Voucher: EV-CR-20250716-4765 - Vinodh
17/07/2025,Payment,AUTO-20260219-0016,5300,Operating Expenses,Operating Expenses,Expenses > Operating Expenses,3000.00,,Expense Voucher: EV-CR-20250717-7974 - Santhosh
17/07/2025,Payment,AUTO-20260219-0016,1001,Cash-in-Hand,Cash & Cash Equivalents,Assets > Current Assets > Cash & Cash Equivalents,,3000.00,Expense Voucher: EV-CR-20250717-7974 - Santhosh
17/07/2025,Payment,AUTO-20260219-0017,5300,Operating Expenses,Operating Expenses,Expenses > Operating Expenses,5000.00,,Expense Voucher: EV-CR-20250717-8925 - Vinod
17/07/2025,Payment,AUTO-20260219-0017,1001,Cash-in-Hand,Cash & Cash Equivalents,Assets > Current Assets > Cash & Cash Equivalents,,5000.00,Expense Voucher: EV-CR-20250717-8925 - Vinod
17/07/2025,Payment,AUTO-20260219-0018,5300,Operating Expenses,Operating Expenses,Expenses > Operating Expenses,180.00,,Expense Voucher: EV-CR-20250717-8064 - Rambabu
17/07/2025,Payment,AUTO-20260219-0018,1001,Cash-in-Hand,Cash & Cash Equivalents,Assets > Current Assets > Cash & Cash Equivalents,,180.00,Expense Voucher: EV-CR-20250717-8064 - Rambabu
17/07/2025,Payment,AUTO-20260219-0019,5300,Operating Expenses,Operating Expenses,Expenses > Operating Expenses,800.00,,Expense Voucher: EV-CR-20250717-7506 - Suribabu
17/07/2025,Payment,AUTO-20260219-0019,1001,Cash-in-Hand,Cash & Cash Equivalents,Assets > Current Assets > Cash & Cash Equivalents,,800.00,Expense Voucher: EV-CR-20250717-7506 - Suribabu
17/07/2025,Payment,AUTO-20260219-0020,5300,Operating Expenses,Operating Expenses,Expenses > Operating Expenses,350.00,,Expense Voucher: EV-CR-20250717-4031 - Hari
17/07/2025,Payment,AUTO-20260219-0020,1001,Cash-in-Hand,Cash & Cash Equivalents,Assets > Current Assets > Cash & Cash Equivalents,,350.00,Expense Voucher: EV-CR-20250717-4031 - Hari
17/07/2025,Payment,AUTO-20260219-0021,5300,Operating Expenses,Operating Expenses,Expenses > Operating Expenses,100.00,,Expense Voucher: EV-CR-20250717-7043 - Shyam
17/07/2025,Payment,AUTO-20260219-0021,1001,Cash-in-Hand,Cash & Cash Equivalents,Assets > Current Assets > Cash & Cash Equivalents,,100.00,Expense Voucher: EV-CR-20250717-7043 - Shyam
18/07/2025,Payment,AUTO-20260219-0022,5300,Operating Expenses,Operating Expenses,Expenses > Operating Expenses,3000.00,,Expense Voucher: EV-CR-20250718-9764 - Santhosh
18/07/2025,Payment,AUTO-20260219-0022,1001,Cash-in-Hand,Cash & Cash Equivalents,Assets > Current Assets > Cash & Cash Equivalents,,3000.00,Expense Voucher: EV-CR-20250718-9764 - Santhosh
19/07/2025,Payment,AUTO-20260219-0024,5300,Operating Expenses,Operating Expenses,Expenses > Operating Expenses,1000.00,,Expense Voucher: EV-CR-20250719-9318 - Taraq
19/07/2025,Payment,AUTO-20260219-0024,1001,Cash-in-Hand,Cash & Cash Equivalents,Assets > Current Assets > Cash & Cash Equivalents,,1000.00,Expense Voucher: EV-CR-20250719-9318 - Taraq
19/07/2025,Payment,AUTO-20260219-0025,5300,Operating Expenses,Operating Expenses,Expenses > Operating Expenses,5420.00,,Expense Voucher: EV-CR-20250719-9900 - Pankaj
19/07/2025,Payment,AUTO-20260219-0025,1001,Cash-in-Hand,Cash & Cash Equivalents,Assets > Current Assets > Cash & Cash Equivalents,,5420.00,Expense Voucher: EV-CR-20250719-9900 - Pankaj
19/07/2025,Payment,AUTO-20260219-0026,5300,Operating Expenses,Operating Expenses,Expenses > Operating Expenses,1312.00,,Expense Voucher: EV-CR-20250719-8119 - Electrical Department
19/07/2025,Payment,AUTO-20260219-0026,1001,Cash-in-Hand,Cash & Cash Equivalents,Assets > Current Assets > Cash & Cash Equivalents,,1312.00,Expense Voucher: EV-CR-20250719-8119 - Electrical Department
21/07/2025,Payment,AUTO-20260219-0028,5300,Operating Expenses,Operating Expenses,Expenses > Operating Expenses,3000.00,,Expense Voucher: EV-CR-20250721-2438 - Ramesh
21/07/2025,Payment,AUTO-20260219-0028,1001,Cash-in-Hand,Cash & Cash Equivalents,Assets > Current Assets > Cash & Cash Equivalents,,3000.00,Expense Voucher: EV-CR-20250721-2438 - Ramesh
21/07/2025,Payment,AUTO-20260219-0029,5300,Operating Expenses,Operating Expenses,Expenses > Operating Expenses,55.00,,Expense Voucher: EV-CR-20250721-3179 - Ganesh hardware
21/07/2025,Payment,AUTO-20260219-0029,1001,Cash-in-Hand,Cash & Cash Equivalents,Assets > Current Assets > Cash & Cash Equivalents,,55.00,Expense Voucher: EV-CR-20250721-3179 - Ganesh hardware
21/07/2025,Payment,AUTO-20260219-0030,5300,Operating Expenses,Operating Expenses,Expenses > Operating Expenses,2000.00,,Expense Voucher: EV-CR-20250721-8904 - Joythi hardwares
21/07/2025,Payment,AUTO-20260219-0030,1001,Cash-in-Hand,Cash & Cash Equivalents,Assets > Current Assets > Cash & Cash Equivalents,,2000.00,Expense Voucher: EV-CR-20250721-8904 - Joythi hardwares
21/07/2025,Payment,AUTO-20260219-0031,5300,Operating Expenses,Operating Expenses,Expenses > Operating Expenses,900.00,,Expense Voucher: EV-CR-20250721-0459 - Sai Electricals
21/07/2025,Payment,AUTO-20260219-0031,1001,Cash-in-Hand,Cash & Cash Equivalents,Assets > Current Assets > Cash & Cash Equivalents,,900.00,Expense Voucher: EV-CR-20250721-0459 - Sai Electricals
21/07/2025,Payment,AUTO-20260220-0001,5300,Operating Expenses,Operating Expenses,Expenses > Operating Expenses,2200.00,,Expense Voucher: EV-CR-20250721-1876 - Vasuvi engineering 
21/07/2025,Payment,AUTO-20260220-0001,1001,Cash-in-Hand,Cash & Cash Equivalents,Assets > Current Assets > Cash & Cash Equivalents,,2200.00,Expense Voucher: EV-CR-20250721-1876 - Vasuvi engineering 
21/07/2025,Payment,AUTO-20260220-0002,5300,Operating Expenses,Operating Expenses,Expenses > Operating Expenses,767.00,,Expense Voucher: EV-CR-20250721-5464 - Vasuvi engineering 
21/07/2025,Payment,AUTO-20260220-0002,1001,Cash-in-Hand,Cash & Cash Equivalents,Assets > Current Assets > Cash & Cash Equivalents,,767.00,Expense Voucher: EV-CR-20250721-5464 - Vasuvi engineering 
21/07/2025,Payment,AUTO-20260220-0003,5300,Operating Expenses,Operating Expenses,Expenses > Operating Expenses,1800.00,,Expense Voucher: EV-CR-20250721-6309 - Varunu Electrical
21/07/2025,Payment,AUTO-20260220-0003,1001,Cash-in-Hand,Cash & Cash Equivalents,Assets > Current Assets > Cash & Cash Equivalents,,1800.00,Expense Voucher: EV-CR-20250721-6309 - Varunu Electrical
21/07/2025,Payment,AUTO-20260220-0004,5300,Operating Expenses,Operating Expenses,Expenses > Operating Expenses,615.00,,Expense Voucher: EV-CR-20250721-7527 - Rapido
21/07/2025,Payment,AUTO-20260220-0004,1001,Cash-in-Hand,Cash & Cash Equivalents,Assets > Current Assets > Cash & Cash Equivalents,,615.00,Expense Voucher: EV-CR-20250721-7527 - Rapido
22/07/2025,Payment,AUTO-20260220-0006,5300,Operating Expenses,Operating Expenses,Expenses > Operating Expenses,3000.00,,Expense Voucher: EV-CR-20250722-2825 - Santhosh
22/07/2025,Payment,AUTO-20260220-0006,1001,Cash-in-Hand,Cash & Cash Equivalents,Assets > Current Assets > Cash & Cash Equivalents,,3000.00,Expense Voucher: EV-CR-20250722-2825 - Santhosh
22/07/2025,Payment,AUTO-20260220-0007,5300,Operating Expenses,Operating Expenses,Expenses > Operating Expenses,9333.00,,Expense Voucher: EV-CR-20250722-7284 - Pankaj
22/07/2025,Payment,AUTO-20260220-0007,1001,Cash-in-Hand,Cash & Cash Equivalents,Assets > Current Assets > Cash & Cash Equivalents,,9333.00,Expense Voucher: EV-CR-20250722-7284 - Pankaj
23/07/2025,Payment,AUTO-20260220-0009,5300,Operating Expenses,Operating Expenses,Expenses > Operating Expenses,3500.00,,Expense Voucher: EV-CR-20250723-2204 - Ramesh
23/07/2025,Payment,AUTO-20260220-0009,1001,Cash-in-Hand,Cash & Cash Equivalents,Assets > Current Assets > Cash & Cash Equivalents,,3500.00,Expense Voucher: EV-CR-20250723-2204 - Ramesh
23/07/2025,Payment,AUTO-20260220-0010,5300,Operating Expenses,Operating Expenses,Expenses > Operating Expenses,1500.00,,Expense Voucher: EV-CR-20250723-5485 - Varun Motors
23/07/2025,Payment,AUTO-20260220-0010,1001,Cash-in-Hand,Cash & Cash Equivalents,Assets > Current Assets > Cash & Cash Equivalents,,1500.00,Expense Voucher: EV-CR-20250723-5485 - Varun Motors
23/07/2025,Payment,AUTO-20260220-0011,5300,Operating Expenses,Operating Expenses,Expenses > Operating Expenses,3000.00,,Expense Voucher: EV-CR-20250723-6785 - Santhosh
23/07/2025,Payment,AUTO-20260220-0011,1001,Cash-in-Hand,Cash & Cash Equivalents,Assets > Current Assets > Cash & Cash Equivalents,,3000.00,Expense Voucher: EV-CR-20250723-6785 - Santhosh
23/07/2025,Payment,AUTO-20260220-0012,5300,Operating Expenses,Operating Expenses,Expenses > Operating Expenses,800.00,,Expense Voucher: EV-CR-20250723-0167 - Apparao
23/07/2025,Payment,AUTO-20260220-0012,1001,Cash-in-Hand,Cash & Cash Equivalents,Assets > Current Assets > Cash & Cash Equivalents,,800.00,Expense Voucher: EV-CR-20250723-0167 - Apparao
24/07/2025,Payment,AUTO-20260220-0014,5300,Operating Expenses,Operating Expenses,Expenses > Operating Expenses,3000.00,,Expense Voucher: EV-CR-20250724-6355 - Ramesh
24/07/2025,Payment,AUTO-20260220-0014,1001,Cash-in-Hand,Cash & Cash Equivalents,Assets > Current Assets > Cash & Cash Equivalents,,3000.00,Expense Voucher: EV-CR-20250724-6355 - Ramesh
24/07/2025,Payment,AUTO-20260220-0015,5300,Operating Expenses,Operating Expenses,Expenses > Operating Expenses,900.00,,Expense Voucher: EV-CR-20250724-6847 - Sri vasavi Paints Hardware and general stores
24/07/2025,Payment,AUTO-20260220-0015,1001,Cash-in-Hand,Cash & Cash Equivalents,Assets > Current Assets > Cash & Cash Equivalents,,900.00,Expense Voucher: EV-CR-20250724-6847 - Sri vasavi Paints Hardware and general stores
24/07/2025,Payment,AUTO-20260220-0016,5300,Operating Expenses,Operating Expenses,Expenses > Operating Expenses,150.00,,Expense Voucher: EV-CR-20250724-0145 - Apprao
24/07/2025,Payment,AUTO-20260220-0016,1001,Cash-in-Hand,Cash & Cash Equivalents,Assets > Current Assets > Cash & Cash Equivalents,,150.00,Expense Voucher: EV-CR-20250724-0145 - Apprao
24/07/2025,Payment,AUTO-20260220-0017,5300,Operating Expenses,Operating Expenses,Expenses > Operating Expenses,6000.00,,Expense Voucher: EV-CR-20250724-5364 - Hari
24/07/2025,Payment,AUTO-20260220-0017,1001,Cash-in-Hand,Cash & Cash Equivalents,Assets > Current Assets > Cash & Cash Equivalents,,6000.00,Expense Voucher: EV-CR-20250724-5364 - Hari
24/07/2025,Payment,AUTO-20260220-0018,5300,Operating Expenses,Operating Expenses,Expenses > Operating Expenses,1400.00,,Expense Voucher: EV-CR-20250724-6744 - Govinda Motors
24/07/2025,Payment,AUTO-20260220-0018,1001,Cash-in-Hand,Cash & Cash Equivalents,Assets > Current Assets > Cash & Cash Equivalents,,1400.00,Expense Voucher: EV-CR-20250724-6744 - Govinda Motors
24/07/2025,Payment,AUTO-20260220-0019,5300,Operating Expenses,Operating Expenses,Expenses > Operating Expenses,700.00,,Expense Voucher: EV-CR-20250724-3288 - Suribabu
24/07/2025,Payment,AUTO-20260220-0019,1001,Cash-in-Hand,Cash & Cash Equivalents,Assets > Current Assets > Cash & Cash Equivalents,,700.00,Expense Voucher: EV-CR-20250724-3288 - Suribabu
24/07/2025,Payment,AUTO-20260220-0020,5300,Operating Expenses,Operating Expenses,Expenses > Operating Expenses,200.00,,Expense Voucher: EV-CR-20250724-7265 - Hari
24/07/2025,Payment,AUTO-20260220-0020,1001,Cash-in-Hand,Cash & Cash Equivalents,Assets > Current Assets > Cash & Cash Equivalents,,200.00,Expense Voucher: EV-CR-20250724-7265 - Hari
25/07/2025,Payment,AUTO-20260220-0022,5300,Operating Expenses,Operating Expenses,Expenses > Operating Expenses,3000.00,,Expense Voucher: EV-CR-20250725-8027 - Santhosh
25/07/2025,Payment,AUTO-20260220-0022,1001,Cash-in-Hand,Cash & Cash Equivalents,Assets > Current Assets > Cash & Cash Equivalents,,3000.00,Expense Voucher: EV-CR-20250725-8027 - Santhosh
25/07/2025,Payment,AUTO-20260220-0023,5300,Operating Expenses,Operating Expenses,Expenses > Operating Expenses,500.00,,Expense Voucher: EV-CR-20250725-6644 - Pankaj
25/07/2025,Payment,AUTO-20260220-0023,1001,Cash-in-Hand,Cash & Cash Equivalents,Assets > Current Assets > Cash & Cash Equivalents,,500.00,Expense Voucher: EV-CR-20250725-6644 - Pankaj
25/07/2025,Payment,AUTO-20260220-0024,5300,Operating Expenses,Operating Expenses,Expenses > Operating Expenses,500.00,,Expense Voucher: EV-CR-20250725-5545 - Vamsi
25/07/2025,Payment,AUTO-20260220-0024,1001,Cash-in-Hand,Cash & Cash Equivalents,Assets > Current Assets > Cash & Cash Equivalents,,500.00,Expense Voucher: EV-CR-20250725-5545 - Vamsi
25/07/2025,Payment,AUTO-20260220-0025,5300,Operating Expenses,Operating Expenses,Expenses > Operating Expenses,200.00,,Expense Voucher: EV-CR-20250725-7645 - Naveen
25/07/2025,Payment,AUTO-20260220-0025,1001,Cash-in-Hand,Cash & Cash Equivalents,Assets > Current Assets > Cash & Cash Equivalents,,200.00,Expense Voucher: EV-CR-20250725-7645 - Naveen
26/07/2025,Payment,AUTO-20260220-0027,5300,Operating Expenses,Operating Expenses,Expenses > Operating Expenses,1150.00,,Expense Voucher: EV-CR-20250726-6106 - Vamsi
26/07/2025,Payment,AUTO-20260220-0027,1001,Cash-in-Hand,Cash & Cash Equivalents,Assets > Current Assets > Cash & Cash Equivalents,,1150.00,Expense Voucher: EV-CR-20250726-6106 - Vamsi
26/07/2025,Payment,AUTO-20260220-0028,5300,Operating Expenses,Operating Expenses,Expenses > Operating Expenses,400.00,,Expense Voucher: EV-CR-20250726-9176 - Manikyam
26/07/2025,Payment,AUTO-20260220-0028,1001,Cash-in-Hand,Cash & Cash Equivalents,Assets > Current Assets > Cash & Cash Equivalents,,400.00,Expense Voucher: EV-CR-20250726-9176 - Manikyam
26/07/2025,Payment,AUTO-20260220-0029,5300,Operating Expenses,Operating Expenses,Expenses > Operating Expenses,3000.00,,Expense Voucher: EV-CR-20250726-1210 - Ramesh
26/07/2025,Payment,AUTO-20260220-0029,1001,Cash-in-Hand,Cash & Cash Equivalents,Assets > Current Assets > Cash & Cash Equivalents,,3000.00,Expense Voucher: EV-CR-20250726-1210 - Ramesh
28/07/2025,Payment,AUTO-20260220-0031,5300,Operating Expenses,Operating Expenses,Expenses > Operating Expenses,3770.00,,Expense Voucher: EV-CR-20250728-3545 - Sai santhosh plumbing work
28/07/2025,Payment,AUTO-20260220-0031,1001,Cash-in-Hand,Cash & Cash Equivalents,Assets > Current Assets > Cash & Cash Equivalents,,3770.00,Expense Voucher: EV-CR-20250728-3545 - Sai santhosh plumbing work
29/07/2025,Payment,AUTO-20260220-0033,5300,Operating Expenses,Operating Expenses,Expenses > Operating Expenses,2500.00,,Expense Voucher: EV-CR-20250729-0826 - Santhosh
29/07/2025,Payment,AUTO-20260220-0033,1001,Cash-in-Hand,Cash & Cash Equivalents,Assets > Current Assets > Cash & Cash Equivalents,,2500.00,Expense Voucher: EV-CR-20250729-0826 - Santhosh
29/07/2025,Payment,AUTO-20260220-0034,5300,Operating Expenses,Operating Expenses,Expenses > Operating Expenses,500.00,,Expense Voucher: EV-CR-20250729-9904 - Tulasi
29/07/2025,Payment,AUTO-20260220-0034,1001,Cash-in-Hand,Cash & Cash Equivalents,Assets > Current Assets > Cash & Cash Equivalents,,500.00,Expense Voucher: EV-CR-20250729-9904 - Tulasi
29/07/2025,Payment,AUTO-20260220-0035,5300,Operating Expenses,Operating Expenses,Expenses > Operating Expenses,25000.00,,Expense Voucher: EV-CR-20250729-2925 - Tulasi
29/07/2025,Payment,AUTO-20260220-0035,1001,Cash-in-Hand,Cash & Cash Equivalents,Assets > Current Assets > Cash & Cash Equivalents,,25000.00,Expense Voucher: EV-CR-20250729-2925 - Tulasi
29/07/2025,Payment,AUTO-20260220-0036,5300,Operating Expenses,Operating Expenses,Expenses > Operating Expenses,1100.00,,Expense Voucher: EV-CR-20250729-1885 - Tulasi
29/07/2025,Payment,AUTO-20260220-0036,1001,Cash-in-Hand,Cash & Cash Equivalents,Assets > Current Assets > Cash & Cash Equivalents,,1100.00,Expense Voucher: EV-CR-20250729-1885 - Tulasi
29/07/2025,Payment,AUTO-20260220-0037,5300,Operating Expenses,Operating Expenses,Expenses > Operating Expenses,500.00,,Expense Voucher: EV-CR-20250729-3965 - Pankaj
29/07/2025,Payment,AUTO-20260220-0037,1001,Cash-in-Hand,Cash & Cash Equivalents,Assets > Current Assets > Cash & Cash Equivalents,,500.00,Expense Voucher: EV-CR-20250729-3965 - Pankaj
30/07/2025,Payment,AUTO-20260220-0039,5300,Operating Expenses,Operating Expenses,Expenses > Operating Expenses,3000.00,,Expense Voucher: EV-CR-20250730-4765 - Santhosh
30/07/2025,Payment,AUTO-20260220-0039,1001,Cash-in-Hand,Cash & Cash Equivalents,Assets > Current Assets > Cash & Cash Equivalents,,3000.00,Expense Voucher: EV-CR-20250730-4765 - Santhosh
30/07/2025,Payment,AUTO-20260220-0040,5300,Operating Expenses,Operating Expenses,Expenses > Operating Expenses,3000.00,,Expense Voucher: EV-CR-20250730-0308 - Ramesh
30/07/2025,Payment,AUTO-20260220-0040,1001,Cash-in-Hand,Cash & Cash Equivalents,Assets > Current Assets > Cash & Cash Equivalents,,3000.00,Expense Voucher: EV-CR-20250730-0308 - Ramesh
30/07/2025,Payment,AUTO-20260220-0041,5300,Operating Expenses,Operating Expenses,Expenses > Operating Expenses,1500.00,,Expense Voucher: EV-CR-20250730-3745 - Tulasi
30/07/2025,Payment,AUTO-20260220-0041,1001,Cash-in-Hand,Cash & Cash Equivalents,Assets > Current Assets > Cash & Cash Equivalents,,1500.00,Expense Voucher: EV-CR-20250730-3745 - Tulasi
30/07/2025,Payment,AUTO-20260220-0042,5300,Operating Expenses,Operating Expenses,Expenses > Operating Expenses,200.00,,Expense Voucher: EV-CR-20250730-1965 - Kiran
30/07/2025,Payment,AUTO-20260220-0042,1001,Cash-in-Hand,Cash & Cash Equivalents,Assets > Current Assets > Cash & Cash Equivalents,,200.00,Expense Voucher: EV-CR-20250730-1965 - Kiran
30/07/2025,Payment,AUTO-20260220-0043,5300,Operating Expenses,Operating Expenses,Expenses > Operating Expenses,200.00,,Expense Voucher: EV-CR-20250730-8107 - Hari
30/07/2025,Payment,AUTO-20260220-0043,1001,Cash-in-Hand,Cash & Cash Equivalents,Assets > Current Assets > Cash & Cash Equivalents,,200.00,Expense Voucher: EV-CR-20250730-8107 - Hari
30/07/2025,Payment,AUTO-20260220-0044,5300,Operating Expenses,Operating Expenses,Expenses > Operating Expenses,100.00,,Expense Voucher: EV-CR-20250730-2945 - police
30/07/2025,Payment,AUTO-20260220-0044,1001,Cash-in-Hand,Cash & Cash Equivalents,Assets > Current Assets > Cash & Cash Equivalents,,100.00,Expense Voucher: EV-CR-20250730-2945 - police
31/07/2025,Payment,AUTO-20260220-0046,5300,Operating Expenses,Operating Expenses,Expenses > Operating Expenses,3840.00,,Expense Voucher: EV-CR-20250731-3884 - Nanibabu
31/07/2025,Payment,AUTO-20260220-0046,1001,Cash-in-Hand,Cash & Cash Equivalents,Assets > Current Assets > Cash & Cash Equivalents,,3840.00,Expense Voucher: EV-CR-20250731-3884 - Nanibabu
02/08/2025,Payment,AUTO-20260220-0049,5300,Operating Expenses,Operating Expenses,Expenses > Operating Expenses,3000.00,,Expense Voucher: EV-CR-20250802-0951 - Ramesh
02/08/2025,Payment,AUTO-20260220-0049,1001,Cash-in-Hand,Cash & Cash Equivalents,Assets > Current Assets > Cash & Cash Equivalents,,3000.00,Expense Voucher: EV-CR-20250802-0951 - Ramesh
02/08/2025,Payment,AUTO-20260220-0050,5300,Operating Expenses,Operating Expenses,Expenses > Operating Expenses,3000.00,,Expense Voucher: EV-CR-20250802-4204 - Santhosh
02/08/2025,Payment,AUTO-20260220-0050,1001,Cash-in-Hand,Cash & Cash Equivalents,Assets > Current Assets > Cash & Cash Equivalents,,3000.00,Expense Voucher: EV-CR-20250802-4204 - Santhosh
02/08/2025,Payment,AUTO-20260220-0051,5300,Operating Expenses,Operating Expenses,Expenses > Operating Expenses,1500.00,,Expense Voucher: EV-CR-20250802-7280 - Vamsi
02/08/2025,Payment,AUTO-20260220-0051,1001,Cash-in-Hand,Cash & Cash Equivalents,Assets > Current Assets > Cash & Cash Equivalents,,1500.00,Expense Voucher: EV-CR-20250802-7280 - Vamsi
02/08/2025,Payment,AUTO-20260220-0052,5300,Operating Expenses,Operating Expenses,Expenses > Operating Expenses,200.00,,Expense Voucher: EV-CR-20250802-5125 - Sai hardware
02/08/2025,Payment,AUTO-20260220-0052,1001,Cash-in-Hand,Cash & Cash Equivalents,Assets > Current Assets > Cash & Cash Equivalents,,200.00,Expense Voucher: EV-CR-20250802-5125 - Sai hardware
04/08/2025,Payment,AUTO-20260220-0054,5300,Operating Expenses,Operating Expenses,Expenses > Operating Expenses,100.00,,Expense Voucher: EV-CR-20250804-5663 - Krishna
04/08/2025,Payment,AUTO-20260220-0054,1001,Cash-in-Hand,Cash & Cash Equivalents,Assets > Current Assets > Cash & Cash Equivalents,,100.00,Expense Voucher: EV-CR-20250804-5663 - Krishna
04/08/2025,Payment,AUTO-20260220-0055,5300,Operating Expenses,Operating Expenses,Expenses > Operating Expenses,60.00,,Expense Voucher: EV-CR-20250804-4050 - Krishna
04/08/2025,Payment,AUTO-20260220-0055,1001,Cash-in-Hand,Cash & Cash Equivalents,Assets > Current Assets > Cash & Cash Equivalents,,60.00,Expense Voucher: EV-CR-20250804-4050 - Krishna
05/08/2025,Payment,AUTO-20260220-0057,5300,Operating Expenses,Operating Expenses,Expenses > Operating Expenses,6340.00,,Expense Voucher: EV-CR-20250805-6325 - Tulasi
05/08/2025,Payment,AUTO-20260220-0057,1001,Cash-in-Hand,Cash & Cash Equivalents,Assets > Current Assets > Cash & Cash Equivalents,,6340.00,Expense Voucher: EV-CR-20250805-6325 - Tulasi
05/08/2025,Payment,AUTO-20260220-0058,5300,Operating Expenses,Operating Expenses,Expenses > Operating Expenses,600.00,,Expense Voucher: EV-CR-20250805-8533 - Tulasi
05/08/2025,Payment,AUTO-20260220-0058,1001,Cash-in-Hand,Cash & Cash Equivalents,Assets > Current Assets > Cash & Cash Equivalents,,600.00,Expense Voucher: EV-CR-20250805-8533 - Tulasi
05/08/2025,Payment,AUTO-20260220-0059,5300,Operating Expenses,Operating Expenses,Expenses > Operating Expenses,500.00,,Expense Voucher: EV-CR-20250805-4104 - Pankaj
05/08/2025,Payment,AUTO-20260220-0059,1001,Cash-in-Hand,Cash & Cash Equivalents,Assets > Current Assets > Cash & Cash Equivalents,,500.00,Expense Voucher: EV-CR-20250805-4104 - Pankaj
06/08/2025,Payment,AUTO-20260220-0061,5300,Operating Expenses,Operating Expenses,Expenses > Operating Expenses,3000.00,,Expense Voucher: EV-CR-20250806-6423 - Ramesh
06/08/2025,Payment,AUTO-20260220-0061,1001,Cash-in-Hand,Cash & Cash Equivalents,Assets > Current Assets > Cash & Cash Equivalents,,3000.00,Expense Voucher: EV-CR-20250806-6423 - Ramesh
06/08/2025,Payment,AUTO-20260220-0062,5300,Operating Expenses,Operating Expenses,Expenses > Operating Expenses,3000.00,,Expense Voucher: EV-CR-20250806-2328 - Santhosh
06/08/2025,Payment,AUTO-20260220-0062,1001,Cash-in-Hand,Cash & Cash Equivalents,Assets > Current Assets > Cash & Cash Equivalents,,3000.00,Expense Voucher: EV-CR-20250806-2328 - Santhosh
06/08/2025,Payment,AUTO-20260220-0063,5300,Operating Expenses,Operating Expenses,Expenses > Operating Expenses,500.00,,Expense Voucher: EV-CR-20250806-0064 - Tulasi
06/08/2025,Payment,AUTO-20260220-0063,1001,Cash-in-Hand,Cash & Cash Equivalents,Assets > Current Assets > Cash & Cash Equivalents,,500.00,Expense Voucher: EV-CR-20250806-0064 - Tulasi
06/08/2025,Payment,AUTO-20260220-0064,5300,Operating Expenses,Operating Expenses,Expenses > Operating Expenses,6000.00,,Expense Voucher: EV-CR-20250806-8603 - Hari
06/08/2025,Payment,AUTO-20260220-0064,1001,Cash-in-Hand,Cash & Cash Equivalents,Assets > Current Assets > Cash & Cash Equivalents,,6000.00,Expense Voucher: EV-CR-20250806-8603 - Hari
06/08/2025,Payment,AUTO-20260220-0065,5300,Operating Expenses,Operating Expenses,Expenses > Operating Expenses,200.00,,Expense Voucher: EV-CR-20250806-7463 - hari
06/08/2025,Payment,AUTO-20260220-0065,1001,Cash-in-Hand,Cash & Cash Equivalents,Assets > Current Assets > Cash & Cash Equivalents,,200.00,Expense Voucher: EV-CR-20250806-7463 - hari
06/08/2025,Payment,AUTO-20260220-0066,5300,Operating Expenses,Operating Expenses,Expenses > Operating Expenses,400.00,,Expense Voucher: EV-CR-20250806-3980 - Tulasi
06/08/2025,Payment,AUTO-20260220-0066,1001,Cash-in-Hand,Cash & Cash Equivalents,Assets > Current Assets > Cash & Cash Equivalents,,400.00,Expense Voucher: EV-CR-20250806-3980 - Tulasi
06/08/2025,Payment,AUTO-20260220-0067,5300,Operating Expenses,Operating Expenses,Expenses > Operating Expenses,700.00,,Expense Voucher: EV-CR-20250806-5317 - Manikyam
06/08/2025,Payment,AUTO-20260220-0067,1001,Cash-in-Hand,Cash & Cash Equivalents,Assets > Current Assets > Cash & Cash Equivalents,,700.00,Expense Voucher: EV-CR-20250806-5317 - Manikyam
06/08/2025,Payment,AUTO-20260220-0068,5300,Operating Expenses,Operating Expenses,Expenses > Operating Expenses,1400.00,,Expense Voucher: EV-CR-20250806-1934 - Hari
06/08/2025,Payment,AUTO-20260220-0068,1001,Cash-in-Hand,Cash & Cash Equivalents,Assets > Current Assets > Cash & Cash Equivalents,,1400.00,Expense Voucher: EV-CR-20250806-1934 - Hari
08/08/2025,Payment,AUTO-20260220-0070,5300,Operating Expenses,Operating Expenses,Expenses > Operating Expenses,6000.00,,Expense Voucher: EV-CR-20250808-1946 - Hari
08/08/2025,Payment,AUTO-20260220-0070,1001,Cash-in-Hand,Cash & Cash Equivalents,Assets > Current Assets > Cash & Cash Equivalents,,6000.00,Expense Voucher: EV-CR-20250808-1946 - Hari
08/08/2025,Payment,AUTO-20260220-0071,5300,Operating Expenses,Operating Expenses,Expenses > Operating Expenses,200.00,,Expense Voucher: EV-CR-20250808-3821 - Hari
08/08/2025,Payment,AUTO-20260220-0071,1001,Cash-in-Hand,Cash & Cash Equivalents,Assets > Current Assets > Cash & Cash Equivalents,,200.00,Expense Voucher: EV-CR-20250808-3821 - Hari
08/08/2025,Payment,AUTO-20260220-0072,5300,Operating Expenses,Operating Expenses,Expenses > Operating Expenses,100.00,,Expense Voucher: EV-CR-20250808-8077 - Police
08/08/2025,Payment,AUTO-20260220-0072,1001,Cash-in-Hand,Cash & Cash Equivalents,Assets > Current Assets > Cash & Cash Equivalents,,100.00,Expense Voucher: EV-CR-20250808-8077 - Police
08/08/2025,Payment,AUTO-20260220-0073,5300,Operating Expenses,Operating Expenses,Expenses > Operating Expenses,700.00,,Expense Voucher: EV-CR-20250808-4816 - Manikyam
08/08/2025,Payment,AUTO-20260220-0073,1001,Cash-in-Hand,Cash & Cash Equivalents,Assets > Current Assets > Cash & Cash Equivalents,,700.00,Expense Voucher: EV-CR-20250808-4816 - Manikyam
08/08/2025,Payment,AUTO-20260220-0074,5300,Operating Expenses,Operating Expenses,Expenses > Operating Expenses,300.00,,Expense Voucher: EV-CR-20250808-5535 - Vamsi
08/08/2025,Payment,AUTO-20260220-0074,1001,Cash-in-Hand,Cash & Cash Equivalents,Assets > Current Assets > Cash & Cash Equivalents,,300.00,Expense Voucher: EV-CR-20250808-5535 - Vamsi
08/08/2025,Payment,AUTO-20260220-0075,5300,Operating Expenses,Operating Expenses,Expenses > Operating Expenses,1040.00,,Expense Voucher: EV-CR-20250808-6972 - Naveen
08/08/2025,Payment,AUTO-20260220-0075,1001,Cash-in-Hand,Cash & Cash Equivalents,Assets > Current Assets > Cash & Cash Equivalents,,1040.00,Expense Voucher: EV-CR-20250808-6972 - Naveen
08/08/2025,Payment,AUTO-20260220-0076,5300,Operating Expenses,Operating Expenses,Expenses > Operating Expenses,3000.00,,Expense Voucher: EV-CR-20250808-0637 - Ramesh
08/08/2025,Payment,AUTO-20260220-0076,1001,Cash-in-Hand,Cash & Cash Equivalents,Assets > Current Assets > Cash & Cash Equivalents,,3000.00,Expense Voucher: EV-CR-20250808-0637 - Ramesh
08/08/2025,Payment,AUTO-20260220-0077,5300,Operating Expenses,Operating Expenses,Expenses > Operating Expenses,150.00,,Expense Voucher: EV-CR-20250808-0010 - ramesh
08/08/2025,Payment,AUTO-20260220-0077,1001,Cash-in-Hand,Cash & Cash Equivalents,Assets > Current Assets > Cash & Cash Equivalents,,150.00,Expense Voucher: EV-CR-20250808-0010 - ramesh
09/08/2025,Payment,AUTO-20260220-0079,5300,Operating Expenses,Operating Expenses,Expenses > Operating Expenses,3000.00,,Expense Voucher: EV-CR-20250809-5723 - Ramesh
09/08/2025,Payment,AUTO-20260220-0079,1001,Cash-in-Hand,Cash & Cash Equivalents,Assets > Current Assets > Cash & Cash Equivalents,,3000.00,Expense Voucher: EV-CR-20250809-5723 - Ramesh
09/08/2025,Payment,AUTO-20260220-0080,5300,Operating Expenses,Operating Expenses,Expenses > Operating Expenses,2800.00,,Expense Voucher: EV-CR-20250809-7396 - PNR powers tools
09/08/2025,Payment,AUTO-20260220-0080,1001,Cash-in-Hand,Cash & Cash Equivalents,Assets > Current Assets > Cash & Cash Equivalents,,2800.00,Expense Voucher: EV-CR-20250809-7396 - PNR powers tools
09/08/2025,Payment,AUTO-20260220-0081,5300,Operating Expenses,Operating Expenses,Expenses > Operating Expenses,200.00,,Expense Voucher: EV-CR-20250809-8982 - Naveen
09/08/2025,Payment,AUTO-20260220-0081,1001,Cash-in-Hand,Cash & Cash Equivalents,Assets > Current Assets > Cash & Cash Equivalents,,200.00,Expense Voucher: EV-CR-20250809-8982 - Naveen
09/08/2025,Payment,AUTO-20260220-0082,5300,Operating Expenses,Operating Expenses,Expenses > Operating Expenses,2700.00,,Expense Voucher: EV-CR-20250809-4242 - Apparao
09/08/2025,Payment,AUTO-20260220-0082,1001,Cash-in-Hand,Cash & Cash Equivalents,Assets > Current Assets > Cash & Cash Equivalents,,2700.00,Expense Voucher: EV-CR-20250809-4242 - Apparao
09/08/2025,Payment,AUTO-20260220-0083,5300,Operating Expenses,Operating Expenses,Expenses > Operating Expenses,150.00,,Expense Voucher: EV-CR-20250809-9994 - Sai Paints
09/08/2025,Payment,AUTO-20260220-0083,1001,Cash-in-Hand,Cash & Cash Equivalents,Assets > Current Assets > Cash & Cash Equivalents,,150.00,Expense Voucher: EV-CR-20250809-9994 - Sai Paints
11/08/2025,Payment,AUTO-20260220-0085,5300,Operating Expenses,Operating Expenses,Expenses > Operating Expenses,390.00,,Expense Voucher: EV-CR-20250811-4371 - Govindh pipes
11/08/2025,Payment,AUTO-20260220-0085,1001,Cash-in-Hand,Cash & Cash Equivalents,Assets > Current Assets > Cash & Cash Equivalents,,390.00,Expense Voucher: EV-CR-20250811-4371 - Govindh pipes
11/08/2025,Payment,AUTO-20260220-0086,5300,Operating Expenses,Operating Expenses,Expenses > Operating Expenses,5000.00,,Expense Voucher: EV-CR-20250811-8602 - Hari
11/08/2025,Payment,AUTO-20260220-0086,1001,Cash-in-Hand,Cash & Cash Equivalents,Assets > Current Assets > Cash & Cash Equivalents,,5000.00,Expense Voucher: EV-CR-20250811-8602 - Hari
12/08/2025,Payment,AUTO-20260220-0088,5300,Operating Expenses,Operating Expenses,Expenses > Operating Expenses,3000.00,,Expense Voucher: EV-CR-20250812-4921 - Santhosh
12/08/2025,Payment,AUTO-20260220-0088,1001,Cash-in-Hand,Cash & Cash Equivalents,Assets > Current Assets > Cash & Cash Equivalents,,3000.00,Expense Voucher: EV-CR-20250812-4921 - Santhosh
12/08/2025,Payment,AUTO-20260221-0001,5300,Operating Expenses,Operating Expenses,Expenses > Operating Expenses,260.00,,Expense Voucher: EV-CR-20250812-4050 - Books store
12/08/2025,Payment,AUTO-20260221-0001,1001,Cash-in-Hand,Cash & Cash Equivalents,Assets > Current Assets > Cash & Cash Equivalents,,260.00,Expense Voucher: EV-CR-20250812-4050 - Books store
12/08/2025,Payment,AUTO-20260221-0002,5300,Operating Expenses,Operating Expenses,Expenses > Operating Expenses,2000.00,,Expense Voucher: EV-CR-20250812-0284 - Ramesh
12/08/2025,Payment,AUTO-20260221-0002,1001,Cash-in-Hand,Cash & Cash Equivalents,Assets > Current Assets > Cash & Cash Equivalents,,2000.00,Expense Voucher: EV-CR-20250812-0284 - Ramesh
12/08/2025,Payment,AUTO-20260221-0003,5300,Operating Expenses,Operating Expenses,Expenses > Operating Expenses,400.00,,Expense Voucher: EV-CR-20250812-5824 - Nanibabu
12/08/2025,Payment,AUTO-20260221-0003,1001,Cash-in-Hand,Cash & Cash Equivalents,Assets > Current Assets > Cash & Cash Equivalents,,400.00,Expense Voucher: EV-CR-20250812-5824 - Nanibabu
12/08/2025,Payment,AUTO-20260221-0004,5300,Operating Expenses,Operating Expenses,Expenses > Operating Expenses,7000.00,,Expense Voucher: EV-CR-20250812-6704 - Pankaj
12/08/2025,Payment,AUTO-20260221-0004,1001,Cash-in-Hand,Cash & Cash Equivalents,Assets > Current Assets > Cash & Cash Equivalents,,7000.00,Expense Voucher: EV-CR-20250812-6704 - Pankaj
13/08/2025,Payment,AUTO-20260221-0006,5300,Operating Expenses,Operating Expenses,Expenses > Operating Expenses,5500.00,,Expense Voucher: EV-CR-20250813-8547 - Pankaj
13/08/2025,Payment,AUTO-20260221-0006,1001,Cash-in-Hand,Cash & Cash Equivalents,Assets > Current Assets > Cash & Cash Equivalents,,5500.00,Expense Voucher: EV-CR-20250813-8547 - Pankaj
13/08/2025,Payment,AUTO-20260221-0007,5300,Operating Expenses,Operating Expenses,Expenses > Operating Expenses,200.00,,Expense Voucher: EV-CR-20250813-1224 - Nanibabu
13/08/2025,Payment,AUTO-20260221-0007,1001,Cash-in-Hand,Cash & Cash Equivalents,Assets > Current Assets > Cash & Cash Equivalents,,200.00,Expense Voucher: EV-CR-20250813-1224 - Nanibabu
13/08/2025,Payment,AUTO-20260221-0008,5300,Operating Expenses,Operating Expenses,Expenses > Operating Expenses,410.00,,Expense Voucher: EV-CR-20250813-3534 - Inthiyaz Antiscalant
13/08/2025,Payment,AUTO-20260221-0008,1001,Cash-in-Hand,Cash & Cash Equivalents,Assets > Current Assets > Cash & Cash Equivalents,,410.00,Expense Voucher: EV-CR-20250813-3534 - Inthiyaz Antiscalant
13/08/2025,Payment,AUTO-20260221-0009,5300,Operating Expenses,Operating Expenses,Expenses > Operating Expenses,200.00,,Expense Voucher: EV-CR-20250813-7367 - Naveen
13/08/2025,Payment,AUTO-20260221-0009,1001,Cash-in-Hand,Cash & Cash Equivalents,Assets > Current Assets > Cash & Cash Equivalents,,200.00,Expense Voucher: EV-CR-20250813-7367 - Naveen
14/08/2025,Payment,AUTO-20260221-0011,5300,Operating Expenses,Operating Expenses,Expenses > Operating Expenses,2000.00,,Expense Voucher: EV-CR-20250814-9884 - Santhosh
14/08/2025,Payment,AUTO-20260221-0011,1001,Cash-in-Hand,Cash & Cash Equivalents,Assets > Current Assets > Cash & Cash Equivalents,,2000.00,Expense Voucher: EV-CR-20250814-9884 - Santhosh
14/08/2025,Payment,AUTO-20260221-0012,5300,Operating Expenses,Operating Expenses,Expenses > Operating Expenses,3000.00,,Expense Voucher: EV-CR-20250814-7509 - Ramesh
14/08/2025,Payment,AUTO-20260221-0012,1001,Cash-in-Hand,Cash & Cash Equivalents,Assets > Current Assets > Cash & Cash Equivalents,,3000.00,Expense Voucher: EV-CR-20250814-7509 - Ramesh
14/08/2025,Payment,AUTO-20260221-0013,5300,Operating Expenses,Operating Expenses,Expenses > Operating Expenses,3570.00,,Expense Voucher: EV-CR-20250814-6649 - Jyothi Hardware
14/08/2025,Payment,AUTO-20260221-0013,1001,Cash-in-Hand,Cash & Cash Equivalents,Assets > Current Assets > Cash & Cash Equivalents,,3570.00,Expense Voucher: EV-CR-20250814-6649 - Jyothi Hardware
14/08/2025,Payment,AUTO-20260221-0014,5300,Operating Expenses,Operating Expenses,Expenses > Operating Expenses,100.00,,Expense Voucher: EV-CR-20250814-1549 - Jyothi hardware
14/08/2025,Payment,AUTO-20260221-0014,1001,Cash-in-Hand,Cash & Cash Equivalents,Assets > Current Assets > Cash & Cash Equivalents,,100.00,Expense Voucher: EV-CR-20250814-1549 - Jyothi hardware
14/08/2025,Payment,AUTO-20260221-0015,5300,Operating Expenses,Operating Expenses,Expenses > Operating Expenses,300.00,,Expense Voucher: EV-CR-20250814-7925 - Shyam
14/08/2025,Payment,AUTO-20260221-0015,1001,Cash-in-Hand,Cash & Cash Equivalents,Assets > Current Assets > Cash & Cash Equivalents,,300.00,Expense Voucher: EV-CR-20250814-7925 - Shyam
16/08/2025,Payment,AUTO-20260221-0017,5300,Operating Expenses,Operating Expenses,Expenses > Operating Expenses,3000.00,,Expense Voucher: EV-CR-20250816-7705 - Santhosh
16/08/2025,Payment,AUTO-20260221-0017,1001,Cash-in-Hand,Cash & Cash Equivalents,Assets > Current Assets > Cash & Cash Equivalents,,3000.00,Expense Voucher: EV-CR-20250816-7705 - Santhosh
16/08/2025,Payment,AUTO-20260221-0018,5300,Operating Expenses,Operating Expenses,Expenses > Operating Expenses,1000.00,,Expense Voucher: EV-CR-20250816-5989 - Manikyam
16/08/2025,Payment,AUTO-20260221-0018,1001,Cash-in-Hand,Cash & Cash Equivalents,Assets > Current Assets > Cash & Cash Equivalents,,1000.00,Expense Voucher: EV-CR-20250816-5989 - Manikyam
17/08/2025,Payment,AUTO-20260221-0019,5300,Operating Expenses,Operating Expenses,Expenses > Operating Expenses,2000.00,,Expense Voucher: EV-CR-20250817-2377 - Ramesh
17/08/2025,Payment,AUTO-20260221-0019,1001,Cash-in-Hand,Cash & Cash Equivalents,Assets > Current Assets > Cash & Cash Equivalents,,2000.00,Expense Voucher: EV-CR-20250817-2377 - Ramesh
17/08/2025,Payment,AUTO-20260221-0020,5300,Operating Expenses,Operating Expenses,Expenses > Operating Expenses,1000.00,,Expense Voucher: EV-CR-20250817-8580 - Shyam
17/08/2025,Payment,AUTO-20260221-0020,1001,Cash-in-Hand,Cash & Cash Equivalents,Assets > Current Assets > Cash & Cash Equivalents,,1000.00,Expense Voucher: EV-CR-20250817-8580 - Shyam
18/08/2025,Payment,AUTO-20260221-0021,5300,Operating Expenses,Operating Expenses,Expenses > Operating Expenses,2000.00,,Expense Voucher: EV-CR-20250818-9644 - santhosh
18/08/2025,Payment,AUTO-20260221-0021,1001,Cash-in-Hand,Cash & Cash Equivalents,Assets > Current Assets > Cash & Cash Equivalents,,2000.00,Expense Voucher: EV-CR-20250818-9644 - santhosh
18/08/2025,Payment,AUTO-20260221-0022,5300,Operating Expenses,Operating Expenses,Expenses > Operating Expenses,6000.00,,Expense Voucher: EV-CR-20250818-0405 - Kumari
18/08/2025,Payment,AUTO-20260221-0022,1001,Cash-in-Hand,Cash & Cash Equivalents,Assets > Current Assets > Cash & Cash Equivalents,,6000.00,Expense Voucher: EV-CR-20250818-0405 - Kumari
18/08/2025,Payment,AUTO-20260221-0023,5300,Operating Expenses,Operating Expenses,Expenses > Operating Expenses,500.00,,Expense Voucher: EV-CR-20250818-8516 - Suribabu
18/08/2025,Payment,AUTO-20260221-0023,1001,Cash-in-Hand,Cash & Cash Equivalents,Assets > Current Assets > Cash & Cash Equivalents,,500.00,Expense Voucher: EV-CR-20250818-8516 - Suribabu
19/08/2025,Payment,AUTO-20260221-0024,5300,Operating Expenses,Operating Expenses,Expenses > Operating Expenses,3000.00,,Expense Voucher: EV-CR-20250819-2127 - Santhosh
19/08/2025,Payment,AUTO-20260221-0024,1001,Cash-in-Hand,Cash & Cash Equivalents,Assets > Current Assets > Cash & Cash Equivalents,,3000.00,Expense Voucher: EV-CR-20250819-2127 - Santhosh
19/08/2025,Payment,AUTO-20260221-0025,5300,Operating Expenses,Operating Expenses,Expenses > Operating Expenses,3000.00,,Expense Voucher: EV-CR-20250819-5404 - Ramesh
19/08/2025,Payment,AUTO-20260221-0025,1001,Cash-in-Hand,Cash & Cash Equivalents,Assets > Current Assets > Cash & Cash Equivalents,,3000.00,Expense Voucher: EV-CR-20250819-5404 - Ramesh
19/08/2025,Payment,AUTO-20260221-0026,5300,Operating Expenses,Operating Expenses,Expenses > Operating Expenses,3000.00,,Expense Voucher: EV-CR-20250819-7530 - Ramesh iron work
19/08/2025,Payment,AUTO-20260221-0026,1001,Cash-in-Hand,Cash & Cash Equivalents,Assets > Current Assets > Cash & Cash Equivalents,,3000.00,Expense Voucher: EV-CR-20250819-7530 - Ramesh iron work
19/08/2025,Payment,AUTO-20260221-0027,5300,Operating Expenses,Operating Expenses,Expenses > Operating Expenses,400.00,,Expense Voucher: EV-CR-20250819-8465 - Pump house
19/08/2025,Payment,AUTO-20260221-0027,1001,Cash-in-Hand,Cash & Cash Equivalents,Assets > Current Assets > Cash & Cash Equivalents,,400.00,Expense Voucher: EV-CR-20250819-8465 - Pump house
19/08/2025,Payment,AUTO-20260221-0028,5300,Operating Expenses,Operating Expenses,Expenses > Operating Expenses,300.00,,Expense Voucher: EV-CR-20250819-0865 - Pankaj
19/08/2025,Payment,AUTO-20260221-0028,1001,Cash-in-Hand,Cash & Cash Equivalents,Assets > Current Assets > Cash & Cash Equivalents,,300.00,Expense Voucher: EV-CR-20250819-0865 - Pankaj
22/08/2025,Payment,AUTO-20260221-0031,5300,Operating Expenses,Operating Expenses,Expenses > Operating Expenses,3000.00,,Expense Voucher: EV-CR-20250822-5965 - Ramesh
22/08/2025,Payment,AUTO-20260221-0031,1001,Cash-in-Hand,Cash & Cash Equivalents,Assets > Current Assets > Cash & Cash Equivalents,,3000.00,Expense Voucher: EV-CR-20250822-5965 - Ramesh
22/08/2025,Payment,AUTO-20260221-0032,5300,Operating Expenses,Operating Expenses,Expenses > Operating Expenses,3000.00,,Expense Voucher: EV-CR-20250822-3045 - Santhosh
22/08/2025,Payment,AUTO-20260221-0032,1001,Cash-in-Hand,Cash & Cash Equivalents,Assets > Current Assets > Cash & Cash Equivalents,,3000.00,Expense Voucher: EV-CR-20250822-3045 - Santhosh
22/08/2025,Payment,AUTO-20260221-0033,5300,Operating Expenses,Operating Expenses,Expenses > Operating Expenses,90.00,,Expense Voucher: EV-CR-20250822-7883 - Vamsi
22/08/2025,Payment,AUTO-20260221-0033,1001,Cash-in-Hand,Cash & Cash Equivalents,Assets > Current Assets > Cash & Cash Equivalents,,90.00,Expense Voucher: EV-CR-20250822-7883 - Vamsi
23/08/2025,Payment,AUTO-20260221-0034,5300,Operating Expenses,Operating Expenses,Expenses > Operating Expenses,500.00,,Expense Voucher: EV-CR-20250823-3504 - Ramesh
23/08/2025,Payment,AUTO-20260221-0034,1001,Cash-in-Hand,Cash & Cash Equivalents,Assets > Current Assets > Cash & Cash Equivalents,,500.00,Expense Voucher: EV-CR-20250823-3504 - Ramesh
23/08/2025,Payment,AUTO-20260221-0035,5300,Operating Expenses,Operating Expenses,Expenses > Operating Expenses,600.00,,Expense Voucher: EV-CR-20250823-6545 - Suribabu
23/08/2025,Payment,AUTO-20260221-0035,1001,Cash-in-Hand,Cash & Cash Equivalents,Assets > Current Assets > Cash & Cash Equivalents,,600.00,Expense Voucher: EV-CR-20250823-6545 - Suribabu
23/08/2025,Payment,AUTO-20260221-0036,5300,Operating Expenses,Operating Expenses,Expenses > Operating Expenses,50.00,,Expense Voucher: EV-CR-20250823-7145 - Naveen
23/08/2025,Payment,AUTO-20260221-0036,1001,Cash-in-Hand,Cash & Cash Equivalents,Assets > Current Assets > Cash & Cash Equivalents,,50.00,Expense Voucher: EV-CR-20250823-7145 - Naveen
23/08/2025,Payment,AUTO-20260221-0037,5300,Operating Expenses,Operating Expenses,Expenses > Operating Expenses,1200.00,,Expense Voucher: EV-CR-20250823-7740 - SNK Grands
23/08/2025,Payment,AUTO-20260221-0037,1001,Cash-in-Hand,Cash & Cash Equivalents,Assets > Current Assets > Cash & Cash Equivalents,,1200.00,Expense Voucher: EV-CR-20250823-7740 - SNK Grands
23/08/2025,Payment,AUTO-20260221-0038,5300,Operating Expenses,Operating Expenses,Expenses > Operating Expenses,380.00,,Expense Voucher: EV-CR-20250823-8930 - SNK Grands
23/08/2025,Payment,AUTO-20260221-0038,1001,Cash-in-Hand,Cash & Cash Equivalents,Assets > Current Assets > Cash & Cash Equivalents,,380.00,Expense Voucher: EV-CR-20250823-8930 - SNK Grands
23/08/2025,Payment,AUTO-20260221-0039,5300,Operating Expenses,Operating Expenses,Expenses > Operating Expenses,291.00,,Expense Voucher: EV-CR-20250823-5058 - Cab
23/08/2025,Payment,AUTO-20260221-0039,1001,Cash-in-Hand,Cash & Cash Equivalents,Assets > Current Assets > Cash & Cash Equivalents,,291.00,Expense Voucher: EV-CR-20250823-5058 - Cab
25/08/2025,Payment,AUTO-20260221-0040,5300,Operating Expenses,Operating Expenses,Expenses > Operating Expenses,6000.00,,Expense Voucher: EV-CR-20250825-4869 - Hari
25/08/2025,Payment,AUTO-20260221-0040,1001,Cash-in-Hand,Cash & Cash Equivalents,Assets > Current Assets > Cash & Cash Equivalents,,6000.00,Expense Voucher: EV-CR-20250825-4869 - Hari
25/08/2025,Payment,AUTO-20260221-0041,5300,Operating Expenses,Operating Expenses,Expenses > Operating Expenses,1400.00,,Expense Voucher: EV-CR-20250825-5507 - Nanibabu
25/08/2025,Payment,AUTO-20260221-0041,1001,Cash-in-Hand,Cash & Cash Equivalents,Assets > Current Assets > Cash & Cash Equivalents,,1400.00,Expense Voucher: EV-CR-20250825-5507 - Nanibabu
25/08/2025,Payment,AUTO-20260221-0042,5300,Operating Expenses,Operating Expenses,Expenses > Operating Expenses,200.00,,Expense Voucher: EV-CR-20250825-2639 - Hari
25/08/2025,Payment,AUTO-20260221-0042,1001,Cash-in-Hand,Cash & Cash Equivalents,Assets > Current Assets > Cash & Cash Equivalents,,200.00,Expense Voucher: EV-CR-20250825-2639 - Hari
25/08/2025,Payment,AUTO-20260221-0043,5300,Operating Expenses,Operating Expenses,Expenses > Operating Expenses,100.00,,Expense Voucher: EV-CR-20250825-4355 - Police
25/08/2025,Payment,AUTO-20260221-0043,1001,Cash-in-Hand,Cash & Cash Equivalents,Assets > Current Assets > Cash & Cash Equivalents,,100.00,Expense Voucher: EV-CR-20250825-4355 - Police
25/08/2025,Payment,AUTO-20260221-0044,5300,Operating Expenses,Operating Expenses,Expenses > Operating Expenses,4200.00,,Expense Voucher: EV-CR-20250825-0066 - Apparao
25/08/2025,Payment,AUTO-20260221-0044,1001,Cash-in-Hand,Cash & Cash Equivalents,Assets > Current Assets > Cash & Cash Equivalents,,4200.00,Expense Voucher: EV-CR-20250825-0066 - Apparao
26/08/2025,Payment,AUTO-20260221-0046,5300,Operating Expenses,Operating Expenses,Expenses > Operating Expenses,3000.00,,Expense Voucher: EV-CR-20250826-9665 - Santhosh
26/08/2025,Payment,AUTO-20260221-0046,1001,Cash-in-Hand,Cash & Cash Equivalents,Assets > Current Assets > Cash & Cash Equivalents,,3000.00,Expense Voucher: EV-CR-20250826-9665 - Santhosh
26/08/2025,Payment,AUTO-20260221-0047,5300,Operating Expenses,Operating Expenses,Expenses > Operating Expenses,3000.00,,Expense Voucher: EV-CR-20250826-2244 - Ramesh
26/08/2025,Payment,AUTO-20260221-0047,1001,Cash-in-Hand,Cash & Cash Equivalents,Assets > Current Assets > Cash & Cash Equivalents,,3000.00,Expense Voucher: EV-CR-20250826-2244 - Ramesh
27/08/2025,Payment,AUTO-20260221-0048,5300,Operating Expenses,Operating Expenses,Expenses > Operating Expenses,3540.00,,Expense Voucher: EV-CR-20250827-4803 - Naveen
27/08/2025,Payment,AUTO-20260221-0048,1001,Cash-in-Hand,Cash & Cash Equivalents,Assets > Current Assets > Cash & Cash Equivalents,,3540.00,Expense Voucher: EV-CR-20250827-4803 - Naveen
27/08/2025,Payment,AUTO-20260221-0049,5300,Operating Expenses,Operating Expenses,Expenses > Operating Expenses,1110.00,,Expense Voucher: EV-CR-20250827-0344 - Rambabu
27/08/2025,Payment,AUTO-20260221-0049,1001,Cash-in-Hand,Cash & Cash Equivalents,Assets > Current Assets > Cash & Cash Equivalents,,1110.00,Expense Voucher: EV-CR-20250827-0344 - Rambabu
28/08/2025,Payment,AUTO-20260221-0051,5300,Operating Expenses,Operating Expenses,Expenses > Operating Expenses,200.00,,Expense Voucher: EV-CR-20250828-3784 - Nanibabu
28/08/2025,Payment,AUTO-20260221-0051,1001,Cash-in-Hand,Cash & Cash Equivalents,Assets > Current Assets > Cash & Cash Equivalents,,200.00,Expense Voucher: EV-CR-20250828-3784 - Nanibabu
29/08/2025,Payment,AUTO-20260221-0053,5300,Operating Expenses,Operating Expenses,Expenses > Operating Expenses,200.00,,Expense Voucher: EV-CR-20250829-9283 - Hari
29/08/2025,Payment,AUTO-20260221-0053,1001,Cash-in-Hand,Cash & Cash Equivalents,Assets > Current Assets > Cash & Cash Equivalents,,200.00,Expense Voucher: EV-CR-20250829-9283 - Hari
29/08/2025,Payment,AUTO-20260221-0054,5300,Operating Expenses,Operating Expenses,Expenses > Operating Expenses,100.00,,Expense Voucher: EV-CR-20250829-8224 - Police
29/08/2025,Payment,AUTO-20260221-0054,1001,Cash-in-Hand,Cash & Cash Equivalents,Assets > Current Assets > Cash & Cash Equivalents,,100.00,Expense Voucher: EV-CR-20250829-8224 - Police
29/08/2025,Payment,AUTO-20260221-0055,5300,Operating Expenses,Operating Expenses,Expenses > Operating Expenses,200.00,,Expense Voucher: EV-CR-20250829-9526 - Suribabu
29/08/2025,Payment,AUTO-20260221-0055,1001,Cash-in-Hand,Cash & Cash Equivalents,Assets > Current Assets > Cash & Cash Equivalents,,200.00,Expense Voucher: EV-CR-20250829-9526 - Suribabu
29/08/2025,Payment,AUTO-20260221-0056,5300,Operating Expenses,Operating Expenses,Expenses > Operating Expenses,90.00,,Expense Voucher: EV-CR-20250829-8305 - rambabu
29/08/2025,Payment,AUTO-20260221-0056,1001,Cash-in-Hand,Cash & Cash Equivalents,Assets > Current Assets > Cash & Cash Equivalents,,90.00,Expense Voucher: EV-CR-20250829-8305 - rambabu
29/08/2025,Payment,AUTO-20260221-0057,5300,Operating Expenses,Operating Expenses,Expenses > Operating Expenses,90.00,,Expense Voucher: EV-CR-20250829-1846 - Oil shop
29/08/2025,Payment,AUTO-20260221-0057,1001,Cash-in-Hand,Cash & Cash Equivalents,Assets > Current Assets > Cash & Cash Equivalents,,90.00,Expense Voucher: EV-CR-20250829-1846 - Oil shop
29/08/2025,Payment,AUTO-20260221-0058,5300,Operating Expenses,Operating Expenses,Expenses > Operating Expenses,6000.00,,Expense Voucher: EV-CR-20250829-3489 - Hari
29/08/2025,Payment,AUTO-20260221-0058,1001,Cash-in-Hand,Cash & Cash Equivalents,Assets > Current Assets > Cash & Cash Equivalents,,6000.00,Expense Voucher: EV-CR-20250829-3489 - Hari
29/08/2025,Payment,AUTO-20260221-0059,5300,Operating Expenses,Operating Expenses,Expenses > Operating Expenses,1300.00,,Expense Voucher: EV-CR-20250829-2965 - Hari
29/08/2025,Payment,AUTO-20260221-0059,1001,Cash-in-Hand,Cash & Cash Equivalents,Assets > Current Assets > Cash & Cash Equivalents,,1300.00,Expense Voucher: EV-CR-20250829-2965 - Hari
29/08/2025,Payment,AUTO-20260221-0060,5300,Operating Expenses,Operating Expenses,Expenses > Operating Expenses,200.00,,Expense Voucher: EV-CR-20250829-7224 - Hari
29/08/2025,Payment,AUTO-20260221-0060,1001,Cash-in-Hand,Cash & Cash Equivalents,Assets > Current Assets > Cash & Cash Equivalents,,200.00,Expense Voucher: EV-CR-20250829-7224 - Hari
30/08/2025,Payment,AUTO-20260221-0062,5300,Operating Expenses,Operating Expenses,Expenses > Operating Expenses,3000.00,,Expense Voucher: EV-CR-20250830-8404 - Ramesh
30/08/2025,Payment,AUTO-20260221-0062,1001,Cash-in-Hand,Cash & Cash Equivalents,Assets > Current Assets > Cash & Cash Equivalents,,3000.00,Expense Voucher: EV-CR-20250830-8404 - Ramesh
30/08/2025,Payment,AUTO-20260221-0063,5300,Operating Expenses,Operating Expenses,Expenses > Operating Expenses,3000.00,,Expense Voucher: EV-CR-20250830-8214 - Santhosh
30/08/2025,Payment,AUTO-20260221-0063,1001,Cash-in-Hand,Cash & Cash Equivalents,Assets > Current Assets > Cash & Cash Equivalents,,3000.00,Expense Voucher: EV-CR-20250830-8214 - Santhosh
30/08/2025,Payment,AUTO-20260221-0064,5300,Operating Expenses,Operating Expenses,Expenses > Operating Expenses,500.00,,Expense Voucher: EV-CR-20250830-3271 - Ramesh
30/08/2025,Payment,AUTO-20260221-0064,1001,Cash-in-Hand,Cash & Cash Equivalents,Assets > Current Assets > Cash & Cash Equivalents,,500.00,Expense Voucher: EV-CR-20250830-3271 - Ramesh
30/08/2025,Payment,AUTO-20260221-0065,5300,Operating Expenses,Operating Expenses,Expenses > Operating Expenses,200.00,,Expense Voucher: EV-CR-20250830-9388 - Hari
30/08/2025,Payment,AUTO-20260221-0065,1001,Cash-in-Hand,Cash & Cash Equivalents,Assets > Current Assets > Cash & Cash Equivalents,,200.00,Expense Voucher: EV-CR-20250830-9388 - Hari
30/08/2025,Payment,AUTO-20260221-0066,5300,Operating Expenses,Operating Expenses,Expenses > Operating Expenses,300.00,,Expense Voucher: EV-CR-20250830-0350 - suribabu
30/08/2025,Payment,AUTO-20260221-0066,1001,Cash-in-Hand,Cash & Cash Equivalents,Assets > Current Assets > Cash & Cash Equivalents,,300.00,Expense Voucher: EV-CR-20250830-0350 - suribabu
30/08/2025,Payment,AUTO-20260221-0067,5300,Operating Expenses,Operating Expenses,Expenses > Operating Expenses,2000.00,,Expense Voucher: EV-CR-20250830-4243 - Santhosh
30/08/2025,Payment,AUTO-20260221-0067,1001,Cash-in-Hand,Cash & Cash Equivalents,Assets > Current Assets > Cash & Cash Equivalents,,2000.00,Expense Voucher: EV-CR-20250830-4243 - Santhosh
30/08/2025,Payment,AUTO-20260221-0068,5300,Operating Expenses,Operating Expenses,Expenses > Operating Expenses,60.00,,Expense Voucher: EV-CR-20250830-6604 - Rambabu
30/08/2025,Payment,AUTO-20260221-0068,1001,Cash-in-Hand,Cash & Cash Equivalents,Assets > Current Assets > Cash & Cash Equivalents,,60.00,Expense Voucher: EV-CR-20250830-6604 - Rambabu
30/08/2025,Payment,AUTO-20260221-0069,5300,Operating Expenses,Operating Expenses,Expenses > Operating Expenses,2000.00,,Expense Voucher: EV-CR-20250830-8975 - Shambhu
30/08/2025,Payment,AUTO-20260221-0069,1001,Cash-in-Hand,Cash & Cash Equivalents,Assets > Current Assets > Cash & Cash Equivalents,,2000.00,Expense Voucher: EV-CR-20250830-8975 - Shambhu
01/09/2025,Payment,AUTO-20260223-0002,5300,Operating Expenses,Operating Expenses,Expenses > Operating Expenses,3000.00,,Expense Voucher: EV-CR-20250901-8165 - Santhosh
01/09/2025,Payment,AUTO-20260223-0002,1001,Cash-in-Hand,Cash & Cash Equivalents,Assets > Current Assets > Cash & Cash Equivalents,,3000.00,Expense Voucher: EV-CR-20250901-8165 - Santhosh
01/09/2025,Payment,AUTO-20260223-0003,5300,Operating Expenses,Operating Expenses,Expenses > Operating Expenses,250.00,,Expense Voucher: EV-CR-20250901-9825 - Rambabu
01/09/2025,Payment,AUTO-20260223-0003,1001,Cash-in-Hand,Cash & Cash Equivalents,Assets > Current Assets > Cash & Cash Equivalents,,250.00,Expense Voucher: EV-CR-20250901-9825 - Rambabu
01/09/2025,Payment,AUTO-20260223-0004,5300,Operating Expenses,Operating Expenses,Expenses > Operating Expenses,1350.00,,Expense Voucher: EV-CR-20250901-4793 - Shambu
01/09/2025,Payment,AUTO-20260223-0004,1001,Cash-in-Hand,Cash & Cash Equivalents,Assets > Current Assets > Cash & Cash Equivalents,,1350.00,Expense Voucher: EV-CR-20250901-4793 - Shambu
02/09/2025,Payment,AUTO-20260227-0001,5300,Operating Expenses,Operating Expenses,Expenses > Operating Expenses,180.00,,Expense Voucher: EV-CR-20250902-2315 - Rambabu
02/09/2025,Payment,AUTO-20260227-0001,1001,Cash-in-Hand,Cash & Cash Equivalents,Assets > Current Assets > Cash & Cash Equivalents,,180.00,Expense Voucher: EV-CR-20250902-2315 - Rambabu
02/09/2025,Payment,AUTO-20260227-0002,5300,Operating Expenses,Operating Expenses,Expenses > Operating Expenses,280.00,,Expense Voucher: EV-CR-20250902-2126 - Bhagya
02/09/2025,Payment,AUTO-20260227-0002,1001,Cash-in-Hand,Cash & Cash Equivalents,Assets > Current Assets > Cash & Cash Equivalents,,280.00,Expense Voucher: EV-CR-20250902-2126 - Bhagya
02/09/2025,Payment,AUTO-20260227-0003,5300,Operating Expenses,Operating Expenses,Expenses > Operating Expenses,130.00,,Expense Voucher: EV-CR-20250902-6761 - Naveen
02/09/2025,Payment,AUTO-20260227-0003,1001,Cash-in-Hand,Cash & Cash Equivalents,Assets > Current Assets > Cash & Cash Equivalents,,130.00,Expense Voucher: EV-CR-20250902-6761 - Naveen
02/09/2025,Payment,AUTO-20260227-0004,5300,Operating Expenses,Operating Expenses,Expenses > Operating Expenses,500.00,,Expense Voucher: EV-CR-20250902-7660 - Shumbu
02/09/2025,Payment,AUTO-20260227-0004,1001,Cash-in-Hand,Cash & Cash Equivalents,Assets > Current Assets > Cash & Cash Equivalents,,500.00,Expense Voucher: EV-CR-20250902-7660 - Shumbu
03/09/2025,Payment,AUTO-20260227-0005,5300,Operating Expenses,Operating Expenses,Expenses > Operating Expenses,1200.00,,Expense Voucher: EV-CR-20250903-1020 - Naveen
03/09/2025,Payment,AUTO-20260227-0005,1001,Cash-in-Hand,Cash & Cash Equivalents,Assets > Current Assets > Cash & Cash Equivalents,,1200.00,Expense Voucher: EV-CR-20250903-1020 - Naveen
03/09/2025,Payment,AUTO-20260227-0006,5300,Operating Expenses,Operating Expenses,Expenses > Operating Expenses,700.00,,Expense Voucher: EV-CR-20250903-9650 - Pankaj
03/09/2025,Payment,AUTO-20260227-0006,1001,Cash-in-Hand,Cash & Cash Equivalents,Assets > Current Assets > Cash & Cash Equivalents,,700.00,Expense Voucher: EV-CR-20250903-9650 - Pankaj
03/09/2025,Payment,AUTO-20260227-0007,5300,Operating Expenses,Operating Expenses,Expenses > Operating Expenses,3000.00,,Expense Voucher: EV-CR-20250903-1885 - Santhosh
03/09/2025,Payment,AUTO-20260227-0007,1001,Cash-in-Hand,Cash & Cash Equivalents,Assets > Current Assets > Cash & Cash Equivalents,,3000.00,Expense Voucher: EV-CR-20250903-1885 - Santhosh
03/09/2025,Payment,AUTO-20260227-0008,5300,Operating Expenses,Operating Expenses,Expenses > Operating Expenses,500.00,,Expense Voucher: EV-CR-20250903-7894 - Santhosh
03/09/2025,Payment,AUTO-20260227-0008,1001,Cash-in-Hand,Cash & Cash Equivalents,Assets > Current Assets > Cash & Cash Equivalents,,500.00,Expense Voucher: EV-CR-20250903-7894 - Santhosh
03/09/2025,Payment,AUTO-20260227-0009,5300,Operating Expenses,Operating Expenses,Expenses > Operating Expenses,1080.00,,Expense Voucher: EV-CR-20250903-0430 - Pankaj
03/09/2025,Payment,AUTO-20260227-0009,1001,Cash-in-Hand,Cash & Cash Equivalents,Assets > Current Assets > Cash & Cash Equivalents,,1080.00,Expense Voucher: EV-CR-20250903-0430 - Pankaj
04/09/2025,Payment,AUTO-20260227-0010,5300,Operating Expenses,Operating Expenses,Expenses > Operating Expenses,3000.00,,Expense Voucher: EV-CR-20250904-1114 - Ramesh
04/09/2025,Payment,AUTO-20260227-0010,1001,Cash-in-Hand,Cash & Cash Equivalents,Assets > Current Assets > Cash & Cash Equivalents,,3000.00,Expense Voucher: EV-CR-20250904-1114 - Ramesh
05/09/2025,Payment,AUTO-20260227-0012,5300,Operating Expenses,Operating Expenses,Expenses > Operating Expenses,3000.00,,Expense Voucher: EV-CR-20250905-8475 - Santhosh
05/09/2025,Payment,AUTO-20260227-0012,1001,Cash-in-Hand,Cash & Cash Equivalents,Assets > Current Assets > Cash & Cash Equivalents,,3000.00,Expense Voucher: EV-CR-20250905-8475 - Santhosh
05/09/2025,Payment,AUTO-20260227-0013,5300,Operating Expenses,Operating Expenses,Expenses > Operating Expenses,190.00,,Expense Voucher: EV-CR-20250905-5878 - Vamsi
05/09/2025,Payment,AUTO-20260227-0013,1001,Cash-in-Hand,Cash & Cash Equivalents,Assets > Current Assets > Cash & Cash Equivalents,,190.00,Expense Voucher: EV-CR-20250905-5878 - Vamsi
05/09/2025,Payment,AUTO-20260227-0014,5300,Operating Expenses,Operating Expenses,Expenses > Operating Expenses,50.00,,Expense Voucher: EV-CR-20250905-2958 - Ramesh
05/09/2025,Payment,AUTO-20260227-0014,1001,Cash-in-Hand,Cash & Cash Equivalents,Assets > Current Assets > Cash & Cash Equivalents,,50.00,Expense Voucher: EV-CR-20250905-2958 - Ramesh
05/09/2025,Payment,AUTO-20260227-0015,5300,Operating Expenses,Operating Expenses,Expenses > Operating Expenses,5000.00,,Expense Voucher: EV-CR-20250905-9629 - Hari
05/09/2025,Payment,AUTO-20260227-0015,1001,Cash-in-Hand,Cash & Cash Equivalents,Assets > Current Assets > Cash & Cash Equivalents,,5000.00,Expense Voucher: EV-CR-20250905-9629 - Hari
05/09/2025,Payment,AUTO-20260227-0016,5300,Operating Expenses,Operating Expenses,Expenses > Operating Expenses,880.00,,Expense Voucher: EV-CR-20250905-2740 - Suribabu
05/09/2025,Payment,AUTO-20260227-0016,1001,Cash-in-Hand,Cash & Cash Equivalents,Assets > Current Assets > Cash & Cash Equivalents,,880.00,Expense Voucher: EV-CR-20250905-2740 - Suribabu
05/09/2025,Payment,AUTO-20260227-0017,5300,Operating Expenses,Operating Expenses,Expenses > Operating Expenses,200.00,,Expense Voucher: EV-CR-20250905-0208 - Hari
05/09/2025,Payment,AUTO-20260227-0017,1001,Cash-in-Hand,Cash & Cash Equivalents,Assets > Current Assets > Cash & Cash Equivalents,,200.00,Expense Voucher: EV-CR-20250905-0208 - Hari
06/09/2025,Payment,AUTO-20260227-0019,5300,Operating Expenses,Operating Expenses,Expenses > Operating Expenses,90.00,,Expense Voucher: EV-CR-20250906-6481 - vamsi
06/09/2025,Payment,AUTO-20260227-0019,1001,Cash-in-Hand,Cash & Cash Equivalents,Assets > Current Assets > Cash & Cash Equivalents,,90.00,Expense Voucher: EV-CR-20250906-6481 - vamsi
06/09/2025,Payment,AUTO-20260227-0020,5300,Operating Expenses,Operating Expenses,Expenses > Operating Expenses,600.00,,Expense Voucher: EV-CR-20250906-5851 - Inthiyaz antiscant
06/09/2025,Payment,AUTO-20260227-0020,1001,Cash-in-Hand,Cash & Cash Equivalents,Assets > Current Assets > Cash & Cash Equivalents,,600.00,Expense Voucher: EV-CR-20250906-5851 - Inthiyaz antiscant
07/09/2025,Payment,AUTO-20260227-0021,5300,Operating Expenses,Operating Expenses,Expenses > Operating Expenses,600.00,,Expense Voucher: EV-CR-20250907-5420 - Manibabu
07/09/2025,Payment,AUTO-20260227-0021,1001,Cash-in-Hand,Cash & Cash Equivalents,Assets > Current Assets > Cash & Cash Equivalents,,600.00,Expense Voucher: EV-CR-20250907-5420 - Manibabu
08/09/2025,Payment,AUTO-20260227-0022,5300,Operating Expenses,Operating Expenses,Expenses > Operating Expenses,600.00,,Expense Voucher: EV-CR-20250908-5098 - Hp Gas
08/09/2025,Payment,AUTO-20260227-0022,1001,Cash-in-Hand,Cash & Cash Equivalents,Assets > Current Assets > Cash & Cash Equivalents,,600.00,Expense Voucher: EV-CR-20250908-5098 - Hp Gas
08/09/2025,Payment,AUTO-20260227-0023,5300,Operating Expenses,Operating Expenses,Expenses > Operating Expenses,900.00,,Expense Voucher: EV-CR-20250908-2439 - Hp gas
08/09/2025,Payment,AUTO-20260227-0023,1001,Cash-in-Hand,Cash & Cash Equivalents,Assets > Current Assets > Cash & Cash Equivalents,,900.00,Expense Voucher: EV-CR-20250908-2439 - Hp gas
08/09/2025,Payment,AUTO-20260227-0024,5300,Operating Expenses,Operating Expenses,Expenses > Operating Expenses,450.00,,Expense Voucher: EV-CR-20250908-0318 - Suribabu
08/09/2025,Payment,AUTO-20260227-0024,1001,Cash-in-Hand,Cash & Cash Equivalents,Assets > Current Assets > Cash & Cash Equivalents,,450.00,Expense Voucher: EV-CR-20250908-0318 - Suribabu
08/09/2025,Payment,AUTO-20260227-0025,5300,Operating Expenses,Operating Expenses,Expenses > Operating Expenses,500.00,,Expense Voucher: EV-CR-20250908-4189 - Pankaj
08/09/2025,Payment,AUTO-20260227-0025,1001,Cash-in-Hand,Cash & Cash Equivalents,Assets > Current Assets > Cash & Cash Equivalents,,500.00,Expense Voucher: EV-CR-20250908-4189 - Pankaj
09/09/2025,Payment,AUTO-20260227-0026,5300,Operating Expenses,Operating Expenses,Expenses > Operating Expenses,3000.00,,Expense Voucher: EV-CR-20250909-5398 - Ramesh
09/09/2025,Payment,AUTO-20260227-0026,1001,Cash-in-Hand,Cash & Cash Equivalents,Assets > Current Assets > Cash & Cash Equivalents,,3000.00,Expense Voucher: EV-CR-20250909-5398 - Ramesh
09/09/2025,Payment,AUTO-20260227-0027,5300,Operating Expenses,Operating Expenses,Expenses > Operating Expenses,90.00,,Expense Voucher: EV-CR-20250909-8998 - Ramesh
09/09/2025,Payment,AUTO-20260227-0027,1001,Cash-in-Hand,Cash & Cash Equivalents,Assets > Current Assets > Cash & Cash Equivalents,,90.00,Expense Voucher: EV-CR-20250909-8998 - Ramesh
09/09/2025,Payment,AUTO-20260227-0028,5300,Operating Expenses,Operating Expenses,Expenses > Operating Expenses,5500.00,,Expense Voucher: EV-CR-20250909-4775 - Hari
09/09/2025,Payment,AUTO-20260227-0028,1001,Cash-in-Hand,Cash & Cash Equivalents,Assets > Current Assets > Cash & Cash Equivalents,,5500.00,Expense Voucher: EV-CR-20250909-4775 - Hari
09/09/2025,Payment,AUTO-20260227-0029,5300,Operating Expenses,Operating Expenses,Expenses > Operating Expenses,250.00,,Expense Voucher: EV-CR-20250909-3980 - Nanibabu
09/09/2025,Payment,AUTO-20260227-0029,1001,Cash-in-Hand,Cash & Cash Equivalents,Assets > Current Assets > Cash & Cash Equivalents,,250.00,Expense Voucher: EV-CR-20250909-3980 - Nanibabu
09/09/2025,Payment,AUTO-20260227-0030,5300,Operating Expenses,Operating Expenses,Expenses > Operating Expenses,200.00,,Expense Voucher: EV-CR-20250909-2539 - Hari
09/09/2025,Payment,AUTO-20260227-0030,1001,Cash-in-Hand,Cash & Cash Equivalents,Assets > Current Assets > Cash & Cash Equivalents,,200.00,Expense Voucher: EV-CR-20250909-2539 - Hari
09/09/2025,Payment,AUTO-20260227-0031,5300,Operating Expenses,Operating Expenses,Expenses > Operating Expenses,200.00,,Expense Voucher: EV-CR-20250909-0175 - hari
09/09/2025,Payment,AUTO-20260227-0031,1001,Cash-in-Hand,Cash & Cash Equivalents,Assets > Current Assets > Cash & Cash Equivalents,,200.00,Expense Voucher: EV-CR-20250909-0175 - hari
09/09/2025,Payment,AUTO-20260227-0032,5300,Operating Expenses,Operating Expenses,Expenses > Operating Expenses,100.00,,Expense Voucher: EV-CR-20250909-1369 - Police
09/09/2025,Payment,AUTO-20260227-0032,1001,Cash-in-Hand,Cash & Cash Equivalents,Assets > Current Assets > Cash & Cash Equivalents,,100.00,Expense Voucher: EV-CR-20250909-1369 - Police
09/09/2025,Payment,AUTO-20260227-0033,5300,Operating Expenses,Operating Expenses,Expenses > Operating Expenses,430.00,,Expense Voucher: EV-CR-20250909-0518 - Kumar Books store
09/09/2025,Payment,AUTO-20260227-0033,1001,Cash-in-Hand,Cash & Cash Equivalents,Assets > Current Assets > Cash & Cash Equivalents,,430.00,Expense Voucher: EV-CR-20250909-0518 - Kumar Books store
10/09/2025,Payment,AUTO-20260227-0034,5300,Operating Expenses,Operating Expenses,Expenses > Operating Expenses,90.00,,Expense Voucher: EV-CR-20250910-9278 - Rambabu
10/09/2025,Payment,AUTO-20260227-0034,1001,Cash-in-Hand,Cash & Cash Equivalents,Assets > Current Assets > Cash & Cash Equivalents,,90.00,Expense Voucher: EV-CR-20250910-9278 - Rambabu
11/09/2025,Payment,AUTO-20260227-0037,5300,Operating Expenses,Operating Expenses,Expenses > Operating Expenses,180.00,,Expense Voucher: EV-CR-20250911-2894 - Rambabu
11/09/2025,Payment,AUTO-20260227-0037,1001,Cash-in-Hand,Cash & Cash Equivalents,Assets > Current Assets > Cash & Cash Equivalents,,180.00,Expense Voucher: EV-CR-20250911-2894 - Rambabu
11/09/2025,Payment,AUTO-20260227-0038,5300,Operating Expenses,Operating Expenses,Expenses > Operating Expenses,200.00,,Expense Voucher: EV-CR-20250911-2019 - Hari
11/09/2025,Payment,AUTO-20260227-0038,1001,Cash-in-Hand,Cash & Cash Equivalents,Assets > Current Assets > Cash & Cash Equivalents,,200.00,Expense Voucher: EV-CR-20250911-2019 - Hari
11/09/2025,Payment,AUTO-20260227-0039,5300,Operating Expenses,Operating Expenses,Expenses > Operating Expenses,800.00,,Expense Voucher: EV-CR-20250911-3484 - Raju
11/09/2025,Payment,AUTO-20260227-0039,1001,Cash-in-Hand,Cash & Cash Equivalents,Assets > Current Assets > Cash & Cash Equivalents,,800.00,Expense Voucher: EV-CR-20250911-3484 - Raju
11/09/2025,Payment,AUTO-20260227-0040,5300,Operating Expenses,Operating Expenses,Expenses > Operating Expenses,250.00,,Expense Voucher: EV-CR-20250911-1817 - RTO
11/09/2025,Payment,AUTO-20260227-0040,1001,Cash-in-Hand,Cash & Cash Equivalents,Assets > Current Assets > Cash & Cash Equivalents,,250.00,Expense Voucher: EV-CR-20250911-1817 - RTO
11/09/2025,Payment,AUTO-20260227-0041,5300,Operating Expenses,Operating Expenses,Expenses > Operating Expenses,230.00,,Expense Voucher: EV-CR-20250911-0700 - hari
11/09/2025,Payment,AUTO-20260227-0041,1001,Cash-in-Hand,Cash & Cash Equivalents,Assets > Current Assets > Cash & Cash Equivalents,,230.00,Expense Voucher: EV-CR-20250911-0700 - hari
11/09/2025,Payment,AUTO-20260227-0042,5300,Operating Expenses,Operating Expenses,Expenses > Operating Expenses,7000.00,,Expense Voucher: EV-CR-20250911-0085 - pankaj
11/09/2025,Payment,AUTO-20260227-0042,1001,Cash-in-Hand,Cash & Cash Equivalents,Assets > Current Assets > Cash & Cash Equivalents,,7000.00,Expense Voucher: EV-CR-20250911-0085 - pankaj
11/09/2025,Payment,AUTO-20260227-0043,5300,Operating Expenses,Operating Expenses,Expenses > Operating Expenses,36000.00,,Expense Voucher: EV-CR-20250911-7859 - Eswaramma
11/09/2025,Payment,AUTO-20260227-0043,1001,Cash-in-Hand,Cash & Cash Equivalents,Assets > Current Assets > Cash & Cash Equivalents,,36000.00,Expense Voucher: EV-CR-20250911-7859 - Eswaramma
12/09/2025,Payment,AUTO-20260227-0045,5300,Operating Expenses,Operating Expenses,Expenses > Operating Expenses,3000.00,,Expense Voucher: EV-CR-20250912-8605 - Ramesh
12/09/2025,Payment,AUTO-20260227-0045,1001,Cash-in-Hand,Cash & Cash Equivalents,Assets > Current Assets > Cash & Cash Equivalents,,3000.00,Expense Voucher: EV-CR-20250912-8605 - Ramesh
12/09/2025,Payment,AUTO-20260227-0046,5300,Operating Expenses,Operating Expenses,Expenses > Operating Expenses,3000.00,,Expense Voucher: EV-CR-20250912-8720 - Santhosh
12/09/2025,Payment,AUTO-20260227-0046,1001,Cash-in-Hand,Cash & Cash Equivalents,Assets > Current Assets > Cash & Cash Equivalents,,3000.00,Expense Voucher: EV-CR-20250912-8720 - Santhosh
12/09/2025,Payment,AUTO-20260227-0047,5300,Operating Expenses,Operating Expenses,Expenses > Operating Expenses,60.00,,Expense Voucher: EV-CR-20250912-5885 - Rambabu
12/09/2025,Payment,AUTO-20260227-0047,1001,Cash-in-Hand,Cash & Cash Equivalents,Assets > Current Assets > Cash & Cash Equivalents,,60.00,Expense Voucher: EV-CR-20250912-5885 - Rambabu
13/09/2025,Payment,AUTO-20260227-0049,5300,Operating Expenses,Operating Expenses,Expenses > Operating Expenses,320.00,,Expense Voucher: EV-CR-20250913-5833 - rambabu
13/09/2025,Payment,AUTO-20260227-0049,1001,Cash-in-Hand,Cash & Cash Equivalents,Assets > Current Assets > Cash & Cash Equivalents,,320.00,Expense Voucher: EV-CR-20250913-5833 - rambabu
13/09/2025,Payment,AUTO-20260227-0050,5300,Operating Expenses,Operating Expenses,Expenses > Operating Expenses,7000.00,,Expense Voucher: EV-CR-20250913-0899 - hari
13/09/2025,Payment,AUTO-20260227-0050,1001,Cash-in-Hand,Cash & Cash Equivalents,Assets > Current Assets > Cash & Cash Equivalents,,7000.00,Expense Voucher: EV-CR-20250913-0899 - hari
13/09/2025,Payment,AUTO-20260227-0051,5300,Operating Expenses,Operating Expenses,Expenses > Operating Expenses,250.00,,Expense Voucher: EV-CR-20250913-4739 - Apparao
13/09/2025,Payment,AUTO-20260227-0051,1001,Cash-in-Hand,Cash & Cash Equivalents,Assets > Current Assets > Cash & Cash Equivalents,,250.00,Expense Voucher: EV-CR-20250913-4739 - Apparao
13/09/2025,Payment,AUTO-20260227-0052,5300,Operating Expenses,Operating Expenses,Expenses > Operating Expenses,200.00,,Expense Voucher: EV-CR-20250913-1954 - RTA
13/09/2025,Payment,AUTO-20260227-0052,1001,Cash-in-Hand,Cash & Cash Equivalents,Assets > Current Assets > Cash & Cash Equivalents,,200.00,Expense Voucher: EV-CR-20250913-1954 - RTA
13/09/2025,Payment,AUTO-20260227-0053,5300,Operating Expenses,Operating Expenses,Expenses > Operating Expenses,200.00,,Expense Voucher: EV-CR-20250913-3084 - Hari
13/09/2025,Payment,AUTO-20260227-0053,1001,Cash-in-Hand,Cash & Cash Equivalents,Assets > Current Assets > Cash & Cash Equivalents,,200.00,Expense Voucher: EV-CR-20250913-3084 - Hari
13/09/2025,Payment,AUTO-20260227-0054,5300,Operating Expenses,Operating Expenses,Expenses > Operating Expenses,2000.00,,Expense Voucher: EV-CR-20250913-7435 - hari
13/09/2025,Payment,AUTO-20260227-0054,1001,Cash-in-Hand,Cash & Cash Equivalents,Assets > Current Assets > Cash & Cash Equivalents,,2000.00,Expense Voucher: EV-CR-20250913-7435 - hari
13/09/2025,Payment,AUTO-20260227-0055,5300,Operating Expenses,Operating Expenses,Expenses > Operating Expenses,6820.00,,Expense Voucher: EV-CR-20250913-0300 - Pankaj
13/09/2025,Payment,AUTO-20260227-0055,1001,Cash-in-Hand,Cash & Cash Equivalents,Assets > Current Assets > Cash & Cash Equivalents,,6820.00,Expense Voucher: EV-CR-20250913-0300 - Pankaj
15/09/2025,Payment,AUTO-20260227-0057,5300,Operating Expenses,Operating Expenses,Expenses > Operating Expenses,110.00,,Expense Voucher: EV-CR-20250915-6233 - Ramesh
15/09/2025,Payment,AUTO-20260227-0057,1001,Cash-in-Hand,Cash & Cash Equivalents,Assets > Current Assets > Cash & Cash Equivalents,,110.00,Expense Voucher: EV-CR-20250915-6233 - Ramesh
15/09/2025,Payment,AUTO-20260227-0058,5300,Operating Expenses,Operating Expenses,Expenses > Operating Expenses,240.00,,Expense Voucher: EV-CR-20250915-3980 - Rambabu
15/09/2025,Payment,AUTO-20260227-0058,1001,Cash-in-Hand,Cash & Cash Equivalents,Assets > Current Assets > Cash & Cash Equivalents,,240.00,Expense Voucher: EV-CR-20250915-3980 - Rambabu
16/09/2025,Payment,AUTO-20260227-0060,5300,Operating Expenses,Operating Expenses,Expenses > Operating Expenses,3000.00,,Expense Voucher: EV-CR-20250916-8878 - Santhosh
16/09/2025,Payment,AUTO-20260227-0060,1001,Cash-in-Hand,Cash & Cash Equivalents,Assets > Current Assets > Cash & Cash Equivalents,,3000.00,Expense Voucher: EV-CR-20250916-8878 - Santhosh
16/09/2025,Payment,AUTO-20260227-0061,5300,Operating Expenses,Operating Expenses,Expenses > Operating Expenses,1750.00,,Expense Voucher: EV-CR-20250916-2853 - Pankaj
16/09/2025,Payment,AUTO-20260227-0061,1001,Cash-in-Hand,Cash & Cash Equivalents,Assets > Current Assets > Cash & Cash Equivalents,,1750.00,Expense Voucher: EV-CR-20250916-2853 - Pankaj
16/09/2025,Payment,AUTO-20260227-0062,5300,Operating Expenses,Operating Expenses,Expenses > Operating Expenses,240.00,,Expense Voucher: EV-CR-20250916-1162 - Rambabu
16/09/2025,Payment,AUTO-20260227-0062,1001,Cash-in-Hand,Cash & Cash Equivalents,Assets > Current Assets > Cash & Cash Equivalents,,240.00,Expense Voucher: EV-CR-20250916-1162 - Rambabu
17/09/2025,Payment,AUTO-20260228-0002,5300,Operating Expenses,Operating Expenses,Expenses > Operating Expenses,3000.00,,Expense Voucher: EV-CR-20250917-7459 - Ramesh
17/09/2025,Payment,AUTO-20260228-0002,1001,Cash-in-Hand,Cash & Cash Equivalents,Assets > Current Assets > Cash & Cash Equivalents,,3000.00,Expense Voucher: EV-CR-20250917-7459 - Ramesh
17/09/2025,Payment,AUTO-20260228-0003,5300,Operating Expenses,Operating Expenses,Expenses > Operating Expenses,200.00,,Expense Voucher: EV-CR-20250917-7266 - Sai Hardware
17/09/2025,Payment,AUTO-20260228-0003,1001,Cash-in-Hand,Cash & Cash Equivalents,Assets > Current Assets > Cash & Cash Equivalents,,200.00,Expense Voucher: EV-CR-20250917-7266 - Sai Hardware
17/09/2025,Payment,AUTO-20260228-0004,5300,Operating Expenses,Operating Expenses,Expenses > Operating Expenses,1450.00,,Expense Voucher: EV-CR-20250917-4732 - Bhagya
17/09/2025,Payment,AUTO-20260228-0004,1001,Cash-in-Hand,Cash & Cash Equivalents,Assets > Current Assets > Cash & Cash Equivalents,,1450.00,Expense Voucher: EV-CR-20250917-4732 - Bhagya
18/09/2025,Payment,AUTO-20260228-0006,5300,Operating Expenses,Operating Expenses,Expenses > Operating Expenses,280.00,,Expense Voucher: EV-CR-20250918-5719 - S.B.enterprices surya bhag
18/09/2025,Payment,AUTO-20260228-0006,1001,Cash-in-Hand,Cash & Cash Equivalents,Assets > Current Assets > Cash & Cash Equivalents,,280.00,Expense Voucher: EV-CR-20250918-5719 - S.B.enterprices surya bhag
18/09/2025,Payment,AUTO-20260228-0007,5300,Operating Expenses,Operating Expenses,Expenses > Operating Expenses,1200.00,,Expense Voucher: EV-CR-20250918-7525 - Nanibabu
18/09/2025,Payment,AUTO-20260228-0007,1001,Cash-in-Hand,Cash & Cash Equivalents,Assets > Current Assets > Cash & Cash Equivalents,,1200.00,Expense Voucher: EV-CR-20250918-7525 - Nanibabu
18/09/2025,Payment,AUTO-20260228-0008,5300,Operating Expenses,Operating Expenses,Expenses > Operating Expenses,60.00,,Expense Voucher: EV-CR-20250918-8866 - Vamsi
18/09/2025,Payment,AUTO-20260228-0008,1001,Cash-in-Hand,Cash & Cash Equivalents,Assets > Current Assets > Cash & Cash Equivalents,,60.00,Expense Voucher: EV-CR-20250918-8866 - Vamsi
18/09/2025,Payment,AUTO-20260228-0009,5300,Operating Expenses,Operating Expenses,Expenses > Operating Expenses,400.00,,Expense Voucher: EV-CR-20250918-8305 - Ramesh
18/09/2025,Payment,AUTO-20260228-0009,1001,Cash-in-Hand,Cash & Cash Equivalents,Assets > Current Assets > Cash & Cash Equivalents,,400.00,Expense Voucher: EV-CR-20250918-8305 - Ramesh
18/09/2025,Payment,AUTO-20260228-0010,5300,Operating Expenses,Operating Expenses,Expenses > Operating Expenses,70.00,,Expense Voucher: EV-CR-20250918-8024 - santhosh
18/09/2025,Payment,AUTO-20260228-0010,1001,Cash-in-Hand,Cash & Cash Equivalents,Assets > Current Assets > Cash & Cash Equivalents,,70.00,Expense Voucher: EV-CR-20250918-8024 - santhosh
19/09/2025,Payment,AUTO-20260228-0012,5300,Operating Expenses,Operating Expenses,Expenses > Operating Expenses,6000.00,,Expense Voucher: EV-CR-20250919-5330 - Hari
19/09/2025,Payment,AUTO-20260228-0012,1001,Cash-in-Hand,Cash & Cash Equivalents,Assets > Current Assets > Cash & Cash Equivalents,,6000.00,Expense Voucher: EV-CR-20250919-5330 - Hari
19/09/2025,Payment,AUTO-20260228-0013,5300,Operating Expenses,Operating Expenses,Expenses > Operating Expenses,700.00,,Expense Voucher: EV-CR-20250919-7560 - Hari
19/09/2025,Payment,AUTO-20260228-0013,1001,Cash-in-Hand,Cash & Cash Equivalents,Assets > Current Assets > Cash & Cash Equivalents,,700.00,Expense Voucher: EV-CR-20250919-7560 - Hari
19/09/2025,Payment,AUTO-20260228-0014,5300,Operating Expenses,Operating Expenses,Expenses > Operating Expenses,200.00,,Expense Voucher: EV-CR-20250919-8585 - Hari
19/09/2025,Payment,AUTO-20260228-0014,1001,Cash-in-Hand,Cash & Cash Equivalents,Assets > Current Assets > Cash & Cash Equivalents,,200.00,Expense Voucher: EV-CR-20250919-8585 - Hari
19/09/2025,Payment,AUTO-20260228-0015,5300,Operating Expenses,Operating Expenses,Expenses > Operating Expenses,3000.00,,Expense Voucher: EV-CR-20250919-4565 - Santhosh
19/09/2025,Payment,AUTO-20260228-0015,1001,Cash-in-Hand,Cash & Cash Equivalents,Assets > Current Assets > Cash & Cash Equivalents,,3000.00,Expense Voucher: EV-CR-20250919-4565 - Santhosh
19/09/2025,Payment,AUTO-20260228-0016,5300,Operating Expenses,Operating Expenses,Expenses > Operating Expenses,3000.00,,Expense Voucher: EV-CR-20250919-9545 - Ramesh
19/09/2025,Payment,AUTO-20260228-0016,1001,Cash-in-Hand,Cash & Cash Equivalents,Assets > Current Assets > Cash & Cash Equivalents,,3000.00,Expense Voucher: EV-CR-20250919-9545 - Ramesh
19/09/2025,Payment,AUTO-20260228-0017,5300,Operating Expenses,Operating Expenses,Expenses > Operating Expenses,600.00,,Expense Voucher: EV-CR-20250919-9285 - Suribabu
19/09/2025,Payment,AUTO-20260228-0017,1001,Cash-in-Hand,Cash & Cash Equivalents,Assets > Current Assets > Cash & Cash Equivalents,,600.00,Expense Voucher: EV-CR-20250919-9285 - Suribabu
19/09/2025,Payment,AUTO-20260228-0018,5300,Operating Expenses,Operating Expenses,Expenses > Operating Expenses,180.00,,Expense Voucher: EV-CR-20250919-3580 - Rambabu
19/09/2025,Payment,AUTO-20260228-0018,1001,Cash-in-Hand,Cash & Cash Equivalents,Assets > Current Assets > Cash & Cash Equivalents,,180.00,Expense Voucher: EV-CR-20250919-3580 - Rambabu
20/09/2025,Payment,AUTO-20260228-0020,5300,Operating Expenses,Operating Expenses,Expenses > Operating Expenses,5000.00,,Expense Voucher: EV-CR-20250920-1707 - Hari
20/09/2025,Payment,AUTO-20260228-0020,1001,Cash-in-Hand,Cash & Cash Equivalents,Assets > Current Assets > Cash & Cash Equivalents,,5000.00,Expense Voucher: EV-CR-20250920-1707 - Hari
20/09/2025,Payment,AUTO-20260228-0021,5300,Operating Expenses,Operating Expenses,Expenses > Operating Expenses,250.00,,Expense Voucher: EV-CR-20250920-9399 - Nanibabu
20/09/2025,Payment,AUTO-20260228-0021,1001,Cash-in-Hand,Cash & Cash Equivalents,Assets > Current Assets > Cash & Cash Equivalents,,250.00,Expense Voucher: EV-CR-20250920-9399 - Nanibabu
20/09/2025,Payment,AUTO-20260228-0022,5300,Operating Expenses,Operating Expenses,Expenses > Operating Expenses,200.00,,Expense Voucher: EV-CR-20250920-7486 - Hari
20/09/2025,Payment,AUTO-20260228-0022,1001,Cash-in-Hand,Cash & Cash Equivalents,Assets > Current Assets > Cash & Cash Equivalents,,200.00,Expense Voucher: EV-CR-20250920-7486 - Hari
20/09/2025,Payment,AUTO-20260228-0023,5300,Operating Expenses,Operating Expenses,Expenses > Operating Expenses,100.00,,Expense Voucher: EV-CR-20250920-7105 - Police
20/09/2025,Payment,AUTO-20260228-0023,1001,Cash-in-Hand,Cash & Cash Equivalents,Assets > Current Assets > Cash & Cash Equivalents,,100.00,Expense Voucher: EV-CR-20250920-7105 - Police
20/09/2025,Payment,AUTO-20260228-0024,5300,Operating Expenses,Operating Expenses,Expenses > Operating Expenses,630.00,,Expense Voucher: EV-CR-20250920-8024 - Naveen
20/09/2025,Payment,AUTO-20260228-0024,1001,Cash-in-Hand,Cash & Cash Equivalents,Assets > Current Assets > Cash & Cash Equivalents,,630.00,Expense Voucher: EV-CR-20250920-8024 - Naveen
20/09/2025,Payment,AUTO-20260228-0025,5300,Operating Expenses,Operating Expenses,Expenses > Operating Expenses,300.00,,Expense Voucher: EV-CR-20250920-5565 - Rapido
20/09/2025,Payment,AUTO-20260228-0025,1001,Cash-in-Hand,Cash & Cash Equivalents,Assets > Current Assets > Cash & Cash Equivalents,,300.00,Expense Voucher: EV-CR-20250920-5565 - Rapido
20/09/2025,Payment,AUTO-20260228-0026,5300,Operating Expenses,Operating Expenses,Expenses > Operating Expenses,500.00,,Expense Voucher: EV-CR-20250920-3405 - Pankaj
20/09/2025,Payment,AUTO-20260228-0026,1001,Cash-in-Hand,Cash & Cash Equivalents,Assets > Current Assets > Cash & Cash Equivalents,,500.00,Expense Voucher: EV-CR-20250920-3405 - Pankaj
20/09/2025,Payment,AUTO-20260228-0027,5300,Operating Expenses,Operating Expenses,Expenses > Operating Expenses,150.00,,Expense Voucher: EV-CR-20250920-1046 - Krishna
20/09/2025,Payment,AUTO-20260228-0027,1001,Cash-in-Hand,Cash & Cash Equivalents,Assets > Current Assets > Cash & Cash Equivalents,,150.00,Expense Voucher: EV-CR-20250920-1046 - Krishna
20/09/2025,Payment,AUTO-20260228-0028,5300,Operating Expenses,Operating Expenses,Expenses > Operating Expenses,1200.00,,Expense Voucher: EV-CR-20250920-2281 - Ravi
20/09/2025,Payment,AUTO-20260228-0028,1001,Cash-in-Hand,Cash & Cash Equivalents,Assets > Current Assets > Cash & Cash Equivalents,,1200.00,Expense Voucher: EV-CR-20250920-2281 - Ravi
20/09/2025,Payment,AUTO-20260228-0029,5300,Operating Expenses,Operating Expenses,Expenses > Operating Expenses,360.00,,Expense Voucher: EV-CR-20250920-0635 - Rapido
20/09/2025,Payment,AUTO-20260228-0029,1001,Cash-in-Hand,Cash & Cash Equivalents,Assets > Current Assets > Cash & Cash Equivalents,,360.00,Expense Voucher: EV-CR-20250920-0635 - Rapido
22/09/2025,Payment,AUTO-20260228-0030,5300,Operating Expenses,Operating Expenses,Expenses > Operating Expenses,3000.00,,Expense Voucher: EV-CR-20250922-1704 - Santhosh
22/09/2025,Payment,AUTO-20260228-0030,1001,Cash-in-Hand,Cash & Cash Equivalents,Assets > Current Assets > Cash & Cash Equivalents,,3000.00,Expense Voucher: EV-CR-20250922-1704 - Santhosh
22/09/2025,Payment,AUTO-20260228-0031,5300,Operating Expenses,Operating Expenses,Expenses > Operating Expenses,300.00,,Expense Voucher: EV-CR-20250922-6510 - Hari
22/09/2025,Payment,AUTO-20260228-0031,1001,Cash-in-Hand,Cash & Cash Equivalents,Assets > Current Assets > Cash & Cash Equivalents,,300.00,Expense Voucher: EV-CR-20250922-6510 - Hari
22/09/2025,Payment,AUTO-20260228-0032,5300,Operating Expenses,Operating Expenses,Expenses > Operating Expenses,120.00,,Expense Voucher: EV-CR-20250922-3186 - Vamsi
22/09/2025,Payment,AUTO-20260228-0032,1001,Cash-in-Hand,Cash & Cash Equivalents,Assets > Current Assets > Cash & Cash Equivalents,,120.00,Expense Voucher: EV-CR-20250922-3186 - Vamsi
22/09/2025,Payment,AUTO-20260228-0033,5300,Operating Expenses,Operating Expenses,Expenses > Operating Expenses,520.00,,Expense Voucher: EV-CR-20250922-1045 - Railway Transport
22/09/2025,Payment,AUTO-20260228-0033,1001,Cash-in-Hand,Cash & Cash Equivalents,Assets > Current Assets > Cash & Cash Equivalents,,520.00,Expense Voucher: EV-CR-20250922-1045 - Railway Transport
22/09/2025,Payment,AUTO-20260228-0034,5300,Operating Expenses,Operating Expenses,Expenses > Operating Expenses,240.00,,Expense Voucher: EV-CR-20250922-0366 - Rambabu
22/09/2025,Payment,AUTO-20260228-0034,1001,Cash-in-Hand,Cash & Cash Equivalents,Assets > Current Assets > Cash & Cash Equivalents,,240.00,Expense Voucher: EV-CR-20250922-0366 - Rambabu
22/09/2025,Payment,AUTO-20260228-0035,5300,Operating Expenses,Operating Expenses,Expenses > Operating Expenses,100.00,,Expense Voucher: EV-CR-20250922-1786 - Suribabu
22/09/2025,Payment,AUTO-20260228-0035,1001,Cash-in-Hand,Cash & Cash Equivalents,Assets > Current Assets > Cash & Cash Equivalents,,100.00,Expense Voucher: EV-CR-20250922-1786 - Suribabu
23/09/2025,Payment,AUTO-20260228-0037,5300,Operating Expenses,Operating Expenses,Expenses > Operating Expenses,3000.00,,Expense Voucher: EV-CR-20250923-1886 - Santhosh
23/09/2025,Payment,AUTO-20260228-0037,1001,Cash-in-Hand,Cash & Cash Equivalents,Assets > Current Assets > Cash & Cash Equivalents,,3000.00,Expense Voucher: EV-CR-20250923-1886 - Santhosh
23/09/2025,Payment,AUTO-20260228-0038,5300,Operating Expenses,Operating Expenses,Expenses > Operating Expenses,600.00,,Expense Voucher: EV-CR-20250923-0524 - suribabu
23/09/2025,Payment,AUTO-20260228-0038,1001,Cash-in-Hand,Cash & Cash Equivalents,Assets > Current Assets > Cash & Cash Equivalents,,600.00,Expense Voucher: EV-CR-20250923-0524 - suribabu
24/09/2025,Payment,AUTO-20260228-0040,5300,Operating Expenses,Operating Expenses,Expenses > Operating Expenses,3000.00,,Expense Voucher: EV-CR-20250924-6126 - Ramesh
24/09/2025,Payment,AUTO-20260228-0040,1001,Cash-in-Hand,Cash & Cash Equivalents,Assets > Current Assets > Cash & Cash Equivalents,,3000.00,Expense Voucher: EV-CR-20250924-6126 - Ramesh
24/09/2025,Payment,AUTO-20260228-0041,5300,Operating Expenses,Operating Expenses,Expenses > Operating Expenses,6000.00,,Expense Voucher: EV-CR-20250924-0415 - Hari
24/09/2025,Payment,AUTO-20260228-0041,1001,Cash-in-Hand,Cash & Cash Equivalents,Assets > Current Assets > Cash & Cash Equivalents,,6000.00,Expense Voucher: EV-CR-20250924-0415 - Hari
24/09/2025,Payment,AUTO-20260228-0042,5300,Operating Expenses,Operating Expenses,Expenses > Operating Expenses,1000.00,,Expense Voucher: EV-CR-20250924-6536 - hari
24/09/2025,Payment,AUTO-20260228-0042,1001,Cash-in-Hand,Cash & Cash Equivalents,Assets > Current Assets > Cash & Cash Equivalents,,1000.00,Expense Voucher: EV-CR-20250924-6536 - hari
24/09/2025,Payment,AUTO-20260228-0043,5300,Operating Expenses,Operating Expenses,Expenses > Operating Expenses,250.00,,Expense Voucher: EV-CR-20250924-4344 - Suribabu
24/09/2025,Payment,AUTO-20260228-0043,1001,Cash-in-Hand,Cash & Cash Equivalents,Assets > Current Assets > Cash & Cash Equivalents,,250.00,Expense Voucher: EV-CR-20250924-4344 - Suribabu
24/09/2025,Payment,AUTO-20260228-0044,5300,Operating Expenses,Operating Expenses,Expenses > Operating Expenses,200.00,,Expense Voucher: EV-CR-20250924-6630 - Hari
24/09/2025,Payment,AUTO-20260228-0044,1001,Cash-in-Hand,Cash & Cash Equivalents,Assets > Current Assets > Cash & Cash Equivalents,,200.00,Expense Voucher: EV-CR-20250924-6630 - Hari
26/09/2025,Payment,AUTO-20260228-0047,5300,Operating Expenses,Operating Expenses,Expenses > Operating Expenses,3000.00,,Expense Voucher: EV-CR-20250926-9284 - Santhosh
26/09/2025,Payment,AUTO-20260228-0047,1001,Cash-in-Hand,Cash & Cash Equivalents,Assets > Current Assets > Cash & Cash Equivalents,,3000.00,Expense Voucher: EV-CR-20250926-9284 - Santhosh
26/09/2025,Payment,AUTO-20260228-0048,5300,Operating Expenses,Operating Expenses,Expenses > Operating Expenses,500.00,,Expense Voucher: EV-CR-20250926-1925 - Santhosh
26/09/2025,Payment,AUTO-20260228-0048,1001,Cash-in-Hand,Cash & Cash Equivalents,Assets > Current Assets > Cash & Cash Equivalents,,500.00,Expense Voucher: EV-CR-20250926-1925 - Santhosh
26/09/2025,Payment,AUTO-20260228-0049,5300,Operating Expenses,Operating Expenses,Expenses > Operating Expenses,3000.00,,Expense Voucher: EV-CR-20250926-4991 - Ramesh
26/09/2025,Payment,AUTO-20260228-0049,1001,Cash-in-Hand,Cash & Cash Equivalents,Assets > Current Assets > Cash & Cash Equivalents,,3000.00,Expense Voucher: EV-CR-20250926-4991 - Ramesh
26/09/2025,Payment,AUTO-20260228-0050,5300,Operating Expenses,Operating Expenses,Expenses > Operating Expenses,300.00,,Expense Voucher: EV-CR-20250926-6670 - Ramesh
26/09/2025,Payment,AUTO-20260228-0050,1001,Cash-in-Hand,Cash & Cash Equivalents,Assets > Current Assets > Cash & Cash Equivalents,,300.00,Expense Voucher: EV-CR-20250926-6670 - Ramesh
26/09/2025,Payment,AUTO-20260228-0051,5300,Operating Expenses,Operating Expenses,Expenses > Operating Expenses,640.00,,Expense Voucher: EV-CR-20250926-4065 - Finecab
26/09/2025,Payment,AUTO-20260228-0051,1001,Cash-in-Hand,Cash & Cash Equivalents,Assets > Current Assets > Cash & Cash Equivalents,,640.00,Expense Voucher: EV-CR-20250926-4065 - Finecab
27/09/2025,Payment,AUTO-20260228-0052,5300,Operating Expenses,Operating Expenses,Expenses > Operating Expenses,3000.00,,Expense Voucher: EV-CR-20250927-0564 - Ramesh
27/09/2025,Payment,AUTO-20260228-0052,1001,Cash-in-Hand,Cash & Cash Equivalents,Assets > Current Assets > Cash & Cash Equivalents,,3000.00,Expense Voucher: EV-CR-20250927-0564 - Ramesh
27/09/2025,Payment,AUTO-20260228-0053,5300,Operating Expenses,Operating Expenses,Expenses > Operating Expenses,300.00,,Expense Voucher: EV-CR-20250927-4544 - Ramesh
27/09/2025,Payment,AUTO-20260228-0053,1001,Cash-in-Hand,Cash & Cash Equivalents,Assets > Current Assets > Cash & Cash Equivalents,,300.00,Expense Voucher: EV-CR-20250927-4544 - Ramesh
27/09/2025,Payment,AUTO-20260228-0054,5300,Operating Expenses,Operating Expenses,Expenses > Operating Expenses,500.00,,Expense Voucher: EV-CR-20250927-0705 - electric Line man
27/09/2025,Payment,AUTO-20260228-0054,1001,Cash-in-Hand,Cash & Cash Equivalents,Assets > Current Assets > Cash & Cash Equivalents,,500.00,Expense Voucher: EV-CR-20250927-0705 - electric Line man
27/09/2025,Payment,AUTO-20260228-0055,5300,Operating Expenses,Operating Expenses,Expenses > Operating Expenses,90.00,,Expense Voucher: EV-CR-20250927-8484 - Rambabu
27/09/2025,Payment,AUTO-20260228-0055,1001,Cash-in-Hand,Cash & Cash Equivalents,Assets > Current Assets > Cash & Cash Equivalents,,90.00,Expense Voucher: EV-CR-20250927-8484 - Rambabu
29/09/2025,Payment,AUTO-20260228-0057,5300,Operating Expenses,Operating Expenses,Expenses > Operating Expenses,3000.00,,Expense Voucher: EV-CR-20250929-2640 - Santhosh
29/09/2025,Payment,AUTO-20260228-0057,1001,Cash-in-Hand,Cash & Cash Equivalents,Assets > Current Assets > Cash & Cash Equivalents,,3000.00,Expense Voucher: EV-CR-20250929-2640 - Santhosh
29/09/2025,Payment,AUTO-20260228-0058,5300,Operating Expenses,Operating Expenses,Expenses > Operating Expenses,200.00,,Expense Voucher: EV-CR-20250929-7192 - Santhosh
29/09/2025,Payment,AUTO-20260228-0058,1001,Cash-in-Hand,Cash & Cash Equivalents,Assets > Current Assets > Cash & Cash Equivalents,,200.00,Expense Voucher: EV-CR-20250929-7192 - Santhosh
29/09/2025,Payment,AUTO-20260228-0059,5300,Operating Expenses,Operating Expenses,Expenses > Operating Expenses,3000.00,,Expense Voucher: EV-CR-20250929-6840 - Ramesh
29/09/2025,Payment,AUTO-20260228-0059,1001,Cash-in-Hand,Cash & Cash Equivalents,Assets > Current Assets > Cash & Cash Equivalents,,3000.00,Expense Voucher: EV-CR-20250929-6840 - Ramesh
29/09/2025,Payment,AUTO-20260228-0060,5300,Operating Expenses,Operating Expenses,Expenses > Operating Expenses,1000.00,,Expense Voucher: EV-CR-20250929-4264 - RTA officer
29/09/2025,Payment,AUTO-20260228-0060,1001,Cash-in-Hand,Cash & Cash Equivalents,Assets > Current Assets > Cash & Cash Equivalents,,1000.00,Expense Voucher: EV-CR-20250929-4264 - RTA officer
29/09/2025,Payment,AUTO-20260228-0061,5300,Operating Expenses,Operating Expenses,Expenses > Operating Expenses,400.00,,Expense Voucher: EV-CR-20250929-3106 - Suribabu
29/09/2025,Payment,AUTO-20260228-0061,1001,Cash-in-Hand,Cash & Cash Equivalents,Assets > Current Assets > Cash & Cash Equivalents,,400.00,Expense Voucher: EV-CR-20250929-3106 - Suribabu
29/09/2025,Payment,AUTO-20260228-0062,5300,Operating Expenses,Operating Expenses,Expenses > Operating Expenses,190.00,,Expense Voucher: EV-CR-20250929-9260 - Ramesh
29/09/2025,Payment,AUTO-20260228-0062,1001,Cash-in-Hand,Cash & Cash Equivalents,Assets > Current Assets > Cash & Cash Equivalents,,190.00,Expense Voucher: EV-CR-20250929-9260 - Ramesh
29/09/2025,Payment,AUTO-20260228-0063,5300,Operating Expenses,Operating Expenses,Expenses > Operating Expenses,7455.00,,Expense Voucher: EV-CR-20250929-1224 - Shyam
29/09/2025,Payment,AUTO-20260228-0063,1001,Cash-in-Hand,Cash & Cash Equivalents,Assets > Current Assets > Cash & Cash Equivalents,,7455.00,Expense Voucher: EV-CR-20250929-1224 - Shyam
01/10/2025,Payment,AUTO-20260228-0065,5300,Operating Expenses,Operating Expenses,Expenses > Operating Expenses,2500.00,,Expense Voucher: EV-CR-20251001-4325 - Santhosh
01/10/2025,Payment,AUTO-20260228-0065,1001,Cash-in-Hand,Cash & Cash Equivalents,Assets > Current Assets > Cash & Cash Equivalents,,2500.00,Expense Voucher: EV-CR-20251001-4325 - Santhosh
01/10/2025,Payment,AUTO-20260228-0066,5300,Operating Expenses,Operating Expenses,Expenses > Operating Expenses,3000.00,,Expense Voucher: EV-CR-20251001-2782 - Ramesh
01/10/2025,Payment,AUTO-20260228-0066,1001,Cash-in-Hand,Cash & Cash Equivalents,Assets > Current Assets > Cash & Cash Equivalents,,3000.00,Expense Voucher: EV-CR-20251001-2782 - Ramesh
01/10/2025,Payment,AUTO-20260228-0068,5300,Operating Expenses,Operating Expenses,Expenses > Operating Expenses,440.00,,Expense Voucher: EV-CR-20251001-2603 - Flipkart
01/10/2025,Payment,AUTO-20260228-0068,1001,Cash-in-Hand,Cash & Cash Equivalents,Assets > Current Assets > Cash & Cash Equivalents,,440.00,Expense Voucher: EV-CR-20251001-2603 - Flipkart
01/10/2025,Payment,AUTO-20260228-0069,5300,Operating Expenses,Operating Expenses,Expenses > Operating Expenses,5000.00,,Expense Voucher: EV-CR-20251001-6927 - Shyam
01/10/2025,Payment,AUTO-20260228-0069,1001,Cash-in-Hand,Cash & Cash Equivalents,Assets > Current Assets > Cash & Cash Equivalents,,5000.00,Expense Voucher: EV-CR-20251001-6927 - Shyam
01/10/2025,Payment,AUTO-20260228-0070,5300,Operating Expenses,Operating Expenses,Expenses > Operating Expenses,980.00,,Expense Voucher: EV-CR-20251001-4266 - Rambabu
01/10/2025,Payment,AUTO-20260228-0070,1001,Cash-in-Hand,Cash & Cash Equivalents,Assets > Current Assets > Cash & Cash Equivalents,,980.00,Expense Voucher: EV-CR-20251001-4266 - Rambabu
01/10/2025,Payment,AUTO-20260228-0071,5300,Operating Expenses,Operating Expenses,Expenses > Operating Expenses,165.00,,Expense Voucher: EV-CR-20251001-2433 - Vamsi
01/10/2025,Payment,AUTO-20260228-0071,1001,Cash-in-Hand,Cash & Cash Equivalents,Assets > Current Assets > Cash & Cash Equivalents,,165.00,Expense Voucher: EV-CR-20251001-2433 - Vamsi
01/10/2025,Payment,AUTO-20260228-0072,5300,Operating Expenses,Operating Expenses,Expenses > Operating Expenses,260.00,,Expense Voucher: EV-CR-20251001-9560 - Ramesh
01/10/2025,Payment,AUTO-20260228-0072,1001,Cash-in-Hand,Cash & Cash Equivalents,Assets > Current Assets > Cash & Cash Equivalents,,260.00,Expense Voucher: EV-CR-20251001-9560 - Ramesh
01/10/2025,Payment,AUTO-20260228-0073,5300,Operating Expenses,Operating Expenses,Expenses > Operating Expenses,550.00,,Expense Voucher: EV-CR-20251001-1291 - Krishna
01/10/2025,Payment,AUTO-20260228-0073,1001,Cash-in-Hand,Cash & Cash Equivalents,Assets > Current Assets > Cash & Cash Equivalents,,550.00,Expense Voucher: EV-CR-20251001-1291 - Krishna
04/10/2025,Payment,AUTO-20260228-0075,5300,Operating Expenses,Operating Expenses,Expenses > Operating Expenses,600.00,,Expense Voucher: EV-CR-20251004-5466 - Hari
04/10/2025,Payment,AUTO-20260228-0075,1001,Cash-in-Hand,Cash & Cash Equivalents,Assets > Current Assets > Cash & Cash Equivalents,,600.00,Expense Voucher: EV-CR-20251004-5466 - Hari
04/10/2025,Payment,AUTO-20260228-0076,5300,Operating Expenses,Operating Expenses,Expenses > Operating Expenses,200.00,,Expense Voucher: EV-CR-20251004-9926 - Hari
04/10/2025,Payment,AUTO-20260228-0076,1001,Cash-in-Hand,Cash & Cash Equivalents,Assets > Current Assets > Cash & Cash Equivalents,,200.00,Expense Voucher: EV-CR-20251004-9926 - Hari
04/10/2025,Payment,AUTO-20260228-0077,5300,Operating Expenses,Operating Expenses,Expenses > Operating Expenses,6000.00,,Expense Voucher: EV-CR-20251004-7925 - Hari
04/10/2025,Payment,AUTO-20260228-0077,1001,Cash-in-Hand,Cash & Cash Equivalents,Assets > Current Assets > Cash & Cash Equivalents,,6000.00,Expense Voucher: EV-CR-20251004-7925 - Hari
04/10/2025,Payment,AUTO-20260228-0078,5300,Operating Expenses,Operating Expenses,Expenses > Operating Expenses,1300.00,,Expense Voucher: EV-CR-20251004-9907 - Hari
04/10/2025,Payment,AUTO-20260228-0078,1001,Cash-in-Hand,Cash & Cash Equivalents,Assets > Current Assets > Cash & Cash Equivalents,,1300.00,Expense Voucher: EV-CR-20251004-9907 - Hari
04/10/2025,Payment,AUTO-20260228-0079,5300,Operating Expenses,Operating Expenses,Expenses > Operating Expenses,200.00,,Expense Voucher: EV-CR-20251004-3326 - Hari
04/10/2025,Payment,AUTO-20260228-0079,1001,Cash-in-Hand,Cash & Cash Equivalents,Assets > Current Assets > Cash & Cash Equivalents,,200.00,Expense Voucher: EV-CR-20251004-3326 - Hari
04/10/2025,Payment,AUTO-20260228-0080,5300,Operating Expenses,Operating Expenses,Expenses > Operating Expenses,2000.00,,Expense Voucher: EV-CR-20251004-7425 - Santhosh
04/10/2025,Payment,AUTO-20260228-0080,1001,Cash-in-Hand,Cash & Cash Equivalents,Assets > Current Assets > Cash & Cash Equivalents,,2000.00,Expense Voucher: EV-CR-20251004-7425 - Santhosh
04/10/2025,Payment,AUTO-20260228-0081,5300,Operating Expenses,Operating Expenses,Expenses > Operating Expenses,850.00,,Expense Voucher: EV-CR-20251004-0625 - Ramesh
04/10/2025,Payment,AUTO-20260228-0081,1001,Cash-in-Hand,Cash & Cash Equivalents,Assets > Current Assets > Cash & Cash Equivalents,,850.00,Expense Voucher: EV-CR-20251004-0625 - Ramesh
04/10/2025,Payment,AUTO-20260228-0082,5300,Operating Expenses,Operating Expenses,Expenses > Operating Expenses,800.00,,Expense Voucher: EV-CR-20251004-9290 - Post
04/10/2025,Payment,AUTO-20260228-0082,1001,Cash-in-Hand,Cash & Cash Equivalents,Assets > Current Assets > Cash & Cash Equivalents,,800.00,Expense Voucher: EV-CR-20251004-9290 - Post
04/10/2025,Payment,AUTO-20260228-0083,5300,Operating Expenses,Operating Expenses,Expenses > Operating Expenses,570.00,,Expense Voucher: EV-CR-20251004-1564 - Ramesh
04/10/2025,Payment,AUTO-20260228-0083,1001,Cash-in-Hand,Cash & Cash Equivalents,Assets > Current Assets > Cash & Cash Equivalents,,570.00,Expense Voucher: EV-CR-20251004-1564 - Ramesh
04/10/2025,Payment,AUTO-20260228-0084,5300,Operating Expenses,Operating Expenses,Expenses > Operating Expenses,500.00,,Expense Voucher: EV-CR-20251004-3166 - Ramesh
04/10/2025,Payment,AUTO-20260228-0084,1001,Cash-in-Hand,Cash & Cash Equivalents,Assets > Current Assets > Cash & Cash Equivalents,,500.00,Expense Voucher: EV-CR-20251004-3166 - Ramesh
06/10/2025,Payment,AUTO-20260228-0086,5300,Operating Expenses,Operating Expenses,Expenses > Operating Expenses,200.00,,Expense Voucher: EV-CR-20251006-5567 - Rambabu
06/10/2025,Payment,AUTO-20260228-0086,1001,Cash-in-Hand,Cash & Cash Equivalents,Assets > Current Assets > Cash & Cash Equivalents,,200.00,Expense Voucher: EV-CR-20251006-5567 - Rambabu
06/10/2025,Payment,AUTO-20260228-0087,5300,Operating Expenses,Operating Expenses,Expenses > Operating Expenses,3000.00,,Expense Voucher: EV-CR-20251006-4226 - Santhosh
06/10/2025,Payment,AUTO-20260228-0087,1001,Cash-in-Hand,Cash & Cash Equivalents,Assets > Current Assets > Cash & Cash Equivalents,,3000.00,Expense Voucher: EV-CR-20251006-4226 - Santhosh
06/10/2025,Payment,AUTO-20260228-0088,5300,Operating Expenses,Operating Expenses,Expenses > Operating Expenses,300.00,,Expense Voucher: EV-CR-20251006-9345 - Santhosh
06/10/2025,Payment,AUTO-20260228-0088,1001,Cash-in-Hand,Cash & Cash Equivalents,Assets > Current Assets > Cash & Cash Equivalents,,300.00,Expense Voucher: EV-CR-20251006-9345 - Santhosh
06/10/2025,Payment,AUTO-20260228-0089,5300,Operating Expenses,Operating Expenses,Expenses > Operating Expenses,3000.00,,Expense Voucher: EV-CR-20251006-2245 - Ramesh
06/10/2025,Payment,AUTO-20260228-0089,1001,Cash-in-Hand,Cash & Cash Equivalents,Assets > Current Assets > Cash & Cash Equivalents,,3000.00,Expense Voucher: EV-CR-20251006-2245 - Ramesh
06/10/2025,Payment,AUTO-20260228-0090,5300,Operating Expenses,Operating Expenses,Expenses > Operating Expenses,546.00,,Expense Voucher: EV-CR-20251006-8125 - Pankaj
06/10/2025,Payment,AUTO-20260228-0090,1001,Cash-in-Hand,Cash & Cash Equivalents,Assets > Current Assets > Cash & Cash Equivalents,,546.00,Expense Voucher: EV-CR-20251006-8125 - Pankaj
06/10/2025,Payment,AUTO-20260228-0091,5300,Operating Expenses,Operating Expenses,Expenses > Operating Expenses,1030.00,,Expense Voucher: EV-CR-20251006-8425 - Ramesh
06/10/2025,Payment,AUTO-20260228-0091,1001,Cash-in-Hand,Cash & Cash Equivalents,Assets > Current Assets > Cash & Cash Equivalents,,1030.00,Expense Voucher: EV-CR-20251006-8425 - Ramesh
07/10/2025,Payment,AUTO-20260228-0093,5300,Operating Expenses,Operating Expenses,Expenses > Operating Expenses,268.00,,Expense Voucher: EV-CR-20251007-4305 - Suribabu
07/10/2025,Payment,AUTO-20260228-0093,1001,Cash-in-Hand,Cash & Cash Equivalents,Assets > Current Assets > Cash & Cash Equivalents,,268.00,Expense Voucher: EV-CR-20251007-4305 - Suribabu
07/10/2025,Payment,AUTO-20260228-0094,5300,Operating Expenses,Operating Expenses,Expenses > Operating Expenses,150.00,,Expense Voucher: EV-CR-20251007-6624 - Rambabu
07/10/2025,Payment,AUTO-20260228-0094,1001,Cash-in-Hand,Cash & Cash Equivalents,Assets > Current Assets > Cash & Cash Equivalents,,150.00,Expense Voucher: EV-CR-20251007-6624 - Rambabu
08/10/2025,Payment,AUTO-20260228-0096,5300,Operating Expenses,Operating Expenses,Expenses > Operating Expenses,3000.00,,Expense Voucher: EV-CR-20251008-6595 - santhosh
08/10/2025,Payment,AUTO-20260228-0096,1001,Cash-in-Hand,Cash & Cash Equivalents,Assets > Current Assets > Cash & Cash Equivalents,,3000.00,Expense Voucher: EV-CR-20251008-6595 - santhosh
08/10/2025,Payment,AUTO-20260228-0097,5300,Operating Expenses,Operating Expenses,Expenses > Operating Expenses,3000.00,,Expense Voucher: EV-CR-20251008-3485 - Ramesh
08/10/2025,Payment,AUTO-20260228-0097,1001,Cash-in-Hand,Cash & Cash Equivalents,Assets > Current Assets > Cash & Cash Equivalents,,3000.00,Expense Voucher: EV-CR-20251008-3485 - Ramesh
08/10/2025,Payment,AUTO-20260228-0098,5300,Operating Expenses,Operating Expenses,Expenses > Operating Expenses,6100.00,,Expense Voucher: EV-CR-20251008-9534 - Hari
08/10/2025,Payment,AUTO-20260228-0098,1001,Cash-in-Hand,Cash & Cash Equivalents,Assets > Current Assets > Cash & Cash Equivalents,,6100.00,Expense Voucher: EV-CR-20251008-9534 - Hari
08/10/2025,Payment,AUTO-20260228-0099,5300,Operating Expenses,Operating Expenses,Expenses > Operating Expenses,200.00,,Expense Voucher: EV-CR-20251008-5104 - Rambabu
08/10/2025,Payment,AUTO-20260228-0099,1001,Cash-in-Hand,Cash & Cash Equivalents,Assets > Current Assets > Cash & Cash Equivalents,,200.00,Expense Voucher: EV-CR-20251008-5104 - Rambabu
09/10/2025,Payment,AUTO-20260301-0002,5300,Operating Expenses,Operating Expenses,Expenses > Operating Expenses,300.00,,Expense Voucher: EV-CR-20251009-7500 - Patrudu
09/10/2025,Payment,AUTO-20260301-0002,1001,Cash-in-Hand,Cash & Cash Equivalents,Assets > Current Assets > Cash & Cash Equivalents,,300.00,Expense Voucher: EV-CR-20251009-7500 - Patrudu
09/10/2025,Payment,AUTO-20260302-0008,5300,Operating Expenses,Operating Expenses,Expenses > Operating Expenses,3000.00,,Expense Voucher: EV-CR-20251009-9463 - Patrudu
09/10/2025,Payment,AUTO-20260302-0008,1001,Cash-in-Hand,Cash & Cash Equivalents,Assets > Current Assets > Cash & Cash Equivalents,,3000.00,Expense Voucher: EV-CR-20251009-9463 - Patrudu
09/10/2025,Payment,AUTO-20260302-0009,5300,Operating Expenses,Operating Expenses,Expenses > Operating Expenses,420.00,,Expense Voucher: EV-CR-20251009-6977 - Rambabu
09/10/2025,Payment,AUTO-20260302-0009,1001,Cash-in-Hand,Cash & Cash Equivalents,Assets > Current Assets > Cash & Cash Equivalents,,420.00,Expense Voucher: EV-CR-20251009-6977 - Rambabu
10/10/2025,Payment,AUTO-20260302-0011,5300,Operating Expenses,Operating Expenses,Expenses > Operating Expenses,3000.00,,Expense Voucher: EV-CR-20251010-1085 - Santhosh
10/10/2025,Payment,AUTO-20260302-0011,1001,Cash-in-Hand,Cash & Cash Equivalents,Assets > Current Assets > Cash & Cash Equivalents,,3000.00,Expense Voucher: EV-CR-20251010-1085 - Santhosh
10/10/2025,Payment,AUTO-20260302-0012,5300,Operating Expenses,Operating Expenses,Expenses > Operating Expenses,200.00,,Expense Voucher: EV-CR-20251010-9266 - Hari
10/10/2025,Payment,AUTO-20260302-0012,1001,Cash-in-Hand,Cash & Cash Equivalents,Assets > Current Assets > Cash & Cash Equivalents,,200.00,Expense Voucher: EV-CR-20251010-9266 - Hari
10/10/2025,Payment,AUTO-20260302-0013,5300,Operating Expenses,Operating Expenses,Expenses > Operating Expenses,8000.00,,Expense Voucher: EV-CR-20251010-8038 - Hari
10/10/2025,Payment,AUTO-20260302-0013,1001,Cash-in-Hand,Cash & Cash Equivalents,Assets > Current Assets > Cash & Cash Equivalents,,8000.00,Expense Voucher: EV-CR-20251010-8038 - Hari
10/10/2025,Payment,AUTO-20260302-0014,5300,Operating Expenses,Operating Expenses,Expenses > Operating Expenses,2000.00,,Expense Voucher: EV-CR-20251010-8677 - Hari
10/10/2025,Payment,AUTO-20260302-0014,1001,Cash-in-Hand,Cash & Cash Equivalents,Assets > Current Assets > Cash & Cash Equivalents,,2000.00,Expense Voucher: EV-CR-20251010-8677 - Hari
10/10/2025,Payment,AUTO-20260302-0015,5300,Operating Expenses,Operating Expenses,Expenses > Operating Expenses,1060.00,,Expense Voucher: EV-CR-20251010-5918 - Ramesh
10/10/2025,Payment,AUTO-20260302-0015,1001,Cash-in-Hand,Cash & Cash Equivalents,Assets > Current Assets > Cash & Cash Equivalents,,1060.00,Expense Voucher: EV-CR-20251010-5918 - Ramesh
10/10/2025,Payment,AUTO-20260302-0016,5300,Operating Expenses,Operating Expenses,Expenses > Operating Expenses,500.00,,Expense Voucher: EV-CR-20251010-2118 - Ramesh
10/10/2025,Payment,AUTO-20260302-0016,1001,Cash-in-Hand,Cash & Cash Equivalents,Assets > Current Assets > Cash & Cash Equivalents,,500.00,Expense Voucher: EV-CR-20251010-2118 - Ramesh
10/10/2025,Payment,AUTO-20260302-0017,5300,Operating Expenses,Operating Expenses,Expenses > Operating Expenses,150.00,,Expense Voucher: EV-CR-20251010-8183 - Pankaj
10/10/2025,Payment,AUTO-20260302-0017,1001,Cash-in-Hand,Cash & Cash Equivalents,Assets > Current Assets > Cash & Cash Equivalents,,150.00,Expense Voucher: EV-CR-20251010-8183 - Pankaj
11/10/2025,Payment,AUTO-20260302-0019,5300,Operating Expenses,Operating Expenses,Expenses > Operating Expenses,2500.00,,Expense Voucher: EV-CR-20251011-5418 - patrudu
11/10/2025,Payment,AUTO-20260302-0019,1001,Cash-in-Hand,Cash & Cash Equivalents,Assets > Current Assets > Cash & Cash Equivalents,,2500.00,Expense Voucher: EV-CR-20251011-5418 - patrudu
11/10/2025,Payment,AUTO-20260302-0020,5300,Operating Expenses,Operating Expenses,Expenses > Operating Expenses,200.00,,Expense Voucher: EV-CR-20251011-0769 - Pathrudu
11/10/2025,Payment,AUTO-20260302-0020,1001,Cash-in-Hand,Cash & Cash Equivalents,Assets > Current Assets > Cash & Cash Equivalents,,200.00,Expense Voucher: EV-CR-20251011-0769 - Pathrudu
11/10/2025,Payment,AUTO-20260302-0021,5300,Operating Expenses,Operating Expenses,Expenses > Operating Expenses,300.00,,Expense Voucher: EV-CR-20251011-7382 - Santhosh
11/10/2025,Payment,AUTO-20260302-0021,1001,Cash-in-Hand,Cash & Cash Equivalents,Assets > Current Assets > Cash & Cash Equivalents,,300.00,Expense Voucher: EV-CR-20251011-7382 - Santhosh
11/10/2025,Payment,AUTO-20260302-0022,5300,Operating Expenses,Operating Expenses,Expenses > Operating Expenses,3000.00,,Expense Voucher: EV-CR-20251011-7120 - Ramesh
11/10/2025,Payment,AUTO-20260302-0022,1001,Cash-in-Hand,Cash & Cash Equivalents,Assets > Current Assets > Cash & Cash Equivalents,,3000.00,Expense Voucher: EV-CR-20251011-7120 - Ramesh
11/10/2025,Payment,AUTO-20260302-0023,5300,Operating Expenses,Operating Expenses,Expenses > Operating Expenses,200.00,,Expense Voucher: EV-CR-20251011-3599 - Ramesh
11/10/2025,Payment,AUTO-20260302-0023,1001,Cash-in-Hand,Cash & Cash Equivalents,Assets > Current Assets > Cash & Cash Equivalents,,200.00,Expense Voucher: EV-CR-20251011-3599 - Ramesh
11/10/2025,Payment,AUTO-20260302-0024,5300,Operating Expenses,Operating Expenses,Expenses > Operating Expenses,180.00,,Expense Voucher: EV-CR-20251011-7381 - Rambabu
11/10/2025,Payment,AUTO-20260302-0024,1001,Cash-in-Hand,Cash & Cash Equivalents,Assets > Current Assets > Cash & Cash Equivalents,,180.00,Expense Voucher: EV-CR-20251011-7381 - Rambabu
13/10/2025,Payment,AUTO-20260302-0026,5300,Operating Expenses,Operating Expenses,Expenses > Operating Expenses,180.00,,Expense Voucher: EV-CR-20251013-1465 - Rambabu
13/10/2025,Payment,AUTO-20260302-0026,1001,Cash-in-Hand,Cash & Cash Equivalents,Assets > Current Assets > Cash & Cash Equivalents,,180.00,Expense Voucher: EV-CR-20251013-1465 - Rambabu
13/10/2025,Payment,AUTO-20260302-0027,5300,Operating Expenses,Operating Expenses,Expenses > Operating Expenses,300.00,,Expense Voucher: EV-CR-20251013-3998 - Vamsi
13/10/2025,Payment,AUTO-20260302-0027,1001,Cash-in-Hand,Cash & Cash Equivalents,Assets > Current Assets > Cash & Cash Equivalents,,300.00,Expense Voucher: EV-CR-20251013-3998 - Vamsi
13/10/2025,Payment,AUTO-20260302-0029,5300,Operating Expenses,Operating Expenses,Expenses > Operating Expenses,3000.00,,Expense Voucher: EV-CR-20251013-8559 - Santhosh
13/10/2025,Payment,AUTO-20260302-0029,1001,Cash-in-Hand,Cash & Cash Equivalents,Assets > Current Assets > Cash & Cash Equivalents,,3000.00,Expense Voucher: EV-CR-20251013-8559 - Santhosh
13/10/2025,Payment,AUTO-20260302-0030,5300,Operating Expenses,Operating Expenses,Expenses > Operating Expenses,300.00,,Expense Voucher: EV-CR-20251013-4640 - Santhosh
13/10/2025,Payment,AUTO-20260302-0030,1001,Cash-in-Hand,Cash & Cash Equivalents,Assets > Current Assets > Cash & Cash Equivalents,,300.00,Expense Voucher: EV-CR-20251013-4640 - Santhosh
13/10/2025,Payment,AUTO-20260302-0031,5300,Operating Expenses,Operating Expenses,Expenses > Operating Expenses,850.00,,Expense Voucher: EV-CR-20251013-1579 - Inthiyaz antiscalant
13/10/2025,Payment,AUTO-20260302-0031,1001,Cash-in-Hand,Cash & Cash Equivalents,Assets > Current Assets > Cash & Cash Equivalents,,850.00,Expense Voucher: EV-CR-20251013-1579 - Inthiyaz antiscalant
13/10/2025,Payment,AUTO-20260302-0032,5300,Operating Expenses,Operating Expenses,Expenses > Operating Expenses,3000.00,,Expense Voucher: EV-CR-20251013-6720 - Santhosh
13/10/2025,Payment,AUTO-20260302-0032,1001,Cash-in-Hand,Cash & Cash Equivalents,Assets > Current Assets > Cash & Cash Equivalents,,3000.00,Expense Voucher: EV-CR-20251013-6720 - Santhosh
13/10/2025,Payment,AUTO-20260320-0102,5300,Operating Expenses,Operating Expenses,Expenses > Operating Expenses,3000.00,,Expense Voucher: EV-CR-20251013-3540 - Santhosh
13/10/2025,Payment,AUTO-20260320-0102,1001,Cash-in-Hand,Cash & Cash Equivalents,Assets > Current Assets > Cash & Cash Equivalents,,3000.00,Expense Voucher: EV-CR-20251013-3540 - Santhosh
14/10/2025,Payment,AUTO-20260302-0034,5300,Operating Expenses,Operating Expenses,Expenses > Operating Expenses,850.00,,Expense Voucher: EV-CR-20251014-4123 -  Inthiyaz antiscalant
14/10/2025,Payment,AUTO-20260302-0034,1001,Cash-in-Hand,Cash & Cash Equivalents,Assets > Current Assets > Cash & Cash Equivalents,,850.00,Expense Voucher: EV-CR-20251014-4123 -  Inthiyaz antiscalant
14/10/2025,Payment,AUTO-20260302-0035,5300,Operating Expenses,Operating Expenses,Expenses > Operating Expenses,180.00,,Expense Voucher: EV-CR-20251014-8144 - Rambabu
14/10/2025,Payment,AUTO-20260302-0035,1001,Cash-in-Hand,Cash & Cash Equivalents,Assets > Current Assets > Cash & Cash Equivalents,,180.00,Expense Voucher: EV-CR-20251014-8144 - Rambabu
14/10/2025,Payment,AUTO-20260320-0103,5300,Operating Expenses,Operating Expenses,Expenses > Operating Expenses,7000.00,,Expense Voucher: EV-CR-20251014-2083 - Hari
14/10/2025,Payment,AUTO-20260320-0103,1001,Cash-in-Hand,Cash & Cash Equivalents,Assets > Current Assets > Cash & Cash Equivalents,,7000.00,Expense Voucher: EV-CR-20251014-2083 - Hari
15/10/2025,Payment,AUTO-20260320-0104,5300,Operating Expenses,Operating Expenses,Expenses > Operating Expenses,2000.00,,Expense Voucher: EV-CR-20251015-3983 - Ramesh
15/10/2025,Payment,AUTO-20260320-0104,1001,Cash-in-Hand,Cash & Cash Equivalents,Assets > Current Assets > Cash & Cash Equivalents,,2000.00,Expense Voucher: EV-CR-20251015-3983 - Ramesh
15/10/2025,Payment,AUTO-20260320-0105,5300,Operating Expenses,Operating Expenses,Expenses > Operating Expenses,2000.00,,Expense Voucher: EV-CR-20251015-4418 - Patrudu
15/10/2025,Payment,AUTO-20260320-0105,1001,Cash-in-Hand,Cash & Cash Equivalents,Assets > Current Assets > Cash & Cash Equivalents,,2000.00,Expense Voucher: EV-CR-20251015-4418 - Patrudu
15/10/2025,Payment,AUTO-20260320-0106,5300,Operating Expenses,Operating Expenses,Expenses > Operating Expenses,300.00,,Expense Voucher: EV-CR-20251015-3437 - Suribabu
15/10/2025,Payment,AUTO-20260320-0106,1001,Cash-in-Hand,Cash & Cash Equivalents,Assets > Current Assets > Cash & Cash Equivalents,,300.00,Expense Voucher: EV-CR-20251015-3437 - Suribabu
15/10/2025,Payment,AUTO-20260320-0107,5300,Operating Expenses,Operating Expenses,Expenses > Operating Expenses,340.00,,Expense Voucher: EV-CR-20251015-9238 - nanibabu
15/10/2025,Payment,AUTO-20260320-0107,1001,Cash-in-Hand,Cash & Cash Equivalents,Assets > Current Assets > Cash & Cash Equivalents,,340.00,Expense Voucher: EV-CR-20251015-9238 - nanibabu
15/10/2025,Payment,AUTO-20260320-0108,5300,Operating Expenses,Operating Expenses,Expenses > Operating Expenses,180.00,,Expense Voucher: EV-CR-20251015-9817 - Rambabu
15/10/2025,Payment,AUTO-20260320-0108,1001,Cash-in-Hand,Cash & Cash Equivalents,Assets > Current Assets > Cash & Cash Equivalents,,180.00,Expense Voucher: EV-CR-20251015-9817 - Rambabu
15/10/2025,Payment,AUTO-20260320-0109,5300,Operating Expenses,Operating Expenses,Expenses > Operating Expenses,300.00,,Expense Voucher: EV-CR-20251015-9772 - Rapido
15/10/2025,Payment,AUTO-20260320-0109,1001,Cash-in-Hand,Cash & Cash Equivalents,Assets > Current Assets > Cash & Cash Equivalents,,300.00,Expense Voucher: EV-CR-20251015-9772 - Rapido
15/10/2025,Payment,AUTO-20260320-0110,5300,Operating Expenses,Operating Expenses,Expenses > Operating Expenses,2000.00,,Expense Voucher: EV-CR-20251015-3238 - Santhosh
15/10/2025,Payment,AUTO-20260320-0110,1001,Cash-in-Hand,Cash & Cash Equivalents,Assets > Current Assets > Cash & Cash Equivalents,,2000.00,Expense Voucher: EV-CR-20251015-3238 - Santhosh
15/10/2025,Payment,AUTO-20260320-0111,5300,Operating Expenses,Operating Expenses,Expenses > Operating Expenses,200.00,,Expense Voucher: EV-CR-20251015-6158 - Rapido
15/10/2025,Payment,AUTO-20260320-0111,1001,Cash-in-Hand,Cash & Cash Equivalents,Assets > Current Assets > Cash & Cash Equivalents,,200.00,Expense Voucher: EV-CR-20251015-6158 - Rapido
16/10/2025,Payment,AUTO-20260320-0112,5300,Operating Expenses,Operating Expenses,Expenses > Operating Expenses,2000.00,,Expense Voucher: EV-CR-20251016-7379 - Patrudu
16/10/2025,Payment,AUTO-20260320-0112,1001,Cash-in-Hand,Cash & Cash Equivalents,Assets > Current Assets > Cash & Cash Equivalents,,2000.00,Expense Voucher: EV-CR-20251016-7379 - Patrudu
16/10/2025,Payment,AUTO-20260320-0113,5300,Operating Expenses,Operating Expenses,Expenses > Operating Expenses,200.00,,Expense Voucher: EV-CR-20251016-1628 - Patrudu
16/10/2025,Payment,AUTO-20260320-0113,1001,Cash-in-Hand,Cash & Cash Equivalents,Assets > Current Assets > Cash & Cash Equivalents,,200.00,Expense Voucher: EV-CR-20251016-1628 - Patrudu
16/10/2025,Payment,AUTO-20260320-0114,5300,Operating Expenses,Operating Expenses,Expenses > Operating Expenses,180.00,,Expense Voucher: EV-CR-20251016-5408 - Rambabu
16/10/2025,Payment,AUTO-20260320-0114,1001,Cash-in-Hand,Cash & Cash Equivalents,Assets > Current Assets > Cash & Cash Equivalents,,180.00,Expense Voucher: EV-CR-20251016-5408 - Rambabu
16/10/2025,Payment,AUTO-20260320-0115,5300,Operating Expenses,Operating Expenses,Expenses > Operating Expenses,1000.00,,Expense Voucher: EV-CR-20251016-5858 - manikyam
16/10/2025,Payment,AUTO-20260320-0115,1001,Cash-in-Hand,Cash & Cash Equivalents,Assets > Current Assets > Cash & Cash Equivalents,,1000.00,Expense Voucher: EV-CR-20251016-5858 - manikyam
17/10/2025,Payment,AUTO-20260320-0116,5300,Operating Expenses,Operating Expenses,Expenses > Operating Expenses,2000.00,,Expense Voucher: EV-CR-20251017-4304 - Ramesh
17/10/2025,Payment,AUTO-20260320-0116,1001,Cash-in-Hand,Cash & Cash Equivalents,Assets > Current Assets > Cash & Cash Equivalents,,2000.00,Expense Voucher: EV-CR-20251017-4304 - Ramesh
17/10/2025,Payment,AUTO-20260320-0117,5300,Operating Expenses,Operating Expenses,Expenses > Operating Expenses,2000.00,,Expense Voucher: EV-CR-20251017-8468 - Patrudu
17/10/2025,Payment,AUTO-20260320-0117,1001,Cash-in-Hand,Cash & Cash Equivalents,Assets > Current Assets > Cash & Cash Equivalents,,2000.00,Expense Voucher: EV-CR-20251017-8468 - Patrudu
17/10/2025,Payment,AUTO-20260320-0118,5300,Operating Expenses,Operating Expenses,Expenses > Operating Expenses,440.00,,Expense Voucher: EV-CR-20251017-7404 - Sk Hydrolics
17/10/2025,Payment,AUTO-20260320-0118,1001,Cash-in-Hand,Cash & Cash Equivalents,Assets > Current Assets > Cash & Cash Equivalents,,440.00,Expense Voucher: EV-CR-20251017-7404 - Sk Hydrolics
18/10/2025,Payment,AUTO-20260320-0119,5300,Operating Expenses,Operating Expenses,Expenses > Operating Expenses,2000.00,,Expense Voucher: EV-CR-20251018-7659 - Santhosh
18/10/2025,Payment,AUTO-20260320-0119,1001,Cash-in-Hand,Cash & Cash Equivalents,Assets > Current Assets > Cash & Cash Equivalents,,2000.00,Expense Voucher: EV-CR-20251018-7659 - Santhosh
18/10/2025,Payment,AUTO-20260320-0120,5300,Operating Expenses,Operating Expenses,Expenses > Operating Expenses,290.00,,Expense Voucher: EV-CR-20251018-0278 - Ramesh
18/10/2025,Payment,AUTO-20260320-0120,1001,Cash-in-Hand,Cash & Cash Equivalents,Assets > Current Assets > Cash & Cash Equivalents,,290.00,Expense Voucher: EV-CR-20251018-0278 - Ramesh
18/10/2025,Payment,AUTO-20260320-0121,5300,Operating Expenses,Operating Expenses,Expenses > Operating Expenses,1000.00,,Expense Voucher: EV-CR-20251018-7498 - RTA
18/10/2025,Payment,AUTO-20260320-0121,1001,Cash-in-Hand,Cash & Cash Equivalents,Assets > Current Assets > Cash & Cash Equivalents,,1000.00,Expense Voucher: EV-CR-20251018-7498 - RTA
18/10/2025,Payment,AUTO-20260320-0122,5300,Operating Expenses,Operating Expenses,Expenses > Operating Expenses,210.00,,Expense Voucher: EV-CR-20251018-4219 - Naveen
18/10/2025,Payment,AUTO-20260320-0122,1001,Cash-in-Hand,Cash & Cash Equivalents,Assets > Current Assets > Cash & Cash Equivalents,,210.00,Expense Voucher: EV-CR-20251018-4219 - Naveen
20/10/2025,Payment,AUTO-20260320-0123,5300,Operating Expenses,Operating Expenses,Expenses > Operating Expenses,180.00,,Expense Voucher: EV-CR-20251020-7297 - Rambabu
20/10/2025,Payment,AUTO-20260320-0123,1001,Cash-in-Hand,Cash & Cash Equivalents,Assets > Current Assets > Cash & Cash Equivalents,,180.00,Expense Voucher: EV-CR-20251020-7297 - Rambabu
20/10/2025,Payment,AUTO-20260320-0124,5300,Operating Expenses,Operating Expenses,Expenses > Operating Expenses,88.00,,Expense Voucher: EV-CR-20251020-1147 - Vamsi
20/10/2025,Payment,AUTO-20260320-0124,1001,Cash-in-Hand,Cash & Cash Equivalents,Assets > Current Assets > Cash & Cash Equivalents,,88.00,Expense Voucher: EV-CR-20251020-1147 - Vamsi
21/10/2025,Payment,AUTO-20260320-0125,5300,Operating Expenses,Operating Expenses,Expenses > Operating Expenses,3000.00,,Expense Voucher: EV-CR-20251021-4557 - Ramesh
21/10/2025,Payment,AUTO-20260320-0125,1001,Cash-in-Hand,Cash & Cash Equivalents,Assets > Current Assets > Cash & Cash Equivalents,,3000.00,Expense Voucher: EV-CR-20251021-4557 - Ramesh
21/10/2025,Payment,AUTO-20260320-0126,5300,Operating Expenses,Operating Expenses,Expenses > Operating Expenses,650.00,,Expense Voucher: EV-CR-20251021-4177 - Naveen
21/10/2025,Payment,AUTO-20260320-0126,1001,Cash-in-Hand,Cash & Cash Equivalents,Assets > Current Assets > Cash & Cash Equivalents,,650.00,Expense Voucher: EV-CR-20251021-4177 - Naveen
21/10/2025,Payment,AUTO-20260320-0127,5300,Operating Expenses,Operating Expenses,Expenses > Operating Expenses,400.00,,Expense Voucher: EV-CR-20251021-0097 - nanibabu
21/10/2025,Payment,AUTO-20260320-0127,1001,Cash-in-Hand,Cash & Cash Equivalents,Assets > Current Assets > Cash & Cash Equivalents,,400.00,Expense Voucher: EV-CR-20251021-0097 - nanibabu
21/10/2025,Payment,AUTO-20260320-0128,5300,Operating Expenses,Operating Expenses,Expenses > Operating Expenses,250.00,,Expense Voucher: EV-CR-20251021-4902 - Krishna
21/10/2025,Payment,AUTO-20260320-0128,1001,Cash-in-Hand,Cash & Cash Equivalents,Assets > Current Assets > Cash & Cash Equivalents,,250.00,Expense Voucher: EV-CR-20251021-4902 - Krishna
21/10/2025,Payment,AUTO-20260320-0129,5300,Operating Expenses,Operating Expenses,Expenses > Operating Expenses,300.00,,Expense Voucher: EV-CR-20251021-7937 - DTDC 
21/10/2025,Payment,AUTO-20260320-0129,1001,Cash-in-Hand,Cash & Cash Equivalents,Assets > Current Assets > Cash & Cash Equivalents,,300.00,Expense Voucher: EV-CR-20251021-7937 - DTDC 
21/10/2025,Payment,AUTO-20260320-0130,5300,Operating Expenses,Operating Expenses,Expenses > Operating Expenses,200.00,,Expense Voucher: EV-CR-20251021-3662 - Tulasi
21/10/2025,Payment,AUTO-20260320-0130,1001,Cash-in-Hand,Cash & Cash Equivalents,Assets > Current Assets > Cash & Cash Equivalents,,200.00,Expense Voucher: EV-CR-20251021-3662 - Tulasi
21/10/2025,Payment,AUTO-20260320-0131,5300,Operating Expenses,Operating Expenses,Expenses > Operating Expenses,100.00,,Expense Voucher: EV-CR-20251021-2418 - Tulasi
21/10/2025,Payment,AUTO-20260320-0131,1001,Cash-in-Hand,Cash & Cash Equivalents,Assets > Current Assets > Cash & Cash Equivalents,,100.00,Expense Voucher: EV-CR-20251021-2418 - Tulasi
21/10/2025,Payment,AUTO-20260320-0132,5300,Operating Expenses,Operating Expenses,Expenses > Operating Expenses,180.00,,Expense Voucher: EV-CR-20251021-8800 - Rambabu
21/10/2025,Payment,AUTO-20260320-0132,1001,Cash-in-Hand,Cash & Cash Equivalents,Assets > Current Assets > Cash & Cash Equivalents,,180.00,Expense Voucher: EV-CR-20251021-8800 - Rambabu
22/10/2025,Payment,AUTO-20260303-0002,5300,Operating Expenses,Operating Expenses,Expenses > Operating Expenses,280.00,,Expense Voucher: EV-CR-20251022-0620 - suribabu
22/10/2025,Payment,AUTO-20260303-0002,1001,Cash-in-Hand,Cash & Cash Equivalents,Assets > Current Assets > Cash & Cash Equivalents,,280.00,Expense Voucher: EV-CR-20251022-0620 - suribabu
22/10/2025,Payment,AUTO-20260303-0003,5300,Operating Expenses,Operating Expenses,Expenses > Operating Expenses,180.00,,Expense Voucher: EV-CR-20251022-9900 - Rambabu
22/10/2025,Payment,AUTO-20260303-0003,1001,Cash-in-Hand,Cash & Cash Equivalents,Assets > Current Assets > Cash & Cash Equivalents,,180.00,Expense Voucher: EV-CR-20251022-9900 - Rambabu
22/10/2025,Payment,AUTO-20260303-0004,5300,Operating Expenses,Operating Expenses,Expenses > Operating Expenses,3000.00,,Expense Voucher: EV-CR-20251022-7959 - Lakhman
22/10/2025,Payment,AUTO-20260303-0004,1001,Cash-in-Hand,Cash & Cash Equivalents,Assets > Current Assets > Cash & Cash Equivalents,,3000.00,Expense Voucher: EV-CR-20251022-7959 - Lakhman
22/10/2025,Payment,AUTO-20260303-0005,5300,Operating Expenses,Operating Expenses,Expenses > Operating Expenses,2000.00,,Expense Voucher: EV-CR-20251022-7124 - Patrudu
22/10/2025,Payment,AUTO-20260303-0005,1001,Cash-in-Hand,Cash & Cash Equivalents,Assets > Current Assets > Cash & Cash Equivalents,,2000.00,Expense Voucher: EV-CR-20251022-7124 - Patrudu
22/10/2025,Payment,AUTO-20260303-0006,5300,Operating Expenses,Operating Expenses,Expenses > Operating Expenses,3000.00,,Expense Voucher: EV-CR-20251022-1267 - Santhosh
22/10/2025,Payment,AUTO-20260303-0006,1001,Cash-in-Hand,Cash & Cash Equivalents,Assets > Current Assets > Cash & Cash Equivalents,,3000.00,Expense Voucher: EV-CR-20251022-1267 - Santhosh
22/10/2025,Payment,AUTO-20260303-0007,5300,Operating Expenses,Operating Expenses,Expenses > Operating Expenses,200.00,,Expense Voucher: EV-CR-20251022-3183 - Naveen
22/10/2025,Payment,AUTO-20260303-0007,1001,Cash-in-Hand,Cash & Cash Equivalents,Assets > Current Assets > Cash & Cash Equivalents,,200.00,Expense Voucher: EV-CR-20251022-3183 - Naveen
23/10/2025,Payment,AUTO-20260303-0009,5300,Operating Expenses,Operating Expenses,Expenses > Operating Expenses,200.00,,Expense Voucher: EV-CR-20251023-2805 - Lakshman
23/10/2025,Payment,AUTO-20260303-0009,1001,Cash-in-Hand,Cash & Cash Equivalents,Assets > Current Assets > Cash & Cash Equivalents,,200.00,Expense Voucher: EV-CR-20251023-2805 - Lakshman
23/10/2025,Payment,AUTO-20260303-0010,5300,Operating Expenses,Operating Expenses,Expenses > Operating Expenses,180.00,,Expense Voucher: EV-CR-20251023-8455 - Rambabu
23/10/2025,Payment,AUTO-20260303-0010,1001,Cash-in-Hand,Cash & Cash Equivalents,Assets > Current Assets > Cash & Cash Equivalents,,180.00,Expense Voucher: EV-CR-20251023-8455 - Rambabu
24/10/2025,Payment,AUTO-20260303-0012,5300,Operating Expenses,Operating Expenses,Expenses > Operating Expenses,520.00,,Expense Voucher: EV-CR-20251024-8580 - Krishna
24/10/2025,Payment,AUTO-20260303-0012,1001,Cash-in-Hand,Cash & Cash Equivalents,Assets > Current Assets > Cash & Cash Equivalents,,520.00,Expense Voucher: EV-CR-20251024-8580 - Krishna
24/10/2025,Payment,AUTO-20260303-0013,5300,Operating Expenses,Operating Expenses,Expenses > Operating Expenses,180.00,,Expense Voucher: EV-CR-20251024-1085 - Rambabu
24/10/2025,Payment,AUTO-20260303-0013,1001,Cash-in-Hand,Cash & Cash Equivalents,Assets > Current Assets > Cash & Cash Equivalents,,180.00,Expense Voucher: EV-CR-20251024-1085 - Rambabu
24/10/2025,Payment,AUTO-20260303-0014,5300,Operating Expenses,Operating Expenses,Expenses > Operating Expenses,9000.00,,Expense Voucher: EV-CR-20251024-6599 - Hari
24/10/2025,Payment,AUTO-20260303-0014,1001,Cash-in-Hand,Cash & Cash Equivalents,Assets > Current Assets > Cash & Cash Equivalents,,9000.00,Expense Voucher: EV-CR-20251024-6599 - Hari
24/10/2025,Payment,AUTO-20260303-0015,5300,Operating Expenses,Operating Expenses,Expenses > Operating Expenses,2000.00,,Expense Voucher: EV-CR-20251024-9346 - Hari
24/10/2025,Payment,AUTO-20260303-0015,1001,Cash-in-Hand,Cash & Cash Equivalents,Assets > Current Assets > Cash & Cash Equivalents,,2000.00,Expense Voucher: EV-CR-20251024-9346 - Hari
27/10/2025,Payment,AUTO-20260303-0017,5300,Operating Expenses,Operating Expenses,Expenses > Operating Expenses,360.00,,Expense Voucher: EV-CR-20251027-5784 - Rambabu
27/10/2025,Payment,AUTO-20260303-0017,1001,Cash-in-Hand,Cash & Cash Equivalents,Assets > Current Assets > Cash & Cash Equivalents,,360.00,Expense Voucher: EV-CR-20251027-5784 - Rambabu
27/10/2025,Payment,AUTO-20260303-0018,5300,Operating Expenses,Operating Expenses,Expenses > Operating Expenses,3000.00,,Expense Voucher: EV-CR-20251027-9465 - Santhosh
27/10/2025,Payment,AUTO-20260303-0018,1001,Cash-in-Hand,Cash & Cash Equivalents,Assets > Current Assets > Cash & Cash Equivalents,,3000.00,Expense Voucher: EV-CR-20251027-9465 - Santhosh
27/10/2025,Payment,AUTO-20260303-0019,5300,Operating Expenses,Operating Expenses,Expenses > Operating Expenses,520.00,,Expense Voucher: EV-CR-20251027-9245 - DTDC
27/10/2025,Payment,AUTO-20260303-0019,1001,Cash-in-Hand,Cash & Cash Equivalents,Assets > Current Assets > Cash & Cash Equivalents,,520.00,Expense Voucher: EV-CR-20251027-9245 - DTDC
27/10/2025,Payment,AUTO-20260303-0020,5300,Operating Expenses,Operating Expenses,Expenses > Operating Expenses,2500.00,,Expense Voucher: EV-CR-20251027-1930 - Patrudu
27/10/2025,Payment,AUTO-20260303-0020,1001,Cash-in-Hand,Cash & Cash Equivalents,Assets > Current Assets > Cash & Cash Equivalents,,2500.00,Expense Voucher: EV-CR-20251027-1930 - Patrudu
27/10/2025,Payment,AUTO-20260303-0021,5300,Operating Expenses,Operating Expenses,Expenses > Operating Expenses,300.00,,Expense Voucher: EV-CR-20251027-0885 - Patrudu
27/10/2025,Payment,AUTO-20260303-0021,1001,Cash-in-Hand,Cash & Cash Equivalents,Assets > Current Assets > Cash & Cash Equivalents,,300.00,Expense Voucher: EV-CR-20251027-0885 - Patrudu
27/10/2025,Payment,AUTO-20260303-0022,5300,Operating Expenses,Operating Expenses,Expenses > Operating Expenses,80.00,,Expense Voucher: EV-CR-20251027-5126 - Patrudu
27/10/2025,Payment,AUTO-20260303-0022,1001,Cash-in-Hand,Cash & Cash Equivalents,Assets > Current Assets > Cash & Cash Equivalents,,80.00,Expense Voucher: EV-CR-20251027-5126 - Patrudu
27/10/2025,Payment,AUTO-20260303-0023,5300,Operating Expenses,Operating Expenses,Expenses > Operating Expenses,390.00,,Expense Voucher: EV-CR-20251027-9544 - Nanubabu
27/10/2025,Payment,AUTO-20260303-0023,1001,Cash-in-Hand,Cash & Cash Equivalents,Assets > Current Assets > Cash & Cash Equivalents,,390.00,Expense Voucher: EV-CR-20251027-9544 - Nanubabu
28/10/2025,Payment,AUTO-20260303-0025,5300,Operating Expenses,Operating Expenses,Expenses > Operating Expenses,3000.00,,Expense Voucher: EV-CR-20251028-8583 - Ramesh
28/10/2025,Payment,AUTO-20260303-0025,1001,Cash-in-Hand,Cash & Cash Equivalents,Assets > Current Assets > Cash & Cash Equivalents,,3000.00,Expense Voucher: EV-CR-20251028-8583 - Ramesh
28/10/2025,Payment,AUTO-20260303-0026,5300,Operating Expenses,Operating Expenses,Expenses > Operating Expenses,230.00,,Expense Voucher: EV-CR-20251028-0665 - Rambabu
28/10/2025,Payment,AUTO-20260303-0026,1001,Cash-in-Hand,Cash & Cash Equivalents,Assets > Current Assets > Cash & Cash Equivalents,,230.00,Expense Voucher: EV-CR-20251028-0665 - Rambabu
28/10/2025,Payment,AUTO-20260303-0027,5300,Operating Expenses,Operating Expenses,Expenses > Operating Expenses,300.00,,Expense Voucher: EV-CR-20251028-4425 - Police
28/10/2025,Payment,AUTO-20260303-0027,1001,Cash-in-Hand,Cash & Cash Equivalents,Assets > Current Assets > Cash & Cash Equivalents,,300.00,Expense Voucher: EV-CR-20251028-4425 - Police
29/10/2025,Payment,AUTO-20260303-0028,5300,Operating Expenses,Operating Expenses,Expenses > Operating Expenses,2820.00,,Expense Voucher: EV-CR-20251029-1324 - Lakshman
29/10/2025,Payment,AUTO-20260303-0028,1001,Cash-in-Hand,Cash & Cash Equivalents,Assets > Current Assets > Cash & Cash Equivalents,,2820.00,Expense Voucher: EV-CR-20251029-1324 - Lakshman
29/10/2025,Payment,AUTO-20260303-0029,5300,Operating Expenses,Operating Expenses,Expenses > Operating Expenses,200.00,,Expense Voucher: EV-CR-20251029-8504 - Lakshman
29/10/2025,Payment,AUTO-20260303-0029,1001,Cash-in-Hand,Cash & Cash Equivalents,Assets > Current Assets > Cash & Cash Equivalents,,200.00,Expense Voucher: EV-CR-20251029-8504 - Lakshman
29/10/2025,Payment,AUTO-20260303-0030,5300,Operating Expenses,Operating Expenses,Expenses > Operating Expenses,240.00,,Expense Voucher: EV-CR-20251029-1804 - Rambabu
29/10/2025,Payment,AUTO-20260303-0030,1001,Cash-in-Hand,Cash & Cash Equivalents,Assets > Current Assets > Cash & Cash Equivalents,,240.00,Expense Voucher: EV-CR-20251029-1804 - Rambabu
29/10/2025,Payment,AUTO-20260303-0031,5300,Operating Expenses,Operating Expenses,Expenses > Operating Expenses,100.00,,Expense Voucher: EV-CR-20251029-2324 - Nanibabu
29/10/2025,Payment,AUTO-20260303-0031,1001,Cash-in-Hand,Cash & Cash Equivalents,Assets > Current Assets > Cash & Cash Equivalents,,100.00,Expense Voucher: EV-CR-20251029-2324 - Nanibabu
30/10/2025,Payment,AUTO-20260303-0033,5300,Operating Expenses,Operating Expenses,Expenses > Operating Expenses,240.00,,Expense Voucher: EV-CR-20251030-6285 - Rambabu
30/10/2025,Payment,AUTO-20260303-0033,1001,Cash-in-Hand,Cash & Cash Equivalents,Assets > Current Assets > Cash & Cash Equivalents,,240.00,Expense Voucher: EV-CR-20251030-6285 - Rambabu
30/10/2025,Payment,AUTO-20260303-0034,5300,Operating Expenses,Operating Expenses,Expenses > Operating Expenses,250.00,,Expense Voucher: EV-CR-20251030-7274 - Suribabu
30/10/2025,Payment,AUTO-20260303-0034,1001,Cash-in-Hand,Cash & Cash Equivalents,Assets > Current Assets > Cash & Cash Equivalents,,250.00,Expense Voucher: EV-CR-20251030-7274 - Suribabu
31/10/2025,Payment,AUTO-20260303-0036,5300,Operating Expenses,Operating Expenses,Expenses > Operating Expenses,7000.00,,Expense Voucher: EV-CR-20251031-6884 - Hari
31/10/2025,Payment,AUTO-20260303-0036,1001,Cash-in-Hand,Cash & Cash Equivalents,Assets > Current Assets > Cash & Cash Equivalents,,7000.00,Expense Voucher: EV-CR-20251031-6884 - Hari
31/10/2025,Payment,AUTO-20260303-0037,5300,Operating Expenses,Operating Expenses,Expenses > Operating Expenses,300.00,,Expense Voucher: EV-CR-20251031-7025 - Ramabau
31/10/2025,Payment,AUTO-20260303-0037,1001,Cash-in-Hand,Cash & Cash Equivalents,Assets > Current Assets > Cash & Cash Equivalents,,300.00,Expense Voucher: EV-CR-20251031-7025 - Ramabau
31/10/2025,Payment,AUTO-20260303-0038,5300,Operating Expenses,Operating Expenses,Expenses > Operating Expenses,2000.00,,Expense Voucher: EV-CR-20251031-2141 - Patrudu
31/10/2025,Payment,AUTO-20260303-0038,1001,Cash-in-Hand,Cash & Cash Equivalents,Assets > Current Assets > Cash & Cash Equivalents,,2000.00,Expense Voucher: EV-CR-20251031-2141 - Patrudu
31/10/2025,Payment,AUTO-20260303-0039,5300,Operating Expenses,Operating Expenses,Expenses > Operating Expenses,2340.00,,Expense Voucher: EV-CR-20251031-2165 - Jyothi hardware
31/10/2025,Payment,AUTO-20260303-0039,1001,Cash-in-Hand,Cash & Cash Equivalents,Assets > Current Assets > Cash & Cash Equivalents,,2340.00,Expense Voucher: EV-CR-20251031-2165 - Jyothi hardware
31/10/2025,Payment,AUTO-20260303-0040,5300,Operating Expenses,Operating Expenses,Expenses > Operating Expenses,5040.00,,Expense Voucher: EV-CR-20251031-0084 - MEE Sava
31/10/2025,Payment,AUTO-20260303-0040,1001,Cash-in-Hand,Cash & Cash Equivalents,Assets > Current Assets > Cash & Cash Equivalents,,5040.00,Expense Voucher: EV-CR-20251031-0084 - MEE Sava
31/10/2025,Payment,AUTO-20260303-0041,5300,Operating Expenses,Operating Expenses,Expenses > Operating Expenses,1200.00,,Expense Voucher: EV-CR-20251031-6385 - Inthiyaz Antiscalant
31/10/2025,Payment,AUTO-20260303-0041,1001,Cash-in-Hand,Cash & Cash Equivalents,Assets > Current Assets > Cash & Cash Equivalents,,1200.00,Expense Voucher: EV-CR-20251031-6385 - Inthiyaz Antiscalant
31/10/2025,Payment,AUTO-20260303-0042,5300,Operating Expenses,Operating Expenses,Expenses > Operating Expenses,300.00,,Expense Voucher: EV-CR-20251031-5904 - Rapido
31/10/2025,Payment,AUTO-20260303-0042,1001,Cash-in-Hand,Cash & Cash Equivalents,Assets > Current Assets > Cash & Cash Equivalents,,300.00,Expense Voucher: EV-CR-20251031-5904 - Rapido
01/11/2025,Payment,AUTO-20260303-0044,5300,Operating Expenses,Operating Expenses,Expenses > Operating Expenses,3000.00,,Expense Voucher: EV-CR-20251101-8906 - Ramesh
01/11/2025,Payment,AUTO-20260303-0044,1001,Cash-in-Hand,Cash & Cash Equivalents,Assets > Current Assets > Cash & Cash Equivalents,,3000.00,Expense Voucher: EV-CR-20251101-8906 - Ramesh
01/11/2025,Payment,AUTO-20260303-0045,5300,Operating Expenses,Operating Expenses,Expenses > Operating Expenses,300.00,,Expense Voucher: EV-CR-20251101-0947 - Rambabu
01/11/2025,Payment,AUTO-20260303-0045,1001,Cash-in-Hand,Cash & Cash Equivalents,Assets > Current Assets > Cash & Cash Equivalents,,300.00,Expense Voucher: EV-CR-20251101-0947 - Rambabu
01/11/2025,Payment,AUTO-20260303-0046,5300,Operating Expenses,Operating Expenses,Expenses > Operating Expenses,150.00,,Expense Voucher: EV-CR-20251101-2384 - Ramesh 
01/11/2025,Payment,AUTO-20260303-0046,1001,Cash-in-Hand,Cash & Cash Equivalents,Assets > Current Assets > Cash & Cash Equivalents,,150.00,Expense Voucher: EV-CR-20251101-2384 - Ramesh 
01/11/2025,Payment,AUTO-20260303-0047,5300,Operating Expenses,Operating Expenses,Expenses > Operating Expenses,120.00,,Expense Voucher: EV-CR-20251101-8366 - Suribabu
01/11/2025,Payment,AUTO-20260303-0047,1001,Cash-in-Hand,Cash & Cash Equivalents,Assets > Current Assets > Cash & Cash Equivalents,,120.00,Expense Voucher: EV-CR-20251101-8366 - Suribabu
03/11/2025,Payment,AUTO-20260303-0049,5300,Operating Expenses,Operating Expenses,Expenses > Operating Expenses,300.00,,Expense Voucher: EV-CR-20251103-0966 - Rambabu
03/11/2025,Payment,AUTO-20260303-0049,1001,Cash-in-Hand,Cash & Cash Equivalents,Assets > Current Assets > Cash & Cash Equivalents,,300.00,Expense Voucher: EV-CR-20251103-0966 - Rambabu
03/11/2025,Payment,AUTO-20260303-0050,5300,Operating Expenses,Operating Expenses,Expenses > Operating Expenses,3000.00,,Expense Voucher: EV-CR-20251103-3038 - Santhosh
03/11/2025,Payment,AUTO-20260303-0050,1001,Cash-in-Hand,Cash & Cash Equivalents,Assets > Current Assets > Cash & Cash Equivalents,,3000.00,Expense Voucher: EV-CR-20251103-3038 - Santhosh
03/11/2025,Payment,AUTO-20260303-0051,5300,Operating Expenses,Operating Expenses,Expenses > Operating Expenses,700.00,,Expense Voucher: EV-CR-20251103-4676 - Manikyam
03/11/2025,Payment,AUTO-20260303-0051,1001,Cash-in-Hand,Cash & Cash Equivalents,Assets > Current Assets > Cash & Cash Equivalents,,700.00,Expense Voucher: EV-CR-20251103-4676 - Manikyam
04/11/2025,Payment,AUTO-20260303-0053,5300,Operating Expenses,Operating Expenses,Expenses > Operating Expenses,300.00,,Expense Voucher: EV-CR-20251104-4006 - Rambabu
04/11/2025,Payment,AUTO-20260303-0053,1001,Cash-in-Hand,Cash & Cash Equivalents,Assets > Current Assets > Cash & Cash Equivalents,,300.00,Expense Voucher: EV-CR-20251104-4006 - Rambabu
04/11/2025,Payment,AUTO-20260303-0054,5300,Operating Expenses,Operating Expenses,Expenses > Operating Expenses,3000.00,,Expense Voucher: EV-CR-20251104-2069 - Lakhman
04/11/2025,Payment,AUTO-20260303-0054,1001,Cash-in-Hand,Cash & Cash Equivalents,Assets > Current Assets > Cash & Cash Equivalents,,3000.00,Expense Voucher: EV-CR-20251104-2069 - Lakhman
04/11/2025,Payment,AUTO-20260303-0055,5300,Operating Expenses,Operating Expenses,Expenses > Operating Expenses,210.00,,Expense Voucher: EV-CR-20251104-1653 - Naveen
04/11/2025,Payment,AUTO-20260303-0055,1001,Cash-in-Hand,Cash & Cash Equivalents,Assets > Current Assets > Cash & Cash Equivalents,,210.00,Expense Voucher: EV-CR-20251104-1653 - Naveen
05/11/2025,Payment,AUTO-20260303-0057,5300,Operating Expenses,Operating Expenses,Expenses > Operating Expenses,3000.00,,Expense Voucher: EV-CR-20251105-7067 - Ramesh
05/11/2025,Payment,AUTO-20260303-0057,1001,Cash-in-Hand,Cash & Cash Equivalents,Assets > Current Assets > Cash & Cash Equivalents,,3000.00,Expense Voucher: EV-CR-20251105-7067 - Ramesh
06/11/2025,Payment,AUTO-20260303-0059,5300,Operating Expenses,Operating Expenses,Expenses > Operating Expenses,330.00,,Expense Voucher: EV-CR-20251106-9385 - Deepak
06/11/2025,Payment,AUTO-20260303-0059,1001,Cash-in-Hand,Cash & Cash Equivalents,Assets > Current Assets > Cash & Cash Equivalents,,330.00,Expense Voucher: EV-CR-20251106-9385 - Deepak
06/11/2025,Payment,AUTO-20260303-0060,5300,Operating Expenses,Operating Expenses,Expenses > Operating Expenses,1000.00,,Expense Voucher: EV-CR-20251106-3166 - SNK Grands
06/11/2025,Payment,AUTO-20260303-0060,1001,Cash-in-Hand,Cash & Cash Equivalents,Assets > Current Assets > Cash & Cash Equivalents,,1000.00,Expense Voucher: EV-CR-20251106-3166 - SNK Grands
06/11/2025,Payment,AUTO-20260303-0061,5300,Operating Expenses,Operating Expenses,Expenses > Operating Expenses,240.00,,Expense Voucher: EV-CR-20251106-4065 - Naveen
06/11/2025,Payment,AUTO-20260303-0061,1001,Cash-in-Hand,Cash & Cash Equivalents,Assets > Current Assets > Cash & Cash Equivalents,,240.00,Expense Voucher: EV-CR-20251106-4065 - Naveen
06/11/2025,Payment,AUTO-20260303-0062,5300,Operating Expenses,Operating Expenses,Expenses > Operating Expenses,600.00,,Expense Voucher: EV-CR-20251106-6335 - Cab
06/11/2025,Payment,AUTO-20260303-0062,1001,Cash-in-Hand,Cash & Cash Equivalents,Assets > Current Assets > Cash & Cash Equivalents,,600.00,Expense Voucher: EV-CR-20251106-6335 - Cab
07/11/2025,Payment,AUTO-20260303-0064,5300,Operating Expenses,Operating Expenses,Expenses > Operating Expenses,620.00,,Expense Voucher: EV-CR-20251107-8586 - Deepak
07/11/2025,Payment,AUTO-20260303-0064,1001,Cash-in-Hand,Cash & Cash Equivalents,Assets > Current Assets > Cash & Cash Equivalents,,620.00,Expense Voucher: EV-CR-20251107-8586 - Deepak
07/11/2025,Payment,AUTO-20260303-0065,5300,Operating Expenses,Operating Expenses,Expenses > Operating Expenses,200.00,,Expense Voucher: EV-CR-20251107-1897 - Krishna
07/11/2025,Payment,AUTO-20260303-0065,1001,Cash-in-Hand,Cash & Cash Equivalents,Assets > Current Assets > Cash & Cash Equivalents,,200.00,Expense Voucher: EV-CR-20251107-1897 - Krishna
07/11/2025,Payment,AUTO-20260303-0066,5300,Operating Expenses,Operating Expenses,Expenses > Operating Expenses,160.00,,Expense Voucher: EV-CR-20251107-0106 - Naveen
07/11/2025,Payment,AUTO-20260303-0066,1001,Cash-in-Hand,Cash & Cash Equivalents,Assets > Current Assets > Cash & Cash Equivalents,,160.00,Expense Voucher: EV-CR-20251107-0106 - Naveen
07/11/2025,Payment,AUTO-20260303-0067,5300,Operating Expenses,Operating Expenses,Expenses > Operating Expenses,240.00,,Expense Voucher: EV-CR-20251107-8364 - Rambabu
07/11/2025,Payment,AUTO-20260303-0067,1001,Cash-in-Hand,Cash & Cash Equivalents,Assets > Current Assets > Cash & Cash Equivalents,,240.00,Expense Voucher: EV-CR-20251107-8364 - Rambabu
07/11/2025,Payment,AUTO-20260303-0068,5300,Operating Expenses,Operating Expenses,Expenses > Operating Expenses,750.00,,Expense Voucher: EV-CR-20251107-6866 - krishna
07/11/2025,Payment,AUTO-20260303-0068,1001,Cash-in-Hand,Cash & Cash Equivalents,Assets > Current Assets > Cash & Cash Equivalents,,750.00,Expense Voucher: EV-CR-20251107-6866 - krishna
08/11/2025,Payment,AUTO-20260303-0071,5300,Operating Expenses,Operating Expenses,Expenses > Operating Expenses,5480.00,,Expense Voucher: EV-CR-20251108-7147 - Hari
08/11/2025,Payment,AUTO-20260303-0071,1001,Cash-in-Hand,Cash & Cash Equivalents,Assets > Current Assets > Cash & Cash Equivalents,,5480.00,Expense Voucher: EV-CR-20251108-7147 - Hari
08/11/2025,Payment,AUTO-20260303-0072,5300,Operating Expenses,Operating Expenses,Expenses > Operating Expenses,530.00,,Expense Voucher: EV-CR-20251108-7846 - Deepak
08/11/2025,Payment,AUTO-20260303-0072,1001,Cash-in-Hand,Cash & Cash Equivalents,Assets > Current Assets > Cash & Cash Equivalents,,530.00,Expense Voucher: EV-CR-20251108-7846 - Deepak
08/11/2025,Payment,AUTO-20260303-0073,5300,Operating Expenses,Operating Expenses,Expenses > Operating Expenses,3000.00,,Expense Voucher: EV-CR-20251108-8705 - Santhosh
08/11/2025,Payment,AUTO-20260303-0073,1001,Cash-in-Hand,Cash & Cash Equivalents,Assets > Current Assets > Cash & Cash Equivalents,,3000.00,Expense Voucher: EV-CR-20251108-8705 - Santhosh
08/11/2025,Payment,AUTO-20260303-0074,5300,Operating Expenses,Operating Expenses,Expenses > Operating Expenses,3080.00,,Expense Voucher: EV-CR-20251108-4387 - Patrudu
08/11/2025,Payment,AUTO-20260303-0074,1001,Cash-in-Hand,Cash & Cash Equivalents,Assets > Current Assets > Cash & Cash Equivalents,,3080.00,Expense Voucher: EV-CR-20251108-4387 - Patrudu
08/11/2025,Payment,AUTO-20260303-0075,5300,Operating Expenses,Operating Expenses,Expenses > Operating Expenses,600.00,,Expense Voucher: EV-CR-20251108-8147 - Ramesh
08/11/2025,Payment,AUTO-20260303-0075,1001,Cash-in-Hand,Cash & Cash Equivalents,Assets > Current Assets > Cash & Cash Equivalents,,600.00,Expense Voucher: EV-CR-20251108-8147 - Ramesh
08/11/2025,Payment,AUTO-20260303-0076,5300,Operating Expenses,Operating Expenses,Expenses > Operating Expenses,3500.00,,Expense Voucher: EV-CR-20251108-5312 - sri kanaka durga hydraulic
08/11/2025,Payment,AUTO-20260303-0076,1001,Cash-in-Hand,Cash & Cash Equivalents,Assets > Current Assets > Cash & Cash Equivalents,,3500.00,Expense Voucher: EV-CR-20251108-5312 - sri kanaka durga hydraulic
08/11/2025,Payment,AUTO-20260303-0077,5300,Operating Expenses,Operating Expenses,Expenses > Operating Expenses,1000.00,,Expense Voucher: EV-CR-20251108-1468 - sri kanaka durga hydraulic
08/11/2025,Payment,AUTO-20260303-0077,1001,Cash-in-Hand,Cash & Cash Equivalents,Assets > Current Assets > Cash & Cash Equivalents,,1000.00,Expense Voucher: EV-CR-20251108-1468 - sri kanaka durga hydraulic
08/11/2025,Payment,AUTO-20260303-0078,5300,Operating Expenses,Operating Expenses,Expenses > Operating Expenses,480.00,,Expense Voucher: EV-CR-20251108-2865 - Deepak
08/11/2025,Payment,AUTO-20260303-0078,1001,Cash-in-Hand,Cash & Cash Equivalents,Assets > Current Assets > Cash & Cash Equivalents,,480.00,Expense Voucher: EV-CR-20251108-2865 - Deepak
08/11/2025,Payment,AUTO-20260303-0079,5300,Operating Expenses,Operating Expenses,Expenses > Operating Expenses,240.00,,Expense Voucher: EV-CR-20251108-6748 - Rambabu
08/11/2025,Payment,AUTO-20260303-0079,1001,Cash-in-Hand,Cash & Cash Equivalents,Assets > Current Assets > Cash & Cash Equivalents,,240.00,Expense Voucher: EV-CR-20251108-6748 - Rambabu
09/11/2025,Payment,AUTO-20260303-0080,5300,Operating Expenses,Operating Expenses,Expenses > Operating Expenses,100.00,,Expense Voucher: EV-CR-20251109-7420 - Deepak
09/11/2025,Payment,AUTO-20260303-0080,1001,Cash-in-Hand,Cash & Cash Equivalents,Assets > Current Assets > Cash & Cash Equivalents,,100.00,Expense Voucher: EV-CR-20251109-7420 - Deepak
09/11/2025,Payment,AUTO-20260303-0081,5300,Operating Expenses,Operating Expenses,Expenses > Operating Expenses,360.00,,Expense Voucher: EV-CR-20251109-5706 - Rambabu
09/11/2025,Payment,AUTO-20260303-0081,1001,Cash-in-Hand,Cash & Cash Equivalents,Assets > Current Assets > Cash & Cash Equivalents,,360.00,Expense Voucher: EV-CR-20251109-5706 - Rambabu
09/11/2025,Payment,AUTO-20260303-0082,5300,Operating Expenses,Operating Expenses,Expenses > Operating Expenses,400.00,,Expense Voucher: EV-CR-20251109-7798 - Deepak
09/11/2025,Payment,AUTO-20260303-0082,1001,Cash-in-Hand,Cash & Cash Equivalents,Assets > Current Assets > Cash & Cash Equivalents,,400.00,Expense Voucher: EV-CR-20251109-7798 - Deepak
09/11/2025,Payment,AUTO-20260303-0083,5300,Operating Expenses,Operating Expenses,Expenses > Operating Expenses,410.00,,Expense Voucher: EV-CR-20251109-2289 - Deepak
09/11/2025,Payment,AUTO-20260303-0083,1001,Cash-in-Hand,Cash & Cash Equivalents,Assets > Current Assets > Cash & Cash Equivalents,,410.00,Expense Voucher: EV-CR-20251109-2289 - Deepak
09/11/2025,Payment,AUTO-20260303-0084,5300,Operating Expenses,Operating Expenses,Expenses > Operating Expenses,600.00,,Expense Voucher: EV-CR-20251109-4765 - Ramesh
09/11/2025,Payment,AUTO-20260303-0084,1001,Cash-in-Hand,Cash & Cash Equivalents,Assets > Current Assets > Cash & Cash Equivalents,,600.00,Expense Voucher: EV-CR-20251109-4765 - Ramesh
10/11/2025,Payment,AUTO-20260303-0086,5300,Operating Expenses,Operating Expenses,Expenses > Operating Expenses,1120.00,,Expense Voucher: EV-CR-20251110-3018 - Deepak
10/11/2025,Payment,AUTO-20260303-0086,1001,Cash-in-Hand,Cash & Cash Equivalents,Assets > Current Assets > Cash & Cash Equivalents,,1120.00,Expense Voucher: EV-CR-20251110-3018 - Deepak
10/11/2025,Payment,AUTO-20260303-0087,5300,Operating Expenses,Operating Expenses,Expenses > Operating Expenses,3000.00,,Expense Voucher: EV-CR-20251110-5815 - Lakshman
10/11/2025,Payment,AUTO-20260303-0087,1001,Cash-in-Hand,Cash & Cash Equivalents,Assets > Current Assets > Cash & Cash Equivalents,,3000.00,Expense Voucher: EV-CR-20251110-5815 - Lakshman
10/11/2025,Payment,AUTO-20260303-0088,5300,Operating Expenses,Operating Expenses,Expenses > Operating Expenses,600.00,,Expense Voucher: EV-CR-20251110-9544 - RTA
10/11/2025,Payment,AUTO-20260303-0088,1001,Cash-in-Hand,Cash & Cash Equivalents,Assets > Current Assets > Cash & Cash Equivalents,,600.00,Expense Voucher: EV-CR-20251110-9544 - RTA
10/11/2025,Payment,AUTO-20260303-0089,5300,Operating Expenses,Operating Expenses,Expenses > Operating Expenses,300.00,,Expense Voucher: EV-CR-20251110-1649 - Lakshman
10/11/2025,Payment,AUTO-20260303-0089,1001,Cash-in-Hand,Cash & Cash Equivalents,Assets > Current Assets > Cash & Cash Equivalents,,300.00,Expense Voucher: EV-CR-20251110-1649 - Lakshman
10/11/2025,Payment,AUTO-20260303-0090,5300,Operating Expenses,Operating Expenses,Expenses > Operating Expenses,6420.00,,Expense Voucher: EV-CR-20251110-0485 - Patrudu
10/11/2025,Payment,AUTO-20260303-0090,1001,Cash-in-Hand,Cash & Cash Equivalents,Assets > Current Assets > Cash & Cash Equivalents,,6420.00,Expense Voucher: EV-CR-20251110-0485 - Patrudu
10/11/2025,Payment,AUTO-20260303-0091,5300,Operating Expenses,Operating Expenses,Expenses > Operating Expenses,3000.00,,Expense Voucher: EV-CR-20251110-4425 - Ramesh
10/11/2025,Payment,AUTO-20260303-0091,1001,Cash-in-Hand,Cash & Cash Equivalents,Assets > Current Assets > Cash & Cash Equivalents,,3000.00,Expense Voucher: EV-CR-20251110-4425 - Ramesh
10/11/2025,Payment,AUTO-20260303-0092,5300,Operating Expenses,Operating Expenses,Expenses > Operating Expenses,3300.00,,Expense Voucher: EV-CR-20251110-8910 - Santhosh
10/11/2025,Payment,AUTO-20260303-0092,1001,Cash-in-Hand,Cash & Cash Equivalents,Assets > Current Assets > Cash & Cash Equivalents,,3300.00,Expense Voucher: EV-CR-20251110-8910 - Santhosh
11/11/2025,Payment,AUTO-20260303-0094,5300,Operating Expenses,Operating Expenses,Expenses > Operating Expenses,450.00,,Expense Voucher: EV-CR-20251111-8704 - Deepak
11/11/2025,Payment,AUTO-20260303-0094,1001,Cash-in-Hand,Cash & Cash Equivalents,Assets > Current Assets > Cash & Cash Equivalents,,450.00,Expense Voucher: EV-CR-20251111-8704 - Deepak
11/11/2025,Payment,AUTO-20260303-0095,5300,Operating Expenses,Operating Expenses,Expenses > Operating Expenses,5900.00,,Expense Voucher: EV-CR-20251111-4915 - DTDC
11/11/2025,Payment,AUTO-20260303-0095,1001,Cash-in-Hand,Cash & Cash Equivalents,Assets > Current Assets > Cash & Cash Equivalents,,5900.00,Expense Voucher: EV-CR-20251111-4915 - DTDC
11/11/2025,Payment,AUTO-20260303-0096,5300,Operating Expenses,Operating Expenses,Expenses > Operating Expenses,360.00,,Expense Voucher: EV-CR-20251111-8385 - Deepak
11/11/2025,Payment,AUTO-20260303-0096,1001,Cash-in-Hand,Cash & Cash Equivalents,Assets > Current Assets > Cash & Cash Equivalents,,360.00,Expense Voucher: EV-CR-20251111-8385 - Deepak
11/11/2025,Payment,AUTO-20260303-0097,5300,Operating Expenses,Operating Expenses,Expenses > Operating Expenses,200.00,,Expense Voucher: EV-CR-20251111-9985 - Vamsi
11/11/2025,Payment,AUTO-20260303-0097,1001,Cash-in-Hand,Cash & Cash Equivalents,Assets > Current Assets > Cash & Cash Equivalents,,200.00,Expense Voucher: EV-CR-20251111-9985 - Vamsi
11/11/2025,Payment,AUTO-20260303-0098,5300,Operating Expenses,Operating Expenses,Expenses > Operating Expenses,3200.00,,Expense Voucher: EV-CR-20251111-5865 - Lakshman
11/11/2025,Payment,AUTO-20260303-0098,1001,Cash-in-Hand,Cash & Cash Equivalents,Assets > Current Assets > Cash & Cash Equivalents,,3200.00,Expense Voucher: EV-CR-20251111-5865 - Lakshman
12/11/2025,Payment,AUTO-20260303-0100,5300,Operating Expenses,Operating Expenses,Expenses > Operating Expenses,9000.00,,Expense Voucher: EV-CR-20251112-2165 - Hari
12/11/2025,Payment,AUTO-20260303-0100,1001,Cash-in-Hand,Cash & Cash Equivalents,Assets > Current Assets > Cash & Cash Equivalents,,9000.00,Expense Voucher: EV-CR-20251112-2165 - Hari
12/11/2025,Payment,AUTO-20260303-0101,5300,Operating Expenses,Operating Expenses,Expenses > Operating Expenses,1000.00,,Expense Voucher: EV-CR-20251112-6024 - Hari
12/11/2025,Payment,AUTO-20260303-0101,1001,Cash-in-Hand,Cash & Cash Equivalents,Assets > Current Assets > Cash & Cash Equivalents,,1000.00,Expense Voucher: EV-CR-20251112-6024 - Hari
12/11/2025,Payment,AUTO-20260303-0102,5300,Operating Expenses,Operating Expenses,Expenses > Operating Expenses,240.00,,Expense Voucher: EV-CR-20251112-9605 - Pankaj
12/11/2025,Payment,AUTO-20260303-0102,1001,Cash-in-Hand,Cash & Cash Equivalents,Assets > Current Assets > Cash & Cash Equivalents,,240.00,Expense Voucher: EV-CR-20251112-9605 - Pankaj
12/11/2025,Payment,AUTO-20260303-0103,5300,Operating Expenses,Operating Expenses,Expenses > Operating Expenses,800.00,,Expense Voucher: EV-CR-20251112-1020 - Naveen
12/11/2025,Payment,AUTO-20260303-0103,1001,Cash-in-Hand,Cash & Cash Equivalents,Assets > Current Assets > Cash & Cash Equivalents,,800.00,Expense Voucher: EV-CR-20251112-1020 - Naveen
12/11/2025,Payment,AUTO-20260303-0104,5300,Operating Expenses,Operating Expenses,Expenses > Operating Expenses,300.00,,Expense Voucher: EV-CR-20251112-9704 - Shumbu
12/11/2025,Payment,AUTO-20260303-0104,1001,Cash-in-Hand,Cash & Cash Equivalents,Assets > Current Assets > Cash & Cash Equivalents,,300.00,Expense Voucher: EV-CR-20251112-9704 - Shumbu
13/11/2025,Payment,AUTO-20260303-0106,5300,Operating Expenses,Operating Expenses,Expenses > Operating Expenses,6927.00,,Expense Voucher: EV-CR-20251113-3205 - Pankaj
13/11/2025,Payment,AUTO-20260303-0106,1001,Cash-in-Hand,Cash & Cash Equivalents,Assets > Current Assets > Cash & Cash Equivalents,,6927.00,Expense Voucher: EV-CR-20251113-3205 - Pankaj
13/11/2025,Payment,AUTO-20260303-0107,5300,Operating Expenses,Operating Expenses,Expenses > Operating Expenses,250.00,,Expense Voucher: EV-CR-20251113-5924 - Shumbu
13/11/2025,Payment,AUTO-20260303-0107,1001,Cash-in-Hand,Cash & Cash Equivalents,Assets > Current Assets > Cash & Cash Equivalents,,250.00,Expense Voucher: EV-CR-20251113-5924 - Shumbu
13/11/2025,Payment,AUTO-20260303-0108,5300,Operating Expenses,Operating Expenses,Expenses > Operating Expenses,7000.00,,Expense Voucher: EV-CR-20251113-9185 - Pankaj
13/11/2025,Payment,AUTO-20260303-0108,1001,Cash-in-Hand,Cash & Cash Equivalents,Assets > Current Assets > Cash & Cash Equivalents,,7000.00,Expense Voucher: EV-CR-20251113-9185 - Pankaj
13/11/2025,Payment,AUTO-20260303-0109,5300,Operating Expenses,Operating Expenses,Expenses > Operating Expenses,4000.00,,Expense Voucher: EV-CR-20251113-4924 - SNK Grands
13/11/2025,Payment,AUTO-20260303-0109,1001,Cash-in-Hand,Cash & Cash Equivalents,Assets > Current Assets > Cash & Cash Equivalents,,4000.00,Expense Voucher: EV-CR-20251113-4924 - SNK Grands
13/11/2025,Payment,AUTO-20260303-0110,5300,Operating Expenses,Operating Expenses,Expenses > Operating Expenses,900.00,,Expense Voucher: EV-CR-20251113-8663 - Naveen
13/11/2025,Payment,AUTO-20260303-0110,1001,Cash-in-Hand,Cash & Cash Equivalents,Assets > Current Assets > Cash & Cash Equivalents,,900.00,Expense Voucher: EV-CR-20251113-8663 - Naveen
14/11/2025,Payment,AUTO-20260303-0112,5300,Operating Expenses,Operating Expenses,Expenses > Operating Expenses,1540.00,,Expense Voucher: EV-CR-20251114-1824 - DTDC
14/11/2025,Payment,AUTO-20260303-0112,1001,Cash-in-Hand,Cash & Cash Equivalents,Assets > Current Assets > Cash & Cash Equivalents,,1540.00,Expense Voucher: EV-CR-20251114-1824 - DTDC
14/11/2025,Payment,AUTO-20260303-0113,5300,Operating Expenses,Operating Expenses,Expenses > Operating Expenses,250.00,,Expense Voucher: EV-CR-20251114-5563 - Shumbu
14/11/2025,Payment,AUTO-20260303-0113,1001,Cash-in-Hand,Cash & Cash Equivalents,Assets > Current Assets > Cash & Cash Equivalents,,250.00,Expense Voucher: EV-CR-20251114-5563 - Shumbu
14/11/2025,Payment,AUTO-20260303-0114,5300,Operating Expenses,Operating Expenses,Expenses > Operating Expenses,1086.00,,Expense Voucher: EV-CR-20251114-1479 - Ramesh
14/11/2025,Payment,AUTO-20260303-0114,1001,Cash-in-Hand,Cash & Cash Equivalents,Assets > Current Assets > Cash & Cash Equivalents,,1086.00,Expense Voucher: EV-CR-20251114-1479 - Ramesh
14/11/2025,Payment,AUTO-20260303-0115,5300,Operating Expenses,Operating Expenses,Expenses > Operating Expenses,690.00,,Expense Voucher: EV-CR-20251114-3168 - Ramesh
14/11/2025,Payment,AUTO-20260303-0115,1001,Cash-in-Hand,Cash & Cash Equivalents,Assets > Current Assets > Cash & Cash Equivalents,,690.00,Expense Voucher: EV-CR-20251114-3168 - Ramesh
14/11/2025,Payment,AUTO-20260303-0116,5300,Operating Expenses,Operating Expenses,Expenses > Operating Expenses,3000.00,,Expense Voucher: EV-CR-20251114-8824 - Patrudu
14/11/2025,Payment,AUTO-20260303-0116,1001,Cash-in-Hand,Cash & Cash Equivalents,Assets > Current Assets > Cash & Cash Equivalents,,3000.00,Expense Voucher: EV-CR-20251114-8824 - Patrudu
14/11/2025,Payment,AUTO-20260303-0117,5300,Operating Expenses,Operating Expenses,Expenses > Operating Expenses,300.00,,Expense Voucher: EV-CR-20251114-1364 - rapido
14/11/2025,Payment,AUTO-20260303-0117,1001,Cash-in-Hand,Cash & Cash Equivalents,Assets > Current Assets > Cash & Cash Equivalents,,300.00,Expense Voucher: EV-CR-20251114-1364 - rapido
14/11/2025,Payment,AUTO-20260303-0118,5300,Operating Expenses,Operating Expenses,Expenses > Operating Expenses,3000.00,,Expense Voucher: EV-CR-20251114-9083 - santhosh
14/11/2025,Payment,AUTO-20260303-0118,1001,Cash-in-Hand,Cash & Cash Equivalents,Assets > Current Assets > Cash & Cash Equivalents,,3000.00,Expense Voucher: EV-CR-20251114-9083 - santhosh
14/11/2025,Payment,AUTO-20260303-0119,5300,Operating Expenses,Operating Expenses,Expenses > Operating Expenses,800.00,,Expense Voucher: EV-CR-20251114-9045 - Naveen
14/11/2025,Payment,AUTO-20260303-0119,1001,Cash-in-Hand,Cash & Cash Equivalents,Assets > Current Assets > Cash & Cash Equivalents,,800.00,Expense Voucher: EV-CR-20251114-9045 - Naveen
14/11/2025,Payment,AUTO-20260303-0120,5300,Operating Expenses,Operating Expenses,Expenses > Operating Expenses,3000.00,,Expense Voucher: EV-CR-20251114-5825 - lakshman
14/11/2025,Payment,AUTO-20260303-0120,1001,Cash-in-Hand,Cash & Cash Equivalents,Assets > Current Assets > Cash & Cash Equivalents,,3000.00,Expense Voucher: EV-CR-20251114-5825 - lakshman
15/11/2025,Payment,AUTO-20260305-0002,5300,Operating Expenses,Operating Expenses,Expenses > Operating Expenses,8000.00,,Expense Voucher: EV-CR-20251115-6205 - Hari
15/11/2025,Payment,AUTO-20260305-0002,1001,Cash-in-Hand,Cash & Cash Equivalents,Assets > Current Assets > Cash & Cash Equivalents,,8000.00,Expense Voucher: EV-CR-20251115-6205 - Hari
15/11/2025,Payment,AUTO-20260305-0003,5300,Operating Expenses,Operating Expenses,Expenses > Operating Expenses,2000.00,,Expense Voucher: EV-CR-20251115-0124 - Hari
15/11/2025,Payment,AUTO-20260305-0003,1001,Cash-in-Hand,Cash & Cash Equivalents,Assets > Current Assets > Cash & Cash Equivalents,,2000.00,Expense Voucher: EV-CR-20251115-0124 - Hari
15/11/2025,Payment,AUTO-20260305-0004,5300,Operating Expenses,Operating Expenses,Expenses > Operating Expenses,800.00,,Expense Voucher: EV-CR-20251115-6364 - Naveen 
15/11/2025,Payment,AUTO-20260305-0004,1001,Cash-in-Hand,Cash & Cash Equivalents,Assets > Current Assets > Cash & Cash Equivalents,,800.00,Expense Voucher: EV-CR-20251115-6364 - Naveen 
15/11/2025,Payment,AUTO-20260305-0005,5300,Operating Expenses,Operating Expenses,Expenses > Operating Expenses,500.00,,Expense Voucher: EV-CR-20251115-7905 - Pankaj
15/11/2025,Payment,AUTO-20260305-0005,1001,Cash-in-Hand,Cash & Cash Equivalents,Assets > Current Assets > Cash & Cash Equivalents,,500.00,Expense Voucher: EV-CR-20251115-7905 - Pankaj
15/11/2025,Payment,AUTO-20260305-0006,5300,Operating Expenses,Operating Expenses,Expenses > Operating Expenses,280.00,,Expense Voucher: EV-CR-20251115-0571 - Varun hardware
15/11/2025,Payment,AUTO-20260305-0006,1001,Cash-in-Hand,Cash & Cash Equivalents,Assets > Current Assets > Cash & Cash Equivalents,,280.00,Expense Voucher: EV-CR-20251115-0571 - Varun hardware
17/11/2025,Payment,AUTO-20260305-0008,5300,Operating Expenses,Operating Expenses,Expenses > Operating Expenses,3000.00,,Expense Voucher: EV-CR-20251117-0726 - Ramesh
17/11/2025,Payment,AUTO-20260305-0008,1001,Cash-in-Hand,Cash & Cash Equivalents,Assets > Current Assets > Cash & Cash Equivalents,,3000.00,Expense Voucher: EV-CR-20251117-0726 - Ramesh
17/11/2025,Payment,AUTO-20260305-0009,5300,Operating Expenses,Operating Expenses,Expenses > Operating Expenses,800.00,,Expense Voucher: EV-CR-20251117-4080 - Vamsi
17/11/2025,Payment,AUTO-20260305-0009,1001,Cash-in-Hand,Cash & Cash Equivalents,Assets > Current Assets > Cash & Cash Equivalents,,800.00,Expense Voucher: EV-CR-20251117-4080 - Vamsi
17/11/2025,Payment,AUTO-20260305-0010,5300,Operating Expenses,Operating Expenses,Expenses > Operating Expenses,1080.00,,Expense Voucher: EV-CR-20251117-6605 - Rambabu
17/11/2025,Payment,AUTO-20260305-0010,1001,Cash-in-Hand,Cash & Cash Equivalents,Assets > Current Assets > Cash & Cash Equivalents,,1080.00,Expense Voucher: EV-CR-20251117-6605 - Rambabu
18/11/2025,Payment,AUTO-20260305-0012,5300,Operating Expenses,Operating Expenses,Expenses > Operating Expenses,3000.00,,Expense Voucher: EV-CR-20251118-4298 - Lakshman
18/11/2025,Payment,AUTO-20260305-0012,1001,Cash-in-Hand,Cash & Cash Equivalents,Assets > Current Assets > Cash & Cash Equivalents,,3000.00,Expense Voucher: EV-CR-20251118-4298 - Lakshman
18/11/2025,Payment,AUTO-20260305-0013,5300,Operating Expenses,Operating Expenses,Expenses > Operating Expenses,300.00,,Expense Voucher: EV-CR-20251118-2085 - Lakshman
18/11/2025,Payment,AUTO-20260305-0013,1001,Cash-in-Hand,Cash & Cash Equivalents,Assets > Current Assets > Cash & Cash Equivalents,,300.00,Expense Voucher: EV-CR-20251118-2085 - Lakshman
18/11/2025,Payment,AUTO-20260305-0014,5300,Operating Expenses,Operating Expenses,Expenses > Operating Expenses,3000.00,,Expense Voucher: EV-CR-20251118-5164 - Santhosh
18/11/2025,Payment,AUTO-20260305-0014,1001,Cash-in-Hand,Cash & Cash Equivalents,Assets > Current Assets > Cash & Cash Equivalents,,3000.00,Expense Voucher: EV-CR-20251118-5164 - Santhosh
18/11/2025,Payment,AUTO-20260305-0015,5300,Operating Expenses,Operating Expenses,Expenses > Operating Expenses,5000.00,,Expense Voucher: EV-CR-20251118-3826 - Hari
18/11/2025,Payment,AUTO-20260305-0015,1001,Cash-in-Hand,Cash & Cash Equivalents,Assets > Current Assets > Cash & Cash Equivalents,,5000.00,Expense Voucher: EV-CR-20251118-3826 - Hari
18/11/2025,Payment,AUTO-20260305-0016,5300,Operating Expenses,Operating Expenses,Expenses > Operating Expenses,800.00,,Expense Voucher: EV-CR-20251118-3472 - Naveen
18/11/2025,Payment,AUTO-20260305-0016,1001,Cash-in-Hand,Cash & Cash Equivalents,Assets > Current Assets > Cash & Cash Equivalents,,800.00,Expense Voucher: EV-CR-20251118-3472 - Naveen
19/11/2025,Payment,AUTO-20260305-0019,5300,Operating Expenses,Operating Expenses,Expenses > Operating Expenses,600.00,,Expense Voucher: EV-CR-20251119-1197 - Naveen
19/11/2025,Payment,AUTO-20260305-0019,1001,Cash-in-Hand,Cash & Cash Equivalents,Assets > Current Assets > Cash & Cash Equivalents,,600.00,Expense Voucher: EV-CR-20251119-1197 - Naveen
20/11/2025,Payment,AUTO-20260305-0022,5300,Operating Expenses,Operating Expenses,Expenses > Operating Expenses,3000.00,,Expense Voucher: EV-CR-20251120-4329 - Patrudu
20/11/2025,Payment,AUTO-20260305-0022,1001,Cash-in-Hand,Cash & Cash Equivalents,Assets > Current Assets > Cash & Cash Equivalents,,3000.00,Expense Voucher: EV-CR-20251120-4329 - Patrudu
20/11/2025,Payment,AUTO-20260305-0023,5300,Operating Expenses,Operating Expenses,Expenses > Operating Expenses,6300.00,,Expense Voucher: EV-CR-20251120-7793 - Hari
20/11/2025,Payment,AUTO-20260305-0023,1001,Cash-in-Hand,Cash & Cash Equivalents,Assets > Current Assets > Cash & Cash Equivalents,,6300.00,Expense Voucher: EV-CR-20251120-7793 - Hari
20/11/2025,Payment,AUTO-20260305-0024,5300,Operating Expenses,Operating Expenses,Expenses > Operating Expenses,700.00,,Expense Voucher: EV-CR-20251120-8278 - Vamsi
20/11/2025,Payment,AUTO-20260305-0024,1001,Cash-in-Hand,Cash & Cash Equivalents,Assets > Current Assets > Cash & Cash Equivalents,,700.00,Expense Voucher: EV-CR-20251120-8278 - Vamsi
20/11/2025,Payment,AUTO-20260305-0025,5300,Operating Expenses,Operating Expenses,Expenses > Operating Expenses,3000.00,,Expense Voucher: EV-CR-20251120-4629 - Santhosh
20/11/2025,Payment,AUTO-20260305-0025,1001,Cash-in-Hand,Cash & Cash Equivalents,Assets > Current Assets > Cash & Cash Equivalents,,3000.00,Expense Voucher: EV-CR-20251120-4629 - Santhosh
20/11/2025,Payment,AUTO-20260305-0026,5300,Operating Expenses,Operating Expenses,Expenses > Operating Expenses,100.00,,Expense Voucher: EV-CR-20251120-4861 - Jyothi hardware
20/11/2025,Payment,AUTO-20260305-0026,1001,Cash-in-Hand,Cash & Cash Equivalents,Assets > Current Assets > Cash & Cash Equivalents,,100.00,Expense Voucher: EV-CR-20251120-4861 - Jyothi hardware
20/11/2025,Payment,AUTO-20260320-0135,5300,Operating Expenses,Operating Expenses,Expenses > Operating Expenses,3000.00,,Expense Voucher: EV-CR-20251120-2840 - Ramesh
20/11/2025,Payment,AUTO-20260320-0135,1001,Cash-in-Hand,Cash & Cash Equivalents,Assets > Current Assets > Cash & Cash Equivalents,,3000.00,Expense Voucher: EV-CR-20251120-2840 - Ramesh
20/11/2025,Payment,AUTO-20260322-0150,5300,Operating Expenses,Operating Expenses,Expenses > Operating Expenses,3000.00,,Expense Voucher: EV-CR-20251120-7701 - Ramesh
20/11/2025,Payment,AUTO-20260322-0150,1001,Cash-in-Hand,Cash & Cash Equivalents,Assets > Current Assets > Cash & Cash Equivalents,,3000.00,Expense Voucher: EV-CR-20251120-7701 - Ramesh
21/11/2025,Payment,AUTO-20260320-0133,5300,Operating Expenses,Operating Expenses,Expenses > Operating Expenses,100.00,,Expense Voucher: EV-CR-20251121-1479 - Ramesh
21/11/2025,Payment,AUTO-20260320-0133,1001,Cash-in-Hand,Cash & Cash Equivalents,Assets > Current Assets > Cash & Cash Equivalents,,100.00,Expense Voucher: EV-CR-20251121-1479 - Ramesh
21/11/2025,Payment,AUTO-20260320-0136,5300,Operating Expenses,Operating Expenses,Expenses > Operating Expenses,10800.00,,Expense Voucher: EV-CR-20251121-6820 - Rambabu
21/11/2025,Payment,AUTO-20260320-0136,1001,Cash-in-Hand,Cash & Cash Equivalents,Assets > Current Assets > Cash & Cash Equivalents,,10800.00,Expense Voucher: EV-CR-20251121-6820 - Rambabu
21/11/2025,Payment,AUTO-20260320-0137,5300,Operating Expenses,Operating Expenses,Expenses > Operating Expenses,800.00,,Expense Voucher: EV-CR-20251121-9640 - Vamsi
21/11/2025,Payment,AUTO-20260320-0137,1001,Cash-in-Hand,Cash & Cash Equivalents,Assets > Current Assets > Cash & Cash Equivalents,,800.00,Expense Voucher: EV-CR-20251121-9640 - Vamsi
21/11/2025,Payment,AUTO-20260320-0138,5300,Operating Expenses,Operating Expenses,Expenses > Operating Expenses,3000.00,,Expense Voucher: EV-CR-20251121-3000 - Lakshman
21/11/2025,Payment,AUTO-20260320-0138,1001,Cash-in-Hand,Cash & Cash Equivalents,Assets > Current Assets > Cash & Cash Equivalents,,3000.00,Expense Voucher: EV-CR-20251121-3000 - Lakshman
22/11/2025,Payment,AUTO-20260320-0139,5300,Operating Expenses,Operating Expenses,Expenses > Operating Expenses,600.00,,Expense Voucher: EV-CR-20251122-9241 - Pankaj
22/11/2025,Payment,AUTO-20260320-0139,1001,Cash-in-Hand,Cash & Cash Equivalents,Assets > Current Assets > Cash & Cash Equivalents,,600.00,Expense Voucher: EV-CR-20251122-9241 - Pankaj
22/11/2025,Payment,AUTO-20260320-0140,5300,Operating Expenses,Operating Expenses,Expenses > Operating Expenses,50000.00,,Expense Voucher: EV-CR-20251122-3801 - V R Industries
22/11/2025,Payment,AUTO-20260320-0140,1001,Cash-in-Hand,Cash & Cash Equivalents,Assets > Current Assets > Cash & Cash Equivalents,,50000.00,Expense Voucher: EV-CR-20251122-3801 - V R Industries
22/11/2025,Payment,AUTO-20260320-0141,5300,Operating Expenses,Operating Expenses,Expenses > Operating Expenses,800.00,,Expense Voucher: EV-CR-20251122-7459 - Vamsi
22/11/2025,Payment,AUTO-20260320-0141,1001,Cash-in-Hand,Cash & Cash Equivalents,Assets > Current Assets > Cash & Cash Equivalents,,800.00,Expense Voucher: EV-CR-20251122-7459 - Vamsi
22/11/2025,Payment,AUTO-20260320-0142,5300,Operating Expenses,Operating Expenses,Expenses > Operating Expenses,130.00,,Expense Voucher: EV-CR-20251122-7540 - Krishna
22/11/2025,Payment,AUTO-20260320-0142,1001,Cash-in-Hand,Cash & Cash Equivalents,Assets > Current Assets > Cash & Cash Equivalents,,130.00,Expense Voucher: EV-CR-20251122-7540 - Krishna
22/11/2025,Payment,AUTO-20260320-0143,5300,Operating Expenses,Operating Expenses,Expenses > Operating Expenses,1080.00,,Expense Voucher: EV-CR-20251122-5765 - Rambabu
22/11/2025,Payment,AUTO-20260320-0143,1001,Cash-in-Hand,Cash & Cash Equivalents,Assets > Current Assets > Cash & Cash Equivalents,,1080.00,Expense Voucher: EV-CR-20251122-5765 - Rambabu
24/11/2025,Payment,AUTO-20260320-0144,5300,Operating Expenses,Operating Expenses,Expenses > Operating Expenses,3000.00,,Expense Voucher: EV-CR-20251124-9840 - Santhosh
24/11/2025,Payment,AUTO-20260320-0144,1001,Cash-in-Hand,Cash & Cash Equivalents,Assets > Current Assets > Cash & Cash Equivalents,,3000.00,Expense Voucher: EV-CR-20251124-9840 - Santhosh
24/11/2025,Payment,AUTO-20260320-0145,5300,Operating Expenses,Operating Expenses,Expenses > Operating Expenses,3000.00,,Expense Voucher: EV-CR-20251124-7001 - Ramesh
24/11/2025,Payment,AUTO-20260320-0145,1001,Cash-in-Hand,Cash & Cash Equivalents,Assets > Current Assets > Cash & Cash Equivalents,,3000.00,Expense Voucher: EV-CR-20251124-7001 - Ramesh
24/11/2025,Payment,AUTO-20260320-0146,5300,Operating Expenses,Operating Expenses,Expenses > Operating Expenses,500.00,,Expense Voucher: EV-CR-20251124-1259 - Ramesh
24/11/2025,Payment,AUTO-20260320-0146,1001,Cash-in-Hand,Cash & Cash Equivalents,Assets > Current Assets > Cash & Cash Equivalents,,500.00,Expense Voucher: EV-CR-20251124-1259 - Ramesh
24/11/2025,Payment,AUTO-20260320-0147,5300,Operating Expenses,Operating Expenses,Expenses > Operating Expenses,800.00,,Expense Voucher: EV-CR-20251124-7959 - Naveen
24/11/2025,Payment,AUTO-20260320-0147,1001,Cash-in-Hand,Cash & Cash Equivalents,Assets > Current Assets > Cash & Cash Equivalents,,800.00,Expense Voucher: EV-CR-20251124-7959 - Naveen
25/11/2025,Payment,AUTO-20260306-0002,5300,Operating Expenses,Operating Expenses,Expenses > Operating Expenses,7000.00,,Expense Voucher: EV-CR-20251125-4470 - Hari
25/11/2025,Payment,AUTO-20260306-0002,1001,Cash-in-Hand,Cash & Cash Equivalents,Assets > Current Assets > Cash & Cash Equivalents,,7000.00,Expense Voucher: EV-CR-20251125-4470 - Hari
25/11/2025,Payment,AUTO-20260306-0003,5300,Operating Expenses,Operating Expenses,Expenses > Operating Expenses,800.00,,Expense Voucher: EV-CR-20251125-1090 - Naveen
25/11/2025,Payment,AUTO-20260306-0003,1001,Cash-in-Hand,Cash & Cash Equivalents,Assets > Current Assets > Cash & Cash Equivalents,,800.00,Expense Voucher: EV-CR-20251125-1090 - Naveen
25/11/2025,Payment,AUTO-20260306-0004,5300,Operating Expenses,Operating Expenses,Expenses > Operating Expenses,390.00,,Expense Voucher: EV-CR-20251125-0803 - Krishna
25/11/2025,Payment,AUTO-20260306-0004,1001,Cash-in-Hand,Cash & Cash Equivalents,Assets > Current Assets > Cash & Cash Equivalents,,390.00,Expense Voucher: EV-CR-20251125-0803 - Krishna
26/11/2025,Payment,AUTO-20260306-0006,5300,Operating Expenses,Operating Expenses,Expenses > Operating Expenses,800.00,,Expense Voucher: EV-CR-20251126-7589 - Naveen
26/11/2025,Payment,AUTO-20260306-0006,1001,Cash-in-Hand,Cash & Cash Equivalents,Assets > Current Assets > Cash & Cash Equivalents,,800.00,Expense Voucher: EV-CR-20251126-7589 - Naveen
26/11/2025,Payment,AUTO-20260306-0007,5300,Operating Expenses,Operating Expenses,Expenses > Operating Expenses,280.00,,Expense Voucher: EV-CR-20251126-6810 - Krishna
26/11/2025,Payment,AUTO-20260306-0007,1001,Cash-in-Hand,Cash & Cash Equivalents,Assets > Current Assets > Cash & Cash Equivalents,,280.00,Expense Voucher: EV-CR-20251126-6810 - Krishna
26/11/2025,Payment,AUTO-20260306-0008,5300,Operating Expenses,Operating Expenses,Expenses > Operating Expenses,10000.00,,Expense Voucher: EV-CR-20251126-9245 - SR Suresh
26/11/2025,Payment,AUTO-20260306-0008,1001,Cash-in-Hand,Cash & Cash Equivalents,Assets > Current Assets > Cash & Cash Equivalents,,10000.00,Expense Voucher: EV-CR-20251126-9245 - SR Suresh
27/11/2025,Payment,AUTO-20260306-0010,5300,Operating Expenses,Operating Expenses,Expenses > Operating Expenses,10000.00,,Expense Voucher: EV-CR-20251127-4910 - Hari
27/11/2025,Payment,AUTO-20260306-0010,1001,Cash-in-Hand,Cash & Cash Equivalents,Assets > Current Assets > Cash & Cash Equivalents,,10000.00,Expense Voucher: EV-CR-20251127-4910 - Hari
27/11/2025,Payment,AUTO-20260306-0011,5300,Operating Expenses,Operating Expenses,Expenses > Operating Expenses,2000.00,,Expense Voucher: EV-CR-20251127-5289 - Hari
27/11/2025,Payment,AUTO-20260306-0011,1001,Cash-in-Hand,Cash & Cash Equivalents,Assets > Current Assets > Cash & Cash Equivalents,,2000.00,Expense Voucher: EV-CR-20251127-5289 - Hari
27/11/2025,Payment,AUTO-20260306-0012,5300,Operating Expenses,Operating Expenses,Expenses > Operating Expenses,3000.00,,Expense Voucher: EV-CR-20251127-1829 - Lakshman
27/11/2025,Payment,AUTO-20260306-0012,1001,Cash-in-Hand,Cash & Cash Equivalents,Assets > Current Assets > Cash & Cash Equivalents,,3000.00,Expense Voucher: EV-CR-20251127-1829 - Lakshman
27/11/2025,Payment,AUTO-20260306-0013,5300,Operating Expenses,Operating Expenses,Expenses > Operating Expenses,350.00,,Expense Voucher: EV-CR-20251127-0769 - Lakshman
27/11/2025,Payment,AUTO-20260306-0013,1001,Cash-in-Hand,Cash & Cash Equivalents,Assets > Current Assets > Cash & Cash Equivalents,,350.00,Expense Voucher: EV-CR-20251127-0769 - Lakshman
27/11/2025,Payment,AUTO-20260306-0014,5300,Operating Expenses,Operating Expenses,Expenses > Operating Expenses,3000.00,,Expense Voucher: EV-CR-20251127-5485 - patrudu
27/11/2025,Payment,AUTO-20260306-0014,1001,Cash-in-Hand,Cash & Cash Equivalents,Assets > Current Assets > Cash & Cash Equivalents,,3000.00,Expense Voucher: EV-CR-20251127-5485 - patrudu
27/11/2025,Payment,AUTO-20260306-0015,5300,Operating Expenses,Operating Expenses,Expenses > Operating Expenses,3000.00,,Expense Voucher: EV-CR-20251127-2709 - Santhosh
27/11/2025,Payment,AUTO-20260306-0015,1001,Cash-in-Hand,Cash & Cash Equivalents,Assets > Current Assets > Cash & Cash Equivalents,,3000.00,Expense Voucher: EV-CR-20251127-2709 - Santhosh
27/11/2025,Payment,AUTO-20260306-0016,5300,Operating Expenses,Operating Expenses,Expenses > Operating Expenses,3000.00,,Expense Voucher: EV-CR-20251127-5381 - Ramesh
27/11/2025,Payment,AUTO-20260306-0016,1001,Cash-in-Hand,Cash & Cash Equivalents,Assets > Current Assets > Cash & Cash Equivalents,,3000.00,Expense Voucher: EV-CR-20251127-5381 - Ramesh
27/11/2025,Payment,AUTO-20260306-0017,5300,Operating Expenses,Operating Expenses,Expenses > Operating Expenses,600.00,,Expense Voucher: EV-CR-20251127-7170 - Pankaj
27/11/2025,Payment,AUTO-20260306-0017,1001,Cash-in-Hand,Cash & Cash Equivalents,Assets > Current Assets > Cash & Cash Equivalents,,600.00,Expense Voucher: EV-CR-20251127-7170 - Pankaj
27/11/2025,Payment,AUTO-20260306-0018,5300,Operating Expenses,Operating Expenses,Expenses > Operating Expenses,800.00,,Expense Voucher: EV-CR-20251127-2495 - Vamsi
27/11/2025,Payment,AUTO-20260306-0018,1001,Cash-in-Hand,Cash & Cash Equivalents,Assets > Current Assets > Cash & Cash Equivalents,,800.00,Expense Voucher: EV-CR-20251127-2495 - Vamsi
27/11/2025,Payment,AUTO-20260306-0019,5300,Operating Expenses,Operating Expenses,Expenses > Operating Expenses,200.00,,Expense Voucher: EV-CR-20251127-5874 - Ramesh
27/11/2025,Payment,AUTO-20260306-0019,1001,Cash-in-Hand,Cash & Cash Equivalents,Assets > Current Assets > Cash & Cash Equivalents,,200.00,Expense Voucher: EV-CR-20251127-5874 - Ramesh
28/11/2025,Payment,AUTO-20260306-0021,5300,Operating Expenses,Operating Expenses,Expenses > Operating Expenses,700.00,,Expense Voucher: EV-CR-20251128-3388 - vamsi
28/11/2025,Payment,AUTO-20260306-0021,1001,Cash-in-Hand,Cash & Cash Equivalents,Assets > Current Assets > Cash & Cash Equivalents,,700.00,Expense Voucher: EV-CR-20251128-3388 - vamsi
28/11/2025,Payment,AUTO-20260306-0022,5300,Operating Expenses,Operating Expenses,Expenses > Operating Expenses,1000.00,,Expense Voucher: EV-CR-20251128-1690 - Dankush Yadav
28/11/2025,Payment,AUTO-20260306-0022,1001,Cash-in-Hand,Cash & Cash Equivalents,Assets > Current Assets > Cash & Cash Equivalents,,1000.00,Expense Voucher: EV-CR-20251128-1690 - Dankush Yadav
29/11/2025,Payment,AUTO-20260306-0027,5300,Operating Expenses,Operating Expenses,Expenses > Operating Expenses,50000.00,,Expense Voucher: EV-CR-20251129-0789 - Inmoisture private limited
29/11/2025,Payment,AUTO-20260306-0027,1001,Cash-in-Hand,Cash & Cash Equivalents,Assets > Current Assets > Cash & Cash Equivalents,,50000.00,Expense Voucher: EV-CR-20251129-0789 - Inmoisture private limited
29/11/2025,Payment,AUTO-20260306-0028,5300,Operating Expenses,Operating Expenses,Expenses > Operating Expenses,700.00,,Expense Voucher: EV-CR-20251129-3208 - naveen
29/11/2025,Payment,AUTO-20260306-0028,1001,Cash-in-Hand,Cash & Cash Equivalents,Assets > Current Assets > Cash & Cash Equivalents,,700.00,Expense Voucher: EV-CR-20251129-3208 - naveen
29/11/2025,Payment,AUTO-20260306-0029,5300,Operating Expenses,Operating Expenses,Expenses > Operating Expenses,650.00,,Expense Voucher: EV-CR-20251129-8208 - Pankaj
29/11/2025,Payment,AUTO-20260306-0029,1001,Cash-in-Hand,Cash & Cash Equivalents,Assets > Current Assets > Cash & Cash Equivalents,,650.00,Expense Voucher: EV-CR-20251129-8208 - Pankaj
29/11/2025,Payment,AUTO-20260306-0030,5300,Operating Expenses,Operating Expenses,Expenses > Operating Expenses,5000.00,,Expense Voucher: EV-CR-20251129-4573 - Sambu
29/11/2025,Payment,AUTO-20260306-0030,1001,Cash-in-Hand,Cash & Cash Equivalents,Assets > Current Assets > Cash & Cash Equivalents,,5000.00,Expense Voucher: EV-CR-20251129-4573 - Sambu
29/11/2025,Payment,AUTO-20260306-0031,5300,Operating Expenses,Operating Expenses,Expenses > Operating Expenses,1080.00,,Expense Voucher: EV-CR-20251129-0808 - Rambabu
29/11/2025,Payment,AUTO-20260306-0031,1001,Cash-in-Hand,Cash & Cash Equivalents,Assets > Current Assets > Cash & Cash Equivalents,,1080.00,Expense Voucher: EV-CR-20251129-0808 - Rambabu
29/11/2025,Payment,AUTO-20260306-0032,5300,Operating Expenses,Operating Expenses,Expenses > Operating Expenses,36000.00,,Expense Voucher: EV-CR-20251129-6519 - Eswaramma
29/11/2025,Payment,AUTO-20260306-0032,1001,Cash-in-Hand,Cash & Cash Equivalents,Assets > Current Assets > Cash & Cash Equivalents,,36000.00,Expense Voucher: EV-CR-20251129-6519 - Eswaramma
29/11/2025,Payment,AUTO-20260306-0033,5300,Operating Expenses,Operating Expenses,Expenses > Operating Expenses,3200.00,,Expense Voucher: EV-CR-20251129-0431 - Patrudu
29/11/2025,Payment,AUTO-20260306-0033,1001,Cash-in-Hand,Cash & Cash Equivalents,Assets > Current Assets > Cash & Cash Equivalents,,3200.00,Expense Voucher: EV-CR-20251129-0431 - Patrudu
01/12/2025,Payment,AUTO-20260306-0035,5300,Operating Expenses,Operating Expenses,Expenses > Operating Expenses,3000.00,,Expense Voucher: EV-CR-20251201-0009 - Santhosh
01/12/2025,Payment,AUTO-20260306-0035,1001,Cash-in-Hand,Cash & Cash Equivalents,Assets > Current Assets > Cash & Cash Equivalents,,3000.00,Expense Voucher: EV-CR-20251201-0009 - Santhosh
01/12/2025,Payment,AUTO-20260306-0036,5300,Operating Expenses,Operating Expenses,Expenses > Operating Expenses,3000.00,,Expense Voucher: EV-CR-20251201-2034 - Ramesh
01/12/2025,Payment,AUTO-20260306-0036,1001,Cash-in-Hand,Cash & Cash Equivalents,Assets > Current Assets > Cash & Cash Equivalents,,3000.00,Expense Voucher: EV-CR-20251201-2034 - Ramesh
01/12/2025,Payment,AUTO-20260306-0037,5300,Operating Expenses,Operating Expenses,Expenses > Operating Expenses,200.00,,Expense Voucher: EV-CR-20251201-6432 - Shyam
01/12/2025,Payment,AUTO-20260306-0037,1001,Cash-in-Hand,Cash & Cash Equivalents,Assets > Current Assets > Cash & Cash Equivalents,,200.00,Expense Voucher: EV-CR-20251201-6432 - Shyam
01/12/2025,Payment,AUTO-20260306-0038,5300,Operating Expenses,Operating Expenses,Expenses > Operating Expenses,3400.00,,Expense Voucher: EV-CR-20251201-2389 - Lakshman
01/12/2025,Payment,AUTO-20260306-0038,1001,Cash-in-Hand,Cash & Cash Equivalents,Assets > Current Assets > Cash & Cash Equivalents,,3400.00,Expense Voucher: EV-CR-20251201-2389 - Lakshman
01/12/2025,Payment,AUTO-20260306-0039,5300,Operating Expenses,Operating Expenses,Expenses > Operating Expenses,700.00,,Expense Voucher: EV-CR-20251201-4750 - Naveen
01/12/2025,Payment,AUTO-20260306-0039,1001,Cash-in-Hand,Cash & Cash Equivalents,Assets > Current Assets > Cash & Cash Equivalents,,700.00,Expense Voucher: EV-CR-20251201-4750 - Naveen
01/12/2025,Payment,AUTO-20260306-0040,5300,Operating Expenses,Operating Expenses,Expenses > Operating Expenses,300.00,,Expense Voucher: EV-CR-20251201-5615 - Pankaja
01/12/2025,Payment,AUTO-20260306-0040,1001,Cash-in-Hand,Cash & Cash Equivalents,Assets > Current Assets > Cash & Cash Equivalents,,300.00,Expense Voucher: EV-CR-20251201-5615 - Pankaja
02/12/2025,Payment,AUTO-20260306-0042,5300,Operating Expenses,Operating Expenses,Expenses > Operating Expenses,650.00,,Expense Voucher: EV-CR-20251202-6260 - Vamsi
02/12/2025,Payment,AUTO-20260306-0042,1001,Cash-in-Hand,Cash & Cash Equivalents,Assets > Current Assets > Cash & Cash Equivalents,,650.00,Expense Voucher: EV-CR-20251202-6260 - Vamsi
02/12/2025,Payment,AUTO-20260306-0043,5300,Operating Expenses,Operating Expenses,Expenses > Operating Expenses,200.00,,Expense Voucher: EV-CR-20251202-6870 - Naveen
02/12/2025,Payment,AUTO-20260306-0043,1001,Cash-in-Hand,Cash & Cash Equivalents,Assets > Current Assets > Cash & Cash Equivalents,,200.00,Expense Voucher: EV-CR-20251202-6870 - Naveen
03/12/2025,Payment,AUTO-20260306-0045,5300,Operating Expenses,Operating Expenses,Expenses > Operating Expenses,750.00,,Expense Voucher: EV-CR-20251203-5909 - Vamsi
03/12/2025,Payment,AUTO-20260306-0045,1001,Cash-in-Hand,Cash & Cash Equivalents,Assets > Current Assets > Cash & Cash Equivalents,,750.00,Expense Voucher: EV-CR-20251203-5909 - Vamsi
03/12/2025,Payment,AUTO-20260306-0046,5300,Operating Expenses,Operating Expenses,Expenses > Operating Expenses,550.00,,Expense Voucher: EV-CR-20251203-9610 - Krishna
03/12/2025,Payment,AUTO-20260306-0046,1001,Cash-in-Hand,Cash & Cash Equivalents,Assets > Current Assets > Cash & Cash Equivalents,,550.00,Expense Voucher: EV-CR-20251203-9610 - Krishna
04/12/2025,Payment,AUTO-20260306-0048,5300,Operating Expenses,Operating Expenses,Expenses > Operating Expenses,3000.00,,Expense Voucher: EV-CR-20251204-4889 - Ramesh
04/12/2025,Payment,AUTO-20260306-0048,1001,Cash-in-Hand,Cash & Cash Equivalents,Assets > Current Assets > Cash & Cash Equivalents,,3000.00,Expense Voucher: EV-CR-20251204-4889 - Ramesh
04/12/2025,Payment,AUTO-20260306-0049,5300,Operating Expenses,Operating Expenses,Expenses > Operating Expenses,430.00,,Expense Voucher: EV-CR-20251204-4444 - Khazana gift and toys
04/12/2025,Payment,AUTO-20260306-0049,1001,Cash-in-Hand,Cash & Cash Equivalents,Assets > Current Assets > Cash & Cash Equivalents,,430.00,Expense Voucher: EV-CR-20251204-4444 - Khazana gift and toys
04/12/2025,Payment,AUTO-20260306-0050,5300,Operating Expenses,Operating Expenses,Expenses > Operating Expenses,270.00,,Expense Voucher: EV-CR-20251204-0750 - Star Electricals
04/12/2025,Payment,AUTO-20260306-0050,1001,Cash-in-Hand,Cash & Cash Equivalents,Assets > Current Assets > Cash & Cash Equivalents,,270.00,Expense Voucher: EV-CR-20251204-0750 - Star Electricals
04/12/2025,Payment,AUTO-20260306-0051,5300,Operating Expenses,Operating Expenses,Expenses > Operating Expenses,700.00,,Expense Voucher: EV-CR-20251204-5420 - vamsi
04/12/2025,Payment,AUTO-20260306-0051,1001,Cash-in-Hand,Cash & Cash Equivalents,Assets > Current Assets > Cash & Cash Equivalents,,700.00,Expense Voucher: EV-CR-20251204-5420 - vamsi
05/12/2025,Payment,AUTO-20260306-0053,5300,Operating Expenses,Operating Expenses,Expenses > Operating Expenses,5200.00,,Expense Voucher: EV-CR-20251205-5790 - Patrudu
05/12/2025,Payment,AUTO-20260306-0053,1001,Cash-in-Hand,Cash & Cash Equivalents,Assets > Current Assets > Cash & Cash Equivalents,,5200.00,Expense Voucher: EV-CR-20251205-5790 - Patrudu
05/12/2025,Payment,AUTO-20260306-0054,5300,Operating Expenses,Operating Expenses,Expenses > Operating Expenses,3000.00,,Expense Voucher: EV-CR-20251205-9515 - Santhosh
05/12/2025,Payment,AUTO-20260306-0054,1001,Cash-in-Hand,Cash & Cash Equivalents,Assets > Current Assets > Cash & Cash Equivalents,,3000.00,Expense Voucher: EV-CR-20251205-9515 - Santhosh
05/12/2025,Payment,AUTO-20260307-0001,5300,Operating Expenses,Operating Expenses,Expenses > Operating Expenses,800.00,,Expense Voucher: EV-CR-20251205-4271 - OM NAMAHSIVAYA CHEMICALS
05/12/2025,Payment,AUTO-20260307-0001,1001,Cash-in-Hand,Cash & Cash Equivalents,Assets > Current Assets > Cash & Cash Equivalents,,800.00,Expense Voucher: EV-CR-20251205-4271 - OM NAMAHSIVAYA CHEMICALS
05/12/2025,Payment,AUTO-20260307-0002,5300,Operating Expenses,Operating Expenses,Expenses > Operating Expenses,955.00,,Expense Voucher: EV-CR-20251205-4349 - Shyam
05/12/2025,Payment,AUTO-20260307-0002,1001,Cash-in-Hand,Cash & Cash Equivalents,Assets > Current Assets > Cash & Cash Equivalents,,955.00,Expense Voucher: EV-CR-20251205-4349 - Shyam
05/12/2025,Payment,AUTO-20260307-0003,5300,Operating Expenses,Operating Expenses,Expenses > Operating Expenses,700.00,,Expense Voucher: EV-CR-20251205-2688 - Vamsi
05/12/2025,Payment,AUTO-20260307-0003,1001,Cash-in-Hand,Cash & Cash Equivalents,Assets > Current Assets > Cash & Cash Equivalents,,700.00,Expense Voucher: EV-CR-20251205-2688 - Vamsi
05/12/2025,Payment,AUTO-20260307-0004,5300,Operating Expenses,Operating Expenses,Expenses > Operating Expenses,300.00,,Expense Voucher: EV-CR-20251205-4236 - Pankaj
05/12/2025,Payment,AUTO-20260307-0004,1001,Cash-in-Hand,Cash & Cash Equivalents,Assets > Current Assets > Cash & Cash Equivalents,,300.00,Expense Voucher: EV-CR-20251205-4236 - Pankaj
06/12/2025,Payment,AUTO-20260307-0006,5300,Operating Expenses,Operating Expenses,Expenses > Operating Expenses,1800.00,,Expense Voucher: EV-CR-20251206-8407 - HP Gas
06/12/2025,Payment,AUTO-20260307-0006,1001,Cash-in-Hand,Cash & Cash Equivalents,Assets > Current Assets > Cash & Cash Equivalents,,1800.00,Expense Voucher: EV-CR-20251206-8407 - HP Gas
06/12/2025,Payment,AUTO-20260307-0007,5300,Operating Expenses,Operating Expenses,Expenses > Operating Expenses,800.00,,Expense Voucher: EV-CR-20251206-0769 - Vamsi
06/12/2025,Payment,AUTO-20260307-0007,1001,Cash-in-Hand,Cash & Cash Equivalents,Assets > Current Assets > Cash & Cash Equivalents,,800.00,Expense Voucher: EV-CR-20251206-0769 - Vamsi
06/12/2025,Payment,AUTO-20260307-0008,5300,Operating Expenses,Operating Expenses,Expenses > Operating Expenses,1080.00,,Expense Voucher: EV-CR-20251206-8553 - Rambabu
06/12/2025,Payment,AUTO-20260307-0008,1001,Cash-in-Hand,Cash & Cash Equivalents,Assets > Current Assets > Cash & Cash Equivalents,,1080.00,Expense Voucher: EV-CR-20251206-8553 - Rambabu
06/12/2025,Payment,AUTO-20260307-0009,5300,Operating Expenses,Operating Expenses,Expenses > Operating Expenses,400.00,,Expense Voucher: EV-CR-20251206-5269 - Naveen
06/12/2025,Payment,AUTO-20260307-0009,1001,Cash-in-Hand,Cash & Cash Equivalents,Assets > Current Assets > Cash & Cash Equivalents,,400.00,Expense Voucher: EV-CR-20251206-5269 - Naveen
06/12/2025,Payment,AUTO-20260307-0010,5300,Operating Expenses,Operating Expenses,Expenses > Operating Expenses,9500.00,,Expense Voucher: EV-CR-20251206-0089 - Hari
06/12/2025,Payment,AUTO-20260307-0010,1001,Cash-in-Hand,Cash & Cash Equivalents,Assets > Current Assets > Cash & Cash Equivalents,,9500.00,Expense Voucher: EV-CR-20251206-0089 - Hari
06/12/2025,Payment,AUTO-20260307-0011,5300,Operating Expenses,Operating Expenses,Expenses > Operating Expenses,500.00,,Expense Voucher: EV-CR-20251206-0919 - Hari
06/12/2025,Payment,AUTO-20260307-0011,1001,Cash-in-Hand,Cash & Cash Equivalents,Assets > Current Assets > Cash & Cash Equivalents,,500.00,Expense Voucher: EV-CR-20251206-0919 - Hari
06/12/2025,Payment,AUTO-20260307-0012,5300,Operating Expenses,Operating Expenses,Expenses > Operating Expenses,7000.00,,Expense Voucher: EV-CR-20251206-3923 - Pankaj
06/12/2025,Payment,AUTO-20260307-0012,1001,Cash-in-Hand,Cash & Cash Equivalents,Assets > Current Assets > Cash & Cash Equivalents,,7000.00,Expense Voucher: EV-CR-20251206-3923 - Pankaj
08/12/2025,Payment,AUTO-20260307-0014,5300,Operating Expenses,Operating Expenses,Expenses > Operating Expenses,900.00,,Expense Voucher: EV-CR-20251208-7648 - Pankaj
08/12/2025,Payment,AUTO-20260307-0014,1001,Cash-in-Hand,Cash & Cash Equivalents,Assets > Current Assets > Cash & Cash Equivalents,,900.00,Expense Voucher: EV-CR-20251208-7648 - Pankaj
08/12/2025,Payment,AUTO-20260307-0015,5300,Operating Expenses,Operating Expenses,Expenses > Operating Expenses,700.00,,Expense Voucher: EV-CR-20251208-5961 - Vamsi
08/12/2025,Payment,AUTO-20260307-0015,1001,Cash-in-Hand,Cash & Cash Equivalents,Assets > Current Assets > Cash & Cash Equivalents,,700.00,Expense Voucher: EV-CR-20251208-5961 - Vamsi
08/12/2025,Payment,AUTO-20260307-0016,5300,Operating Expenses,Operating Expenses,Expenses > Operating Expenses,450.00,,Expense Voucher: EV-CR-20251208-8508 - Naveen
08/12/2025,Payment,AUTO-20260307-0016,1001,Cash-in-Hand,Cash & Cash Equivalents,Assets > Current Assets > Cash & Cash Equivalents,,450.00,Expense Voucher: EV-CR-20251208-8508 - Naveen
08/12/2025,Payment,AUTO-20260307-0017,5300,Operating Expenses,Operating Expenses,Expenses > Operating Expenses,3000.00,,Expense Voucher: EV-CR-20251208-4224 - Patrudu
08/12/2025,Payment,AUTO-20260307-0017,1001,Cash-in-Hand,Cash & Cash Equivalents,Assets > Current Assets > Cash & Cash Equivalents,,3000.00,Expense Voucher: EV-CR-20251208-4224 - Patrudu
08/12/2025,Payment,AUTO-20260307-0018,5300,Operating Expenses,Operating Expenses,Expenses > Operating Expenses,3000.00,,Expense Voucher: EV-CR-20251208-1018 - Santhosh
08/12/2025,Payment,AUTO-20260307-0018,1001,Cash-in-Hand,Cash & Cash Equivalents,Assets > Current Assets > Cash & Cash Equivalents,,3000.00,Expense Voucher: EV-CR-20251208-1018 - Santhosh
08/12/2025,Payment,AUTO-20260307-0019,5300,Operating Expenses,Operating Expenses,Expenses > Operating Expenses,3000.00,,Expense Voucher: EV-CR-20251208-5168 - Ramesh
08/12/2025,Payment,AUTO-20260307-0019,1001,Cash-in-Hand,Cash & Cash Equivalents,Assets > Current Assets > Cash & Cash Equivalents,,3000.00,Expense Voucher: EV-CR-20251208-5168 - Ramesh
08/12/2025,Payment,AUTO-20260307-0020,5300,Operating Expenses,Operating Expenses,Expenses > Operating Expenses,200.00,,Expense Voucher: EV-CR-20251208-9532 - Ramesh
08/12/2025,Payment,AUTO-20260307-0020,1001,Cash-in-Hand,Cash & Cash Equivalents,Assets > Current Assets > Cash & Cash Equivalents,,200.00,Expense Voucher: EV-CR-20251208-9532 - Ramesh
09/12/2025,Payment,AUTO-20260307-0022,5300,Operating Expenses,Operating Expenses,Expenses > Operating Expenses,700.00,,Expense Voucher: EV-CR-20251209-4848 - Vamsi
09/12/2025,Payment,AUTO-20260307-0022,1001,Cash-in-Hand,Cash & Cash Equivalents,Assets > Current Assets > Cash & Cash Equivalents,,700.00,Expense Voucher: EV-CR-20251209-4848 - Vamsi
09/12/2025,Payment,AUTO-20260307-0023,5300,Operating Expenses,Operating Expenses,Expenses > Operating Expenses,5450.00,,Expense Voucher: EV-CR-20251209-1548 - Hari
09/12/2025,Payment,AUTO-20260307-0023,1001,Cash-in-Hand,Cash & Cash Equivalents,Assets > Current Assets > Cash & Cash Equivalents,,5450.00,Expense Voucher: EV-CR-20251209-1548 - Hari
10/12/2025,Payment,AUTO-20260307-0025,5300,Operating Expenses,Operating Expenses,Expenses > Operating Expenses,740.00,,Expense Voucher: EV-CR-20251210-0043 - Best Hardware mart
10/12/2025,Payment,AUTO-20260307-0025,1001,Cash-in-Hand,Cash & Cash Equivalents,Assets > Current Assets > Cash & Cash Equivalents,,740.00,Expense Voucher: EV-CR-20251210-0043 - Best Hardware mart
10/12/2025,Payment,AUTO-20260307-0026,5300,Operating Expenses,Operating Expenses,Expenses > Operating Expenses,2124.00,,Expense Voucher: EV-CR-20251210-3457 - Shyam
10/12/2025,Payment,AUTO-20260307-0026,1001,Cash-in-Hand,Cash & Cash Equivalents,Assets > Current Assets > Cash & Cash Equivalents,,2124.00,Expense Voucher: EV-CR-20251210-3457 - Shyam
10/12/2025,Payment,AUTO-20260307-0027,5300,Operating Expenses,Operating Expenses,Expenses > Operating Expenses,2217.00,,Expense Voucher: EV-CR-20251210-2105 - Shumbu
10/12/2025,Payment,AUTO-20260307-0027,1001,Cash-in-Hand,Cash & Cash Equivalents,Assets > Current Assets > Cash & Cash Equivalents,,2217.00,Expense Voucher: EV-CR-20251210-2105 - Shumbu
10/12/2025,Payment,AUTO-20260307-0028,5300,Operating Expenses,Operating Expenses,Expenses > Operating Expenses,250.00,,Expense Voucher: EV-CR-20251210-2038 - Shumbu
10/12/2025,Payment,AUTO-20260307-0028,1001,Cash-in-Hand,Cash & Cash Equivalents,Assets > Current Assets > Cash & Cash Equivalents,,250.00,Expense Voucher: EV-CR-20251210-2038 - Shumbu
10/12/2025,Payment,AUTO-20260307-0029,5300,Operating Expenses,Operating Expenses,Expenses > Operating Expenses,7200.00,,Expense Voucher: EV-CR-20251210-3027 - Hari
10/12/2025,Payment,AUTO-20260307-0029,1001,Cash-in-Hand,Cash & Cash Equivalents,Assets > Current Assets > Cash & Cash Equivalents,,7200.00,Expense Voucher: EV-CR-20251210-3027 - Hari
10/12/2025,Payment,AUTO-20260307-0030,5300,Operating Expenses,Operating Expenses,Expenses > Operating Expenses,600.00,,Expense Voucher: EV-CR-20251210-2486 - Bhagya
10/12/2025,Payment,AUTO-20260307-0030,1001,Cash-in-Hand,Cash & Cash Equivalents,Assets > Current Assets > Cash & Cash Equivalents,,600.00,Expense Voucher: EV-CR-20251210-2486 - Bhagya
10/12/2025,Payment,AUTO-20260307-0031,5300,Operating Expenses,Operating Expenses,Expenses > Operating Expenses,500.00,,Expense Voucher: EV-CR-20251210-7604 - Pankaj
10/12/2025,Payment,AUTO-20260307-0031,1001,Cash-in-Hand,Cash & Cash Equivalents,Assets > Current Assets > Cash & Cash Equivalents,,500.00,Expense Voucher: EV-CR-20251210-7604 - Pankaj
10/12/2025,Payment,AUTO-20260307-0032,5300,Operating Expenses,Operating Expenses,Expenses > Operating Expenses,700.00,,Expense Voucher: EV-CR-20251210-6745 - vamsi
10/12/2025,Payment,AUTO-20260307-0032,1001,Cash-in-Hand,Cash & Cash Equivalents,Assets > Current Assets > Cash & Cash Equivalents,,700.00,Expense Voucher: EV-CR-20251210-6745 - vamsi
11/12/2025,Payment,AUTO-20260307-0034,5300,Operating Expenses,Operating Expenses,Expenses > Operating Expenses,3000.00,,Expense Voucher: EV-CR-20251211-9906 - Santhosh
11/12/2025,Payment,AUTO-20260307-0034,1001,Cash-in-Hand,Cash & Cash Equivalents,Assets > Current Assets > Cash & Cash Equivalents,,3000.00,Expense Voucher: EV-CR-20251211-9906 - Santhosh
11/12/2025,Payment,AUTO-20260307-0035,5300,Operating Expenses,Operating Expenses,Expenses > Operating Expenses,3300.00,,Expense Voucher: EV-CR-20251211-9223 - Lakshman
11/12/2025,Payment,AUTO-20260307-0035,1001,Cash-in-Hand,Cash & Cash Equivalents,Assets > Current Assets > Cash & Cash Equivalents,,3300.00,Expense Voucher: EV-CR-20251211-9223 - Lakshman
11/12/2025,Payment,AUTO-20260307-0036,5300,Operating Expenses,Operating Expenses,Expenses > Operating Expenses,3300.00,,Expense Voucher: EV-CR-20251211-1872 - Patrudu
11/12/2025,Payment,AUTO-20260307-0036,1001,Cash-in-Hand,Cash & Cash Equivalents,Assets > Current Assets > Cash & Cash Equivalents,,3300.00,Expense Voucher: EV-CR-20251211-1872 - Patrudu
11/12/2025,Payment,AUTO-20260307-0037,5300,Operating Expenses,Operating Expenses,Expenses > Operating Expenses,700.00,,Expense Voucher: EV-CR-20251211-6104 - Vamsi
11/12/2025,Payment,AUTO-20260307-0037,1001,Cash-in-Hand,Cash & Cash Equivalents,Assets > Current Assets > Cash & Cash Equivalents,,700.00,Expense Voucher: EV-CR-20251211-6104 - Vamsi
11/12/2025,Payment,AUTO-20260307-0038,5300,Operating Expenses,Operating Expenses,Expenses > Operating Expenses,3000.00,,Expense Voucher: EV-CR-20251211-6440 - Ramesh
11/12/2025,Payment,AUTO-20260307-0038,1001,Cash-in-Hand,Cash & Cash Equivalents,Assets > Current Assets > Cash & Cash Equivalents,,3000.00,Expense Voucher: EV-CR-20251211-6440 - Ramesh
11/12/2025,Payment,AUTO-20260307-0039,5300,Operating Expenses,Operating Expenses,Expenses > Operating Expenses,8000.00,,Expense Voucher: EV-CR-20251211-7144 - Hari
11/12/2025,Payment,AUTO-20260307-0039,1001,Cash-in-Hand,Cash & Cash Equivalents,Assets > Current Assets > Cash & Cash Equivalents,,8000.00,Expense Voucher: EV-CR-20251211-7144 - Hari
11/12/2025,Payment,AUTO-20260307-0040,5300,Operating Expenses,Operating Expenses,Expenses > Operating Expenses,2000.00,,Expense Voucher: EV-CR-20251211-0213 - hari
11/12/2025,Payment,AUTO-20260307-0040,1001,Cash-in-Hand,Cash & Cash Equivalents,Assets > Current Assets > Cash & Cash Equivalents,,2000.00,Expense Voucher: EV-CR-20251211-0213 - hari
11/12/2025,Payment,AUTO-20260307-0041,5300,Operating Expenses,Operating Expenses,Expenses > Operating Expenses,500.00,,Expense Voucher: EV-CR-20251211-1159 - Ramesh
11/12/2025,Payment,AUTO-20260307-0041,1001,Cash-in-Hand,Cash & Cash Equivalents,Assets > Current Assets > Cash & Cash Equivalents,,500.00,Expense Voucher: EV-CR-20251211-1159 - Ramesh
12/12/2025,Payment,AUTO-20260307-0043,5300,Operating Expenses,Operating Expenses,Expenses > Operating Expenses,200.00,,Expense Voucher: EV-CR-20251212-1104 - Naveen
12/12/2025,Payment,AUTO-20260307-0043,1001,Cash-in-Hand,Cash & Cash Equivalents,Assets > Current Assets > Cash & Cash Equivalents,,200.00,Expense Voucher: EV-CR-20251212-1104 - Naveen
12/12/2025,Payment,AUTO-20260307-0044,5300,Operating Expenses,Operating Expenses,Expenses > Operating Expenses,1000.00,,Expense Voucher: EV-CR-20251212-5366 - Chinna
12/12/2025,Payment,AUTO-20260307-0044,1001,Cash-in-Hand,Cash & Cash Equivalents,Assets > Current Assets > Cash & Cash Equivalents,,1000.00,Expense Voucher: EV-CR-20251212-5366 - Chinna
12/12/2025,Payment,AUTO-20260307-0045,5300,Operating Expenses,Operating Expenses,Expenses > Operating Expenses,700.00,,Expense Voucher: EV-CR-20251212-6040 - Vamsi
12/12/2025,Payment,AUTO-20260307-0045,1001,Cash-in-Hand,Cash & Cash Equivalents,Assets > Current Assets > Cash & Cash Equivalents,,700.00,Expense Voucher: EV-CR-20251212-6040 - Vamsi
12/12/2025,Payment,AUTO-20260307-0046,5300,Operating Expenses,Operating Expenses,Expenses > Operating Expenses,3000.00,,Expense Voucher: EV-CR-20251212-3505 - Shumbu
12/12/2025,Payment,AUTO-20260307-0046,1001,Cash-in-Hand,Cash & Cash Equivalents,Assets > Current Assets > Cash & Cash Equivalents,,3000.00,Expense Voucher: EV-CR-20251212-3505 - Shumbu
12/12/2025,Payment,AUTO-20260307-0047,5300,Operating Expenses,Operating Expenses,Expenses > Operating Expenses,300.00,,Expense Voucher: EV-CR-20251212-1163 - Naveen
12/12/2025,Payment,AUTO-20260307-0047,1001,Cash-in-Hand,Cash & Cash Equivalents,Assets > Current Assets > Cash & Cash Equivalents,,300.00,Expense Voucher: EV-CR-20251212-1163 - Naveen
12/12/2025,Payment,AUTO-20260307-0048,5300,Operating Expenses,Operating Expenses,Expenses > Operating Expenses,530.00,,Expense Voucher: EV-CR-20251212-4326 - Ankith
12/12/2025,Payment,AUTO-20260307-0048,1001,Cash-in-Hand,Cash & Cash Equivalents,Assets > Current Assets > Cash & Cash Equivalents,,530.00,Expense Voucher: EV-CR-20251212-4326 - Ankith
13/12/2025,Payment,AUTO-20260307-0050,5300,Operating Expenses,Operating Expenses,Expenses > Operating Expenses,1900.00,,Expense Voucher: EV-CR-20251213-5105 - Naveen
13/12/2025,Payment,AUTO-20260307-0050,1001,Cash-in-Hand,Cash & Cash Equivalents,Assets > Current Assets > Cash & Cash Equivalents,,1900.00,Expense Voucher: EV-CR-20251213-5105 - Naveen
13/12/2025,Payment,AUTO-20260307-0051,5300,Operating Expenses,Operating Expenses,Expenses > Operating Expenses,160.00,,Expense Voucher: EV-CR-20251213-6039 - Anikith
13/12/2025,Payment,AUTO-20260307-0051,1001,Cash-in-Hand,Cash & Cash Equivalents,Assets > Current Assets > Cash & Cash Equivalents,,160.00,Expense Voucher: EV-CR-20251213-6039 - Anikith
13/12/2025,Payment,AUTO-20260309-0003,5300,Operating Expenses,Operating Expenses,Expenses > Operating Expenses,100.00,,Expense Voucher: EV-CR-20251213-3891 - Krishna
13/12/2025,Payment,AUTO-20260309-0003,1001,Cash-in-Hand,Cash & Cash Equivalents,Assets > Current Assets > Cash & Cash Equivalents,,100.00,Expense Voucher: EV-CR-20251213-3891 - Krishna
13/12/2025,Payment,AUTO-20260309-0004,5300,Operating Expenses,Operating Expenses,Expenses > Operating Expenses,400.00,,Expense Voucher: EV-CR-20251213-3672 - Anikith
13/12/2025,Payment,AUTO-20260309-0004,1001,Cash-in-Hand,Cash & Cash Equivalents,Assets > Current Assets > Cash & Cash Equivalents,,400.00,Expense Voucher: EV-CR-20251213-3672 - Anikith
13/12/2025,Payment,AUTO-20260309-0005,5300,Operating Expenses,Operating Expenses,Expenses > Operating Expenses,310.00,,Expense Voucher: EV-CR-20251213-7271 - Pankaj
13/12/2025,Payment,AUTO-20260309-0005,1001,Cash-in-Hand,Cash & Cash Equivalents,Assets > Current Assets > Cash & Cash Equivalents,,310.00,Expense Voucher: EV-CR-20251213-7271 - Pankaj
13/12/2025,Payment,AUTO-20260309-0006,5300,Operating Expenses,Operating Expenses,Expenses > Operating Expenses,1080.00,,Expense Voucher: EV-CR-20251213-1285 - Rambabu
13/12/2025,Payment,AUTO-20260309-0006,1001,Cash-in-Hand,Cash & Cash Equivalents,Assets > Current Assets > Cash & Cash Equivalents,,1080.00,Expense Voucher: EV-CR-20251213-1285 - Rambabu
14/12/2025,Payment,AUTO-20260309-0007,5300,Operating Expenses,Operating Expenses,Expenses > Operating Expenses,200.00,,Expense Voucher: EV-CR-20251214-9286 - Anikith
14/12/2025,Payment,AUTO-20260309-0007,1001,Cash-in-Hand,Cash & Cash Equivalents,Assets > Current Assets > Cash & Cash Equivalents,,200.00,Expense Voucher: EV-CR-20251214-9286 - Anikith
14/12/2025,Payment,AUTO-20260309-0008,5300,Operating Expenses,Operating Expenses,Expenses > Operating Expenses,350.00,,Expense Voucher: EV-CR-20251214-8290 - Anikith
14/12/2025,Payment,AUTO-20260309-0008,1001,Cash-in-Hand,Cash & Cash Equivalents,Assets > Current Assets > Cash & Cash Equivalents,,350.00,Expense Voucher: EV-CR-20251214-8290 - Anikith
14/12/2025,Payment,AUTO-20260309-0009,5300,Operating Expenses,Operating Expenses,Expenses > Operating Expenses,1600.00,,Expense Voucher: EV-CR-20251214-1567 - Shyam
14/12/2025,Payment,AUTO-20260309-0009,1001,Cash-in-Hand,Cash & Cash Equivalents,Assets > Current Assets > Cash & Cash Equivalents,,1600.00,Expense Voucher: EV-CR-20251214-1567 - Shyam
14/12/2025,Payment,AUTO-20260309-0010,5300,Operating Expenses,Operating Expenses,Expenses > Operating Expenses,800.00,,Expense Voucher: EV-CR-20251214-7027 - Shyam
14/12/2025,Payment,AUTO-20260309-0010,1001,Cash-in-Hand,Cash & Cash Equivalents,Assets > Current Assets > Cash & Cash Equivalents,,800.00,Expense Voucher: EV-CR-20251214-7027 - Shyam
15/12/2025,Payment,AUTO-20260309-0012,5300,Operating Expenses,Operating Expenses,Expenses > Operating Expenses,990.00,,Expense Voucher: EV-CR-20251215-2114 - Anikith
15/12/2025,Payment,AUTO-20260309-0012,1001,Cash-in-Hand,Cash & Cash Equivalents,Assets > Current Assets > Cash & Cash Equivalents,,990.00,Expense Voucher: EV-CR-20251215-2114 - Anikith
15/12/2025,Payment,AUTO-20260309-0013,5300,Operating Expenses,Operating Expenses,Expenses > Operating Expenses,470.00,,Expense Voucher: EV-CR-20251215-1026 - Naveen
15/12/2025,Payment,AUTO-20260309-0013,1001,Cash-in-Hand,Cash & Cash Equivalents,Assets > Current Assets > Cash & Cash Equivalents,,470.00,Expense Voucher: EV-CR-20251215-1026 - Naveen
15/12/2025,Payment,AUTO-20260309-0014,5300,Operating Expenses,Operating Expenses,Expenses > Operating Expenses,180.00,,Expense Voucher: EV-CR-20251215-5275 - Vasmsi
15/12/2025,Payment,AUTO-20260309-0014,1001,Cash-in-Hand,Cash & Cash Equivalents,Assets > Current Assets > Cash & Cash Equivalents,,180.00,Expense Voucher: EV-CR-20251215-5275 - Vasmsi
16/12/2025,Payment,AUTO-20260309-0016,5300,Operating Expenses,Operating Expenses,Expenses > Operating Expenses,3000.00,,Expense Voucher: EV-CR-20251216-9274 - Ramesh
16/12/2025,Payment,AUTO-20260309-0016,1001,Cash-in-Hand,Cash & Cash Equivalents,Assets > Current Assets > Cash & Cash Equivalents,,3000.00,Expense Voucher: EV-CR-20251216-9274 - Ramesh
16/12/2025,Payment,AUTO-20260309-0017,5300,Operating Expenses,Operating Expenses,Expenses > Operating Expenses,600.00,,Expense Voucher: EV-CR-20251216-4921 - Pankaj
16/12/2025,Payment,AUTO-20260309-0017,1001,Cash-in-Hand,Cash & Cash Equivalents,Assets > Current Assets > Cash & Cash Equivalents,,600.00,Expense Voucher: EV-CR-20251216-4921 - Pankaj
16/12/2025,Payment,AUTO-20260309-0018,5300,Operating Expenses,Operating Expenses,Expenses > Operating Expenses,650.00,,Expense Voucher: EV-CR-20251216-2185 - Anikith
16/12/2025,Payment,AUTO-20260309-0018,1001,Cash-in-Hand,Cash & Cash Equivalents,Assets > Current Assets > Cash & Cash Equivalents,,650.00,Expense Voucher: EV-CR-20251216-2185 - Anikith
16/12/2025,Payment,AUTO-20260309-0019,5300,Operating Expenses,Operating Expenses,Expenses > Operating Expenses,100.00,,Expense Voucher: EV-CR-20251216-7725 - Krishna
16/12/2025,Payment,AUTO-20260309-0019,1001,Cash-in-Hand,Cash & Cash Equivalents,Assets > Current Assets > Cash & Cash Equivalents,,100.00,Expense Voucher: EV-CR-20251216-7725 - Krishna
16/12/2025,Payment,AUTO-20260309-0020,5300,Operating Expenses,Operating Expenses,Expenses > Operating Expenses,1250.00,,Expense Voucher: EV-CR-20251216-3104 - Shyam
16/12/2025,Payment,AUTO-20260309-0020,1001,Cash-in-Hand,Cash & Cash Equivalents,Assets > Current Assets > Cash & Cash Equivalents,,1250.00,Expense Voucher: EV-CR-20251216-3104 - Shyam
16/12/2025,Payment,AUTO-20260309-0021,5300,Operating Expenses,Operating Expenses,Expenses > Operating Expenses,3000.00,,Expense Voucher: EV-CR-20251216-1326 - Santhosh
16/12/2025,Payment,AUTO-20260309-0021,1001,Cash-in-Hand,Cash & Cash Equivalents,Assets > Current Assets > Cash & Cash Equivalents,,3000.00,Expense Voucher: EV-CR-20251216-1326 - Santhosh
16/12/2025,Payment,AUTO-20260309-0022,5300,Operating Expenses,Operating Expenses,Expenses > Operating Expenses,3000.00,,Expense Voucher: EV-CR-20251216-6499 - Lakshman
16/12/2025,Payment,AUTO-20260309-0022,1001,Cash-in-Hand,Cash & Cash Equivalents,Assets > Current Assets > Cash & Cash Equivalents,,3000.00,Expense Voucher: EV-CR-20251216-6499 - Lakshman
16/12/2025,Payment,AUTO-20260309-0023,5300,Operating Expenses,Operating Expenses,Expenses > Operating Expenses,3000.00,,Expense Voucher: EV-CR-20251216-4149 - Chinna
16/12/2025,Payment,AUTO-20260309-0023,1001,Cash-in-Hand,Cash & Cash Equivalents,Assets > Current Assets > Cash & Cash Equivalents,,3000.00,Expense Voucher: EV-CR-20251216-4149 - Chinna
17/12/2025,Payment,AUTO-20260309-0026,5300,Operating Expenses,Operating Expenses,Expenses > Operating Expenses,10000.00,,Expense Voucher: EV-CR-20251217-4646 - BIS charges
17/12/2025,Payment,AUTO-20260309-0026,1001,Cash-in-Hand,Cash & Cash Equivalents,Assets > Current Assets > Cash & Cash Equivalents,,10000.00,Expense Voucher: EV-CR-20251217-4646 - BIS charges
17/12/2025,Payment,AUTO-20260311-0002,5300,Operating Expenses,Operating Expenses,Expenses > Operating Expenses,2800.00,,Expense Voucher: EV-CR-20251217-2679 - Anikith
17/12/2025,Payment,AUTO-20260311-0002,1001,Cash-in-Hand,Cash & Cash Equivalents,Assets > Current Assets > Cash & Cash Equivalents,,2800.00,Expense Voucher: EV-CR-20251217-2679 - Anikith
17/12/2025,Payment,AUTO-20260311-0003,5300,Operating Expenses,Operating Expenses,Expenses > Operating Expenses,761.00,,Expense Voucher: EV-CR-20251217-4306 - Anikith
17/12/2025,Payment,AUTO-20260311-0003,1001,Cash-in-Hand,Cash & Cash Equivalents,Assets > Current Assets > Cash & Cash Equivalents,,761.00,Expense Voucher: EV-CR-20251217-4306 - Anikith
17/12/2025,Payment,AUTO-20260311-0004,5300,Operating Expenses,Operating Expenses,Expenses > Operating Expenses,250.00,,Expense Voucher: EV-CR-20251217-7848 - Anikith
17/12/2025,Payment,AUTO-20260311-0004,1001,Cash-in-Hand,Cash & Cash Equivalents,Assets > Current Assets > Cash & Cash Equivalents,,250.00,Expense Voucher: EV-CR-20251217-7848 - Anikith
17/12/2025,Payment,AUTO-20260311-0005,5300,Operating Expenses,Operating Expenses,Expenses > Operating Expenses,300.00,,Expense Voucher: EV-CR-20251217-1186 - anikith
17/12/2025,Payment,AUTO-20260311-0005,1001,Cash-in-Hand,Cash & Cash Equivalents,Assets > Current Assets > Cash & Cash Equivalents,,300.00,Expense Voucher: EV-CR-20251217-1186 - anikith
17/12/2025,Payment,AUTO-20260311-0006,5300,Operating Expenses,Operating Expenses,Expenses > Operating Expenses,2000.00,,Expense Voucher: EV-CR-20251217-0940 - Anikith
17/12/2025,Payment,AUTO-20260311-0006,1001,Cash-in-Hand,Cash & Cash Equivalents,Assets > Current Assets > Cash & Cash Equivalents,,2000.00,Expense Voucher: EV-CR-20251217-0940 - Anikith
17/12/2025,Payment,AUTO-20260311-0007,5300,Operating Expenses,Operating Expenses,Expenses > Operating Expenses,700.00,,Expense Voucher: EV-CR-20251217-4401 - vamsi
17/12/2025,Payment,AUTO-20260311-0007,1001,Cash-in-Hand,Cash & Cash Equivalents,Assets > Current Assets > Cash & Cash Equivalents,,700.00,Expense Voucher: EV-CR-20251217-4401 - vamsi
17/12/2025,Payment,AUTO-20260311-0008,5300,Operating Expenses,Operating Expenses,Expenses > Operating Expenses,610.00,,Expense Voucher: EV-CR-20251217-5565 - Pankaj
17/12/2025,Payment,AUTO-20260311-0008,1001,Cash-in-Hand,Cash & Cash Equivalents,Assets > Current Assets > Cash & Cash Equivalents,,610.00,Expense Voucher: EV-CR-20251217-5565 - Pankaj
17/12/2025,Payment,AUTO-20260311-0009,5300,Operating Expenses,Operating Expenses,Expenses > Operating Expenses,5000.00,,Expense Voucher: EV-CR-20251217-0285 - SNK Grands
17/12/2025,Payment,AUTO-20260311-0009,1001,Cash-in-Hand,Cash & Cash Equivalents,Assets > Current Assets > Cash & Cash Equivalents,,5000.00,Expense Voucher: EV-CR-20251217-0285 - SNK Grands
18/12/2025,Payment,AUTO-20260311-0011,5300,Operating Expenses,Operating Expenses,Expenses > Operating Expenses,3000.00,,Expense Voucher: EV-CR-20251218-7660 - Patrudu
18/12/2025,Payment,AUTO-20260311-0011,1001,Cash-in-Hand,Cash & Cash Equivalents,Assets > Current Assets > Cash & Cash Equivalents,,3000.00,Expense Voucher: EV-CR-20251218-7660 - Patrudu
18/12/2025,Payment,AUTO-20260311-0012,5300,Operating Expenses,Operating Expenses,Expenses > Operating Expenses,350.00,,Expense Voucher: EV-CR-20251218-1984 - Vamsi
18/12/2025,Payment,AUTO-20260311-0012,1001,Cash-in-Hand,Cash & Cash Equivalents,Assets > Current Assets > Cash & Cash Equivalents,,350.00,Expense Voucher: EV-CR-20251218-1984 - Vamsi
18/12/2025,Payment,AUTO-20260311-0013,5300,Operating Expenses,Operating Expenses,Expenses > Operating Expenses,13500.00,,Expense Voucher: EV-CR-20251218-2469 - Dankush yadav
18/12/2025,Payment,AUTO-20260311-0013,1001,Cash-in-Hand,Cash & Cash Equivalents,Assets > Current Assets > Cash & Cash Equivalents,,13500.00,Expense Voucher: EV-CR-20251218-2469 - Dankush yadav
19/12/2025,Payment,AUTO-20260311-0015,5300,Operating Expenses,Operating Expenses,Expenses > Operating Expenses,500.00,,Expense Voucher: EV-CR-20251219-4558 - Hari
19/12/2025,Payment,AUTO-20260311-0015,1001,Cash-in-Hand,Cash & Cash Equivalents,Assets > Current Assets > Cash & Cash Equivalents,,500.00,Expense Voucher: EV-CR-20251219-4558 - Hari
19/12/2025,Payment,AUTO-20260311-0016,5300,Operating Expenses,Operating Expenses,Expenses > Operating Expenses,700.00,,Expense Voucher: EV-CR-20251219-4727 - Vamsi
19/12/2025,Payment,AUTO-20260311-0016,1001,Cash-in-Hand,Cash & Cash Equivalents,Assets > Current Assets > Cash & Cash Equivalents,,700.00,Expense Voucher: EV-CR-20251219-4727 - Vamsi
19/12/2025,Payment,AUTO-20260311-0017,5300,Operating Expenses,Operating Expenses,Expenses > Operating Expenses,100.00,,Expense Voucher: EV-CR-20251219-4916 - Krishna
19/12/2025,Payment,AUTO-20260311-0017,1001,Cash-in-Hand,Cash & Cash Equivalents,Assets > Current Assets > Cash & Cash Equivalents,,100.00,Expense Voucher: EV-CR-20251219-4916 - Krishna
19/12/2025,Payment,AUTO-20260311-0018,5300,Operating Expenses,Operating Expenses,Expenses > Operating Expenses,3000.00,,Expense Voucher: EV-CR-20251219-1504 - Chinna
19/12/2025,Payment,AUTO-20260311-0018,1001,Cash-in-Hand,Cash & Cash Equivalents,Assets > Current Assets > Cash & Cash Equivalents,,3000.00,Expense Voucher: EV-CR-20251219-1504 - Chinna
19/12/2025,Payment,AUTO-20260311-0019,5300,Operating Expenses,Operating Expenses,Expenses > Operating Expenses,1232.00,,Expense Voucher: EV-CR-20251219-1747 - Naveen
19/12/2025,Payment,AUTO-20260311-0019,1001,Cash-in-Hand,Cash & Cash Equivalents,Assets > Current Assets > Cash & Cash Equivalents,,1232.00,Expense Voucher: EV-CR-20251219-1747 - Naveen
19/12/2025,Payment,AUTO-20260311-0020,5300,Operating Expenses,Operating Expenses,Expenses > Operating Expenses,500.00,,Expense Voucher: EV-CR-20251219-8146 - Shumbu
19/12/2025,Payment,AUTO-20260311-0020,1001,Cash-in-Hand,Cash & Cash Equivalents,Assets > Current Assets > Cash & Cash Equivalents,,500.00,Expense Voucher: EV-CR-20251219-8146 - Shumbu
19/12/2025,Payment,AUTO-20260318-0001,5300,Operating Expenses,Operating Expenses,Expenses > Operating Expenses,13000.00,,Expense Voucher: EV-CR-20251219-8948 - Shyam
19/12/2025,Payment,AUTO-20260318-0001,1001,Cash-in-Hand,Cash & Cash Equivalents,Assets > Current Assets > Cash & Cash Equivalents,,13000.00,Expense Voucher: EV-CR-20251219-8948 - Shyam
20/12/2025,Payment,AUTO-20260318-0003,5300,Operating Expenses,Operating Expenses,Expenses > Operating Expenses,12000.00,,Expense Voucher: EV-CR-20251220-0004 - Hari
20/12/2025,Payment,AUTO-20260318-0003,1001,Cash-in-Hand,Cash & Cash Equivalents,Assets > Current Assets > Cash & Cash Equivalents,,12000.00,Expense Voucher: EV-CR-20251220-0004 - Hari
20/12/2025,Payment,AUTO-20260318-0004,5300,Operating Expenses,Operating Expenses,Expenses > Operating Expenses,2000.00,,Expense Voucher: EV-CR-20251220-4585 - Hari
20/12/2025,Payment,AUTO-20260318-0004,1001,Cash-in-Hand,Cash & Cash Equivalents,Assets > Current Assets > Cash & Cash Equivalents,,2000.00,Expense Voucher: EV-CR-20251220-4585 - Hari
20/12/2025,Payment,AUTO-20260318-0005,5300,Operating Expenses,Operating Expenses,Expenses > Operating Expenses,3000.00,,Expense Voucher: EV-CR-20251220-4344 - Ramesh
20/12/2025,Payment,AUTO-20260318-0005,1001,Cash-in-Hand,Cash & Cash Equivalents,Assets > Current Assets > Cash & Cash Equivalents,,3000.00,Expense Voucher: EV-CR-20251220-4344 - Ramesh
20/12/2025,Payment,AUTO-20260318-0006,5300,Operating Expenses,Operating Expenses,Expenses > Operating Expenses,1140.00,,Expense Voucher: EV-CR-20251220-2705 - Rambabu
20/12/2025,Payment,AUTO-20260318-0006,1001,Cash-in-Hand,Cash & Cash Equivalents,Assets > Current Assets > Cash & Cash Equivalents,,1140.00,Expense Voucher: EV-CR-20251220-2705 - Rambabu
20/12/2025,Payment,AUTO-20260318-0007,5300,Operating Expenses,Operating Expenses,Expenses > Operating Expenses,700.00,,Expense Voucher: EV-CR-20251220-6084 - Vamsi
20/12/2025,Payment,AUTO-20260318-0007,1001,Cash-in-Hand,Cash & Cash Equivalents,Assets > Current Assets > Cash & Cash Equivalents,,700.00,Expense Voucher: EV-CR-20251220-6084 - Vamsi
21/12/2025,Payment,AUTO-20260318-0008,5300,Operating Expenses,Operating Expenses,Expenses > Operating Expenses,600.00,,Expense Voucher: EV-CR-20251221-2184 - Ramesh
21/12/2025,Payment,AUTO-20260318-0008,1001,Cash-in-Hand,Cash & Cash Equivalents,Assets > Current Assets > Cash & Cash Equivalents,,600.00,Expense Voucher: EV-CR-20251221-2184 - Ramesh
21/12/2025,Payment,AUTO-20260318-0009,5300,Operating Expenses,Operating Expenses,Expenses > Operating Expenses,300.00,,Expense Voucher: EV-CR-20251221-7126 - Naveen
21/12/2025,Payment,AUTO-20260318-0009,1001,Cash-in-Hand,Cash & Cash Equivalents,Assets > Current Assets > Cash & Cash Equivalents,,300.00,Expense Voucher: EV-CR-20251221-7126 - Naveen
21/12/2025,Payment,AUTO-20260318-0010,5300,Operating Expenses,Operating Expenses,Expenses > Operating Expenses,1400.00,,Expense Voucher: EV-CR-20251221-6565 - Nani babu
21/12/2025,Payment,AUTO-20260318-0010,1001,Cash-in-Hand,Cash & Cash Equivalents,Assets > Current Assets > Cash & Cash Equivalents,,1400.00,Expense Voucher: EV-CR-20251221-6565 - Nani babu
21/12/2025,Payment,AUTO-20260318-0011,5300,Operating Expenses,Operating Expenses,Expenses > Operating Expenses,5000.00,,Expense Voucher: EV-CR-20251221-5166 - Pankaj
21/12/2025,Payment,AUTO-20260318-0011,1001,Cash-in-Hand,Cash & Cash Equivalents,Assets > Current Assets > Cash & Cash Equivalents,,5000.00,Expense Voucher: EV-CR-20251221-5166 - Pankaj
21/12/2025,Payment,AUTO-20260318-0012,5300,Operating Expenses,Operating Expenses,Expenses > Operating Expenses,7000.00,,Expense Voucher: EV-CR-20251221-2360 - Kranthi
21/12/2025,Payment,AUTO-20260318-0012,1001,Cash-in-Hand,Cash & Cash Equivalents,Assets > Current Assets > Cash & Cash Equivalents,,7000.00,Expense Voucher: EV-CR-20251221-2360 - Kranthi
21/12/2025,Payment,AUTO-20260318-0013,5300,Operating Expenses,Operating Expenses,Expenses > Operating Expenses,450.00,,Expense Voucher: EV-CR-20251221-8587 - Vamsi
21/12/2025,Payment,AUTO-20260318-0013,1001,Cash-in-Hand,Cash & Cash Equivalents,Assets > Current Assets > Cash & Cash Equivalents,,450.00,Expense Voucher: EV-CR-20251221-8587 - Vamsi
22/12/2025,Payment,AUTO-20260318-0015,5300,Operating Expenses,Operating Expenses,Expenses > Operating Expenses,2300.00,,Expense Voucher: EV-CR-20251222-3525 - Krishna
22/12/2025,Payment,AUTO-20260318-0015,1001,Cash-in-Hand,Cash & Cash Equivalents,Assets > Current Assets > Cash & Cash Equivalents,,2300.00,Expense Voucher: EV-CR-20251222-3525 - Krishna
22/12/2025,Payment,AUTO-20260318-0016,5300,Operating Expenses,Operating Expenses,Expenses > Operating Expenses,1500.00,,Expense Voucher: EV-CR-20251222-0849 - Kranthi
22/12/2025,Payment,AUTO-20260318-0016,1001,Cash-in-Hand,Cash & Cash Equivalents,Assets > Current Assets > Cash & Cash Equivalents,,1500.00,Expense Voucher: EV-CR-20251222-0849 - Kranthi
22/12/2025,Payment,AUTO-20260318-0017,5300,Operating Expenses,Operating Expenses,Expenses > Operating Expenses,3000.00,,Expense Voucher: EV-CR-20251222-6911 - Lakshman
22/12/2025,Payment,AUTO-20260318-0017,1001,Cash-in-Hand,Cash & Cash Equivalents,Assets > Current Assets > Cash & Cash Equivalents,,3000.00,Expense Voucher: EV-CR-20251222-6911 - Lakshman
22/12/2025,Payment,AUTO-20260318-0018,5300,Operating Expenses,Operating Expenses,Expenses > Operating Expenses,3000.00,,Expense Voucher: EV-CR-20251222-6775 - Santhosh
22/12/2025,Payment,AUTO-20260318-0018,1001,Cash-in-Hand,Cash & Cash Equivalents,Assets > Current Assets > Cash & Cash Equivalents,,3000.00,Expense Voucher: EV-CR-20251222-6775 - Santhosh
22/12/2025,Payment,AUTO-20260318-0019,5300,Operating Expenses,Operating Expenses,Expenses > Operating Expenses,800.00,,Expense Voucher: EV-CR-20251222-4904 - Vamsi
22/12/2025,Payment,AUTO-20260318-0019,1001,Cash-in-Hand,Cash & Cash Equivalents,Assets > Current Assets > Cash & Cash Equivalents,,800.00,Expense Voucher: EV-CR-20251222-4904 - Vamsi
22/12/2025,Payment,AUTO-20260318-0020,5300,Operating Expenses,Operating Expenses,Expenses > Operating Expenses,1000.00,,Expense Voucher: EV-CR-20251222-9965 - Kranthi
22/12/2025,Payment,AUTO-20260318-0020,1001,Cash-in-Hand,Cash & Cash Equivalents,Assets > Current Assets > Cash & Cash Equivalents,,1000.00,Expense Voucher: EV-CR-20251222-9965 - Kranthi
22/12/2025,Payment,AUTO-20260318-0021,5300,Operating Expenses,Operating Expenses,Expenses > Operating Expenses,600.00,,Expense Voucher: EV-CR-20251222-6925 - Pankaj
22/12/2025,Payment,AUTO-20260318-0021,1001,Cash-in-Hand,Cash & Cash Equivalents,Assets > Current Assets > Cash & Cash Equivalents,,600.00,Expense Voucher: EV-CR-20251222-6925 - Pankaj
22/12/2025,Payment,AUTO-20260318-0022,5300,Operating Expenses,Operating Expenses,Expenses > Operating Expenses,10800.00,,Expense Voucher: EV-CR-20251222-2485 - Hari
22/12/2025,Payment,AUTO-20260318-0022,1001,Cash-in-Hand,Cash & Cash Equivalents,Assets > Current Assets > Cash & Cash Equivalents,,10800.00,Expense Voucher: EV-CR-20251222-2485 - Hari
22/12/2025,Payment,AUTO-20260318-0023,5300,Operating Expenses,Operating Expenses,Expenses > Operating Expenses,2000.00,,Expense Voucher: EV-CR-20251222-5473 - Hari
22/12/2025,Payment,AUTO-20260318-0023,1001,Cash-in-Hand,Cash & Cash Equivalents,Assets > Current Assets > Cash & Cash Equivalents,,2000.00,Expense Voucher: EV-CR-20251222-5473 - Hari
23/12/2025,Payment,AUTO-20260318-0025,5300,Operating Expenses,Operating Expenses,Expenses > Operating Expenses,700.00,,Expense Voucher: EV-CR-20251223-2035 - Vamsi
23/12/2025,Payment,AUTO-20260318-0025,1001,Cash-in-Hand,Cash & Cash Equivalents,Assets > Current Assets > Cash & Cash Equivalents,,700.00,Expense Voucher: EV-CR-20251223-2035 - Vamsi
23/12/2025,Payment,AUTO-20260318-0026,5300,Operating Expenses,Operating Expenses,Expenses > Operating Expenses,4500.00,,Expense Voucher: EV-CR-20251223-9456 - Hari
23/12/2025,Payment,AUTO-20260318-0026,1001,Cash-in-Hand,Cash & Cash Equivalents,Assets > Current Assets > Cash & Cash Equivalents,,4500.00,Expense Voucher: EV-CR-20251223-9456 - Hari
24/12/2025,Payment,AUTO-20260318-0028,5300,Operating Expenses,Operating Expenses,Expenses > Operating Expenses,3000.00,,Expense Voucher: EV-CR-20251224-3745 - Ramesh
24/12/2025,Payment,AUTO-20260318-0028,1001,Cash-in-Hand,Cash & Cash Equivalents,Assets > Current Assets > Cash & Cash Equivalents,,3000.00,Expense Voucher: EV-CR-20251224-3745 - Ramesh
24/12/2025,Payment,AUTO-20260318-0029,5300,Operating Expenses,Operating Expenses,Expenses > Operating Expenses,3000.00,,Expense Voucher: EV-CR-20251224-2085 - Lakshman
24/12/2025,Payment,AUTO-20260318-0029,1001,Cash-in-Hand,Cash & Cash Equivalents,Assets > Current Assets > Cash & Cash Equivalents,,3000.00,Expense Voucher: EV-CR-20251224-2085 - Lakshman
24/12/2025,Payment,AUTO-20260318-0030,5300,Operating Expenses,Operating Expenses,Expenses > Operating Expenses,3000.00,,Expense Voucher: EV-CR-20251224-8611 - Chinna
24/12/2025,Payment,AUTO-20260318-0030,1001,Cash-in-Hand,Cash & Cash Equivalents,Assets > Current Assets > Cash & Cash Equivalents,,3000.00,Expense Voucher: EV-CR-20251224-8611 - Chinna
24/12/2025,Payment,AUTO-20260318-0031,5300,Operating Expenses,Operating Expenses,Expenses > Operating Expenses,800.00,,Expense Voucher: EV-CR-20251224-5945 - Vamsi
24/12/2025,Payment,AUTO-20260318-0031,1001,Cash-in-Hand,Cash & Cash Equivalents,Assets > Current Assets > Cash & Cash Equivalents,,800.00,Expense Voucher: EV-CR-20251224-5945 - Vamsi
24/12/2025,Payment,AUTO-20260318-0032,5300,Operating Expenses,Operating Expenses,Expenses > Operating Expenses,10000.00,,Expense Voucher: EV-CR-20251224-3765 - Hari
24/12/2025,Payment,AUTO-20260318-0032,1001,Cash-in-Hand,Cash & Cash Equivalents,Assets > Current Assets > Cash & Cash Equivalents,,10000.00,Expense Voucher: EV-CR-20251224-3765 - Hari
24/12/2025,Payment,AUTO-20260318-0033,5300,Operating Expenses,Operating Expenses,Expenses > Operating Expenses,1000.00,,Expense Voucher: EV-CR-20251224-3964 - Hari
24/12/2025,Payment,AUTO-20260318-0033,1001,Cash-in-Hand,Cash & Cash Equivalents,Assets > Current Assets > Cash & Cash Equivalents,,1000.00,Expense Voucher: EV-CR-20251224-3964 - Hari
25/12/2025,Payment,AUTO-20260318-0035,5300,Operating Expenses,Operating Expenses,Expenses > Operating Expenses,3120.00,,Expense Voucher: EV-CR-20251225-2779 - Ramesh
25/12/2025,Payment,AUTO-20260318-0035,1001,Cash-in-Hand,Cash & Cash Equivalents,Assets > Current Assets > Cash & Cash Equivalents,,3120.00,Expense Voucher: EV-CR-20251225-2779 - Ramesh
25/12/2025,Payment,AUTO-20260318-0036,5300,Operating Expenses,Operating Expenses,Expenses > Operating Expenses,6850.00,,Expense Voucher: EV-CR-20251225-7239 - Naveen
25/12/2025,Payment,AUTO-20260318-0036,1001,Cash-in-Hand,Cash & Cash Equivalents,Assets > Current Assets > Cash & Cash Equivalents,,6850.00,Expense Voucher: EV-CR-20251225-7239 - Naveen
25/12/2025,Payment,AUTO-20260318-0037,5300,Operating Expenses,Operating Expenses,Expenses > Operating Expenses,300.00,,Expense Voucher: EV-CR-20251225-1679 - Krishna
25/12/2025,Payment,AUTO-20260318-0037,1001,Cash-in-Hand,Cash & Cash Equivalents,Assets > Current Assets > Cash & Cash Equivalents,,300.00,Expense Voucher: EV-CR-20251225-1679 - Krishna
25/12/2025,Payment,AUTO-20260318-0038,5300,Operating Expenses,Operating Expenses,Expenses > Operating Expenses,9500.00,,Expense Voucher: EV-CR-20251225-0628 - Hari
25/12/2025,Payment,AUTO-20260318-0038,1001,Cash-in-Hand,Cash & Cash Equivalents,Assets > Current Assets > Cash & Cash Equivalents,,9500.00,Expense Voucher: EV-CR-20251225-0628 - Hari
26/12/2025,Payment,AUTO-20260318-0040,5300,Operating Expenses,Operating Expenses,Expenses > Operating Expenses,3000.00,,Expense Voucher: EV-CR-20251226-5739 - Santhosh
26/12/2025,Payment,AUTO-20260318-0040,1001,Cash-in-Hand,Cash & Cash Equivalents,Assets > Current Assets > Cash & Cash Equivalents,,3000.00,Expense Voucher: EV-CR-20251226-5739 - Santhosh
26/12/2025,Payment,AUTO-20260318-0041,5300,Operating Expenses,Operating Expenses,Expenses > Operating Expenses,3000.00,,Expense Voucher: EV-CR-20251226-8018 - Patrudu
26/12/2025,Payment,AUTO-20260318-0041,1001,Cash-in-Hand,Cash & Cash Equivalents,Assets > Current Assets > Cash & Cash Equivalents,,3000.00,Expense Voucher: EV-CR-20251226-8018 - Patrudu
27/12/2025,Payment,AUTO-20260318-0043,5300,Operating Expenses,Operating Expenses,Expenses > Operating Expenses,800.00,,Expense Voucher: EV-CR-20251227-7558 - Ramesh
27/12/2025,Payment,AUTO-20260318-0043,1001,Cash-in-Hand,Cash & Cash Equivalents,Assets > Current Assets > Cash & Cash Equivalents,,800.00,Expense Voucher: EV-CR-20251227-7558 - Ramesh
27/12/2025,Payment,AUTO-20260318-0044,5300,Operating Expenses,Operating Expenses,Expenses > Operating Expenses,3000.00,,Expense Voucher: EV-CR-20251227-9230 - Ramesh
27/12/2025,Payment,AUTO-20260318-0044,1001,Cash-in-Hand,Cash & Cash Equivalents,Assets > Current Assets > Cash & Cash Equivalents,,3000.00,Expense Voucher: EV-CR-20251227-9230 - Ramesh
27/12/2025,Payment,AUTO-20260318-0045,5300,Operating Expenses,Operating Expenses,Expenses > Operating Expenses,1000.00,,Expense Voucher: EV-CR-20251227-5884 - Hari
27/12/2025,Payment,AUTO-20260318-0045,1001,Cash-in-Hand,Cash & Cash Equivalents,Assets > Current Assets > Cash & Cash Equivalents,,1000.00,Expense Voucher: EV-CR-20251227-5884 - Hari
27/12/2025,Payment,AUTO-20260318-0046,5300,Operating Expenses,Operating Expenses,Expenses > Operating Expenses,500.00,,Expense Voucher: EV-CR-20251227-0178 - Pankaj
27/12/2025,Payment,AUTO-20260318-0046,1001,Cash-in-Hand,Cash & Cash Equivalents,Assets > Current Assets > Cash & Cash Equivalents,,500.00,Expense Voucher: EV-CR-20251227-0178 - Pankaj
27/12/2025,Payment,AUTO-20260318-0047,5300,Operating Expenses,Operating Expenses,Expenses > Operating Expenses,700.00,,Expense Voucher: EV-CR-20251227-5063 - Vamsi
27/12/2025,Payment,AUTO-20260318-0047,1001,Cash-in-Hand,Cash & Cash Equivalents,Assets > Current Assets > Cash & Cash Equivalents,,700.00,Expense Voucher: EV-CR-20251227-5063 - Vamsi
27/12/2025,Payment,AUTO-20260318-0048,5300,Operating Expenses,Operating Expenses,Expenses > Operating Expenses,36000.00,,Expense Voucher: EV-CR-20251227-6223 - Shyam
27/12/2025,Payment,AUTO-20260318-0048,1001,Cash-in-Hand,Cash & Cash Equivalents,Assets > Current Assets > Cash & Cash Equivalents,,36000.00,Expense Voucher: EV-CR-20251227-6223 - Shyam
29/12/2025,Payment,AUTO-20260318-0050,5300,Operating Expenses,Operating Expenses,Expenses > Operating Expenses,500.00,,Expense Voucher: EV-CR-20251229-8238 - Pankaj
29/12/2025,Payment,AUTO-20260318-0050,1001,Cash-in-Hand,Cash & Cash Equivalents,Assets > Current Assets > Cash & Cash Equivalents,,500.00,Expense Voucher: EV-CR-20251229-8238 - Pankaj
29/12/2025,Payment,AUTO-20260318-0051,5300,Operating Expenses,Operating Expenses,Expenses > Operating Expenses,1260.00,,Expense Voucher: EV-CR-20251229-8988 - Ramabau
29/12/2025,Payment,AUTO-20260318-0051,1001,Cash-in-Hand,Cash & Cash Equivalents,Assets > Current Assets > Cash & Cash Equivalents,,1260.00,Expense Voucher: EV-CR-20251229-8988 - Ramabau
29/12/2025,Payment,AUTO-20260318-0052,5300,Operating Expenses,Operating Expenses,Expenses > Operating Expenses,700.00,,Expense Voucher: EV-CR-20251229-2879 - Vamsi
29/12/2025,Payment,AUTO-20260318-0052,1001,Cash-in-Hand,Cash & Cash Equivalents,Assets > Current Assets > Cash & Cash Equivalents,,700.00,Expense Voucher: EV-CR-20251229-2879 - Vamsi
29/12/2025,Payment,AUTO-20260318-0053,5300,Operating Expenses,Operating Expenses,Expenses > Operating Expenses,850.00,,Expense Voucher: EV-CR-20251229-6839 - Naveen
29/12/2025,Payment,AUTO-20260318-0053,1001,Cash-in-Hand,Cash & Cash Equivalents,Assets > Current Assets > Cash & Cash Equivalents,,850.00,Expense Voucher: EV-CR-20251229-6839 - Naveen
29/12/2025,Payment,AUTO-20260318-0054,5300,Operating Expenses,Operating Expenses,Expenses > Operating Expenses,490.00,,Expense Voucher: EV-CR-20251229-3789 - Krishna
29/12/2025,Payment,AUTO-20260318-0054,1001,Cash-in-Hand,Cash & Cash Equivalents,Assets > Current Assets > Cash & Cash Equivalents,,490.00,Expense Voucher: EV-CR-20251229-3789 - Krishna
29/12/2025,Payment,AUTO-20260319-0001,5300,Operating Expenses,Operating Expenses,Expenses > Operating Expenses,10000.00,,Expense Voucher: EV-CR-20251229-0654 - Hari
29/12/2025,Payment,AUTO-20260319-0001,1001,Cash-in-Hand,Cash & Cash Equivalents,Assets > Current Assets > Cash & Cash Equivalents,,10000.00,Expense Voucher: EV-CR-20251229-0654 - Hari
29/12/2025,Payment,AUTO-20260319-0002,5300,Operating Expenses,Operating Expenses,Expenses > Operating Expenses,1000.00,,Expense Voucher: EV-CR-20251229-9301 - Hari
29/12/2025,Payment,AUTO-20260319-0002,1001,Cash-in-Hand,Cash & Cash Equivalents,Assets > Current Assets > Cash & Cash Equivalents,,1000.00,Expense Voucher: EV-CR-20251229-9301 - Hari
29/12/2025,Payment,AUTO-20260319-0003,5300,Operating Expenses,Operating Expenses,Expenses > Operating Expenses,250.00,,Expense Voucher: EV-CR-20251229-5941 - Krishna
29/12/2025,Payment,AUTO-20260319-0003,1001,Cash-in-Hand,Cash & Cash Equivalents,Assets > Current Assets > Cash & Cash Equivalents,,250.00,Expense Voucher: EV-CR-20251229-5941 - Krishna
30/12/2025,Payment,AUTO-20260319-0005,5300,Operating Expenses,Operating Expenses,Expenses > Operating Expenses,3000.00,,Expense Voucher: EV-CR-20251230-2023 - Lakshman
30/12/2025,Payment,AUTO-20260319-0005,1001,Cash-in-Hand,Cash & Cash Equivalents,Assets > Current Assets > Cash & Cash Equivalents,,3000.00,Expense Voucher: EV-CR-20251230-2023 - Lakshman
30/12/2025,Payment,AUTO-20260319-0006,5300,Operating Expenses,Operating Expenses,Expenses > Operating Expenses,3000.00,,Expense Voucher: EV-CR-20251230-9840 - Chinna
30/12/2025,Payment,AUTO-20260319-0006,1001,Cash-in-Hand,Cash & Cash Equivalents,Assets > Current Assets > Cash & Cash Equivalents,,3000.00,Expense Voucher: EV-CR-20251230-9840 - Chinna
30/12/2025,Payment,AUTO-20260319-0007,5300,Operating Expenses,Operating Expenses,Expenses > Operating Expenses,800.00,,Expense Voucher: EV-CR-20251230-8231 - Vamsi
30/12/2025,Payment,AUTO-20260319-0007,1001,Cash-in-Hand,Cash & Cash Equivalents,Assets > Current Assets > Cash & Cash Equivalents,,800.00,Expense Voucher: EV-CR-20251230-8231 - Vamsi
31/12/2025,Payment,AUTO-20260319-0009,5300,Operating Expenses,Operating Expenses,Expenses > Operating Expenses,3000.00,,Expense Voucher: EV-CR-20251231-1786 - Santhosh
31/12/2025,Payment,AUTO-20260319-0009,1001,Cash-in-Hand,Cash & Cash Equivalents,Assets > Current Assets > Cash & Cash Equivalents,,3000.00,Expense Voucher: EV-CR-20251231-1786 - Santhosh
31/12/2025,Payment,AUTO-20260319-0010,5300,Operating Expenses,Operating Expenses,Expenses > Operating Expenses,500.00,,Expense Voucher: EV-CR-20251231-3041 - Shyam
31/12/2025,Payment,AUTO-20260319-0010,1001,Cash-in-Hand,Cash & Cash Equivalents,Assets > Current Assets > Cash & Cash Equivalents,,500.00,Expense Voucher: EV-CR-20251231-3041 - Shyam
31/12/2025,Payment,AUTO-20260319-0011,5300,Operating Expenses,Operating Expenses,Expenses > Operating Expenses,3000.00,,Expense Voucher: EV-CR-20251231-5322 - Patrudu
31/12/2025,Payment,AUTO-20260319-0011,1001,Cash-in-Hand,Cash & Cash Equivalents,Assets > Current Assets > Cash & Cash Equivalents,,3000.00,Expense Voucher: EV-CR-20251231-5322 - Patrudu
31/12/2025,Payment,AUTO-20260319-0012,5300,Operating Expenses,Operating Expenses,Expenses > Operating Expenses,700.00,,Expense Voucher: EV-CR-20251231-2580 - vamsi
31/12/2025,Payment,AUTO-20260319-0012,1001,Cash-in-Hand,Cash & Cash Equivalents,Assets > Current Assets > Cash & Cash Equivalents,,700.00,Expense Voucher: EV-CR-20251231-2580 - vamsi
31/12/2025,Payment,AUTO-20260319-0013,5300,Operating Expenses,Operating Expenses,Expenses > Operating Expenses,600.00,,Expense Voucher: EV-CR-20251231-8316 - Krishna
31/12/2025,Payment,AUTO-20260319-0013,1001,Cash-in-Hand,Cash & Cash Equivalents,Assets > Current Assets > Cash & Cash Equivalents,,600.00,Expense Voucher: EV-CR-20251231-8316 - Krishna
31/12/2025,Payment,AUTO-20260319-0014,5300,Operating Expenses,Operating Expenses,Expenses > Operating Expenses,9900.00,,Expense Voucher: EV-CR-20251231-6745 - Hari
31/12/2025,Payment,AUTO-20260319-0014,1001,Cash-in-Hand,Cash & Cash Equivalents,Assets > Current Assets > Cash & Cash Equivalents,,9900.00,Expense Voucher: EV-CR-20251231-6745 - Hari
01/01/2026,Payment,AUTO-20260319-0016,5300,Operating Expenses,Operating Expenses,Expenses > Operating Expenses,650.00,,Expense Voucher: EV-CR-20260101-3902 - Shyam
01/01/2026,Payment,AUTO-20260319-0016,1001,Cash-in-Hand,Cash & Cash Equivalents,Assets > Current Assets > Cash & Cash Equivalents,,650.00,Expense Voucher: EV-CR-20260101-3902 - Shyam
01/01/2026,Payment,AUTO-20260319-0017,5300,Operating Expenses,Operating Expenses,Expenses > Operating Expenses,3000.00,,Expense Voucher: EV-CR-20260101-5500 - Ramesh
01/01/2026,Payment,AUTO-20260319-0017,1001,Cash-in-Hand,Cash & Cash Equivalents,Assets > Current Assets > Cash & Cash Equivalents,,3000.00,Expense Voucher: EV-CR-20260101-5500 - Ramesh
01/01/2026,Payment,AUTO-20260319-0018,5300,Operating Expenses,Operating Expenses,Expenses > Operating Expenses,800.00,,Expense Voucher: EV-CR-20260101-1762 - Vamsi
01/01/2026,Payment,AUTO-20260319-0018,1001,Cash-in-Hand,Cash & Cash Equivalents,Assets > Current Assets > Cash & Cash Equivalents,,800.00,Expense Voucher: EV-CR-20260101-1762 - Vamsi
01/01/2026,Payment,AUTO-20260319-0019,5300,Operating Expenses,Operating Expenses,Expenses > Operating Expenses,180.00,,Expense Voucher: EV-CR-20260101-1800 - Ramesh
01/01/2026,Payment,AUTO-20260319-0019,1001,Cash-in-Hand,Cash & Cash Equivalents,Assets > Current Assets > Cash & Cash Equivalents,,180.00,Expense Voucher: EV-CR-20260101-1800 - Ramesh
01/01/2026,Payment,AUTO-20260319-0020,5300,Operating Expenses,Operating Expenses,Expenses > Operating Expenses,160.00,,Expense Voucher: EV-CR-20260101-2440 - Ramesh
01/01/2026,Payment,AUTO-20260319-0020,1001,Cash-in-Hand,Cash & Cash Equivalents,Assets > Current Assets > Cash & Cash Equivalents,,160.00,Expense Voucher: EV-CR-20260101-2440 - Ramesh
01/01/2026,Payment,AUTO-20260319-0021,5300,Operating Expenses,Operating Expenses,Expenses > Operating Expenses,250.00,,Expense Voucher: EV-CR-20260101-1119 - DTDCA
01/01/2026,Payment,AUTO-20260319-0021,1001,Cash-in-Hand,Cash & Cash Equivalents,Assets > Current Assets > Cash & Cash Equivalents,,250.00,Expense Voucher: EV-CR-20260101-1119 - DTDCA
01/01/2026,Payment,AUTO-20260319-0022,5300,Operating Expenses,Operating Expenses,Expenses > Operating Expenses,500.00,,Expense Voucher: EV-CR-20260101-1759 - Ramesh
01/01/2026,Payment,AUTO-20260319-0022,1001,Cash-in-Hand,Cash & Cash Equivalents,Assets > Current Assets > Cash & Cash Equivalents,,500.00,Expense Voucher: EV-CR-20260101-1759 - Ramesh
01/01/2026,Payment,AUTO-20260319-0023,5300,Operating Expenses,Operating Expenses,Expenses > Operating Expenses,700.00,,Expense Voucher: EV-CR-20260101-6540 - Ramesh
01/01/2026,Payment,AUTO-20260319-0023,1001,Cash-in-Hand,Cash & Cash Equivalents,Assets > Current Assets > Cash & Cash Equivalents,,700.00,Expense Voucher: EV-CR-20260101-6540 - Ramesh
02/01/2026,Payment,AUTO-20260320-0148,5300,Operating Expenses,Operating Expenses,Expenses > Operating Expenses,1700.00,,Expense Voucher: EV-CR-20260102-5159 - Chinna
02/01/2026,Payment,AUTO-20260320-0148,1001,Cash-in-Hand,Cash & Cash Equivalents,Assets > Current Assets > Cash & Cash Equivalents,,1700.00,Expense Voucher: EV-CR-20260102-5159 - Chinna
02/01/2026,Payment,AUTO-20260320-0153,5300,Operating Expenses,Operating Expenses,Expenses > Operating Expenses,200.00,,Expense Voucher: EV-CR-20260102-1602 - Shyam
02/01/2026,Payment,AUTO-20260320-0153,1001,Cash-in-Hand,Cash & Cash Equivalents,Assets > Current Assets > Cash & Cash Equivalents,,200.00,Expense Voucher: EV-CR-20260102-1602 - Shyam
02/01/2026,Payment,AUTO-20260320-0154,5300,Operating Expenses,Operating Expenses,Expenses > Operating Expenses,2000.00,,Expense Voucher: EV-CR-20260102-1700 - Shyam
02/01/2026,Payment,AUTO-20260320-0154,1001,Cash-in-Hand,Cash & Cash Equivalents,Assets > Current Assets > Cash & Cash Equivalents,,2000.00,Expense Voucher: EV-CR-20260102-1700 - Shyam
02/01/2026,Payment,AUTO-20260320-0155,5300,Operating Expenses,Operating Expenses,Expenses > Operating Expenses,2000.00,,Expense Voucher: EV-CR-20260102-8716 - Sumit eletricals
02/01/2026,Payment,AUTO-20260320-0155,1001,Cash-in-Hand,Cash & Cash Equivalents,Assets > Current Assets > Cash & Cash Equivalents,,2000.00,Expense Voucher: EV-CR-20260102-8716 - Sumit eletricals
02/01/2026,Payment,AUTO-20260320-0156,5300,Operating Expenses,Operating Expenses,Expenses > Operating Expenses,2000.00,,Expense Voucher: EV-CR-20260102-7482 - Shyam
02/01/2026,Payment,AUTO-20260320-0156,1001,Cash-in-Hand,Cash & Cash Equivalents,Assets > Current Assets > Cash & Cash Equivalents,,2000.00,Expense Voucher: EV-CR-20260102-7482 - Shyam
02/01/2026,Payment,AUTO-20260320-0158,5300,Operating Expenses,Operating Expenses,Expenses > Operating Expenses,2800.00,,Expense Voucher: EV-CR-20260102-1480 - Ramesh
02/01/2026,Payment,AUTO-20260320-0158,1001,Cash-in-Hand,Cash & Cash Equivalents,Assets > Current Assets > Cash & Cash Equivalents,,2800.00,Expense Voucher: EV-CR-20260102-1480 - Ramesh
02/01/2026,Payment,AUTO-20260322-0151,5300,Operating Expenses,Operating Expenses,Expenses > Operating Expenses,700.00,,Expense Voucher: EV-CR-20260102-6939 - Pankaj
02/01/2026,Payment,AUTO-20260322-0151,1001,Cash-in-Hand,Cash & Cash Equivalents,Assets > Current Assets > Cash & Cash Equivalents,,700.00,Expense Voucher: EV-CR-20260102-6939 - Pankaj
02/01/2026,Payment,AUTO-20260322-0152,5300,Operating Expenses,Operating Expenses,Expenses > Operating Expenses,4800.00,,Expense Voucher: EV-CR-20260102-5919 - Hari
02/01/2026,Payment,AUTO-20260322-0152,1001,Cash-in-Hand,Cash & Cash Equivalents,Assets > Current Assets > Cash & Cash Equivalents,,4800.00,Expense Voucher: EV-CR-20260102-5919 - Hari
02/01/2026,Payment,AUTO-20260322-0153,5300,Operating Expenses,Operating Expenses,Expenses > Operating Expenses,700.00,,Expense Voucher: EV-CR-20260102-6961 - Vamsi
02/01/2026,Payment,AUTO-20260322-0153,1001,Cash-in-Hand,Cash & Cash Equivalents,Assets > Current Assets > Cash & Cash Equivalents,,700.00,Expense Voucher: EV-CR-20260102-6961 - Vamsi
03/01/2026,Payment,AUTO-20260320-0149,5300,Operating Expenses,Operating Expenses,Expenses > Operating Expenses,3000.00,,Expense Voucher: EV-CR-20260103-6529 - Lakshman
03/01/2026,Payment,AUTO-20260320-0149,1001,Cash-in-Hand,Cash & Cash Equivalents,Assets > Current Assets > Cash & Cash Equivalents,,3000.00,Expense Voucher: EV-CR-20260103-6529 - Lakshman
03/01/2026,Payment,AUTO-20260320-0159,5300,Operating Expenses,Operating Expenses,Expenses > Operating Expenses,3000.00,,Expense Voucher: EV-CR-20260103-5752 - Santhosh
03/01/2026,Payment,AUTO-20260320-0159,1001,Cash-in-Hand,Cash & Cash Equivalents,Assets > Current Assets > Cash & Cash Equivalents,,3000.00,Expense Voucher: EV-CR-20260103-5752 - Santhosh
03/01/2026,Payment,AUTO-20260320-0160,5300,Operating Expenses,Operating Expenses,Expenses > Operating Expenses,1080.00,,Expense Voucher: EV-CR-20260103-9679 - Rambabu
03/01/2026,Payment,AUTO-20260320-0160,1001,Cash-in-Hand,Cash & Cash Equivalents,Assets > Current Assets > Cash & Cash Equivalents,,1080.00,Expense Voucher: EV-CR-20260103-9679 - Rambabu
03/01/2026,Payment,AUTO-20260320-0161,5300,Operating Expenses,Operating Expenses,Expenses > Operating Expenses,13990.00,,Expense Voucher: EV-CR-20260103-8188 - Yenky naidu
03/01/2026,Payment,AUTO-20260320-0161,1001,Cash-in-Hand,Cash & Cash Equivalents,Assets > Current Assets > Cash & Cash Equivalents,,13990.00,Expense Voucher: EV-CR-20260103-8188 - Yenky naidu
03/01/2026,Payment,AUTO-20260320-0162,5300,Operating Expenses,Operating Expenses,Expenses > Operating Expenses,700.00,,Expense Voucher: EV-CR-20260103-8850 - Vamsi
03/01/2026,Payment,AUTO-20260320-0162,1001,Cash-in-Hand,Cash & Cash Equivalents,Assets > Current Assets > Cash & Cash Equivalents,,700.00,Expense Voucher: EV-CR-20260103-8850 - Vamsi
05/01/2026,Payment,AUTO-20260320-0157,5300,Operating Expenses,Operating Expenses,Expenses > Operating Expenses,3140.00,,Expense Voucher: EV-CR-20260105-2290 - Ramesh
05/01/2026,Payment,AUTO-20260320-0157,1001,Cash-in-Hand,Cash & Cash Equivalents,Assets > Current Assets > Cash & Cash Equivalents,,3140.00,Expense Voucher: EV-CR-20260105-2290 - Ramesh
05/01/2026,Payment,AUTO-20260320-0163,5300,Operating Expenses,Operating Expenses,Expenses > Operating Expenses,1000.00,,Expense Voucher: EV-CR-20260105-7449 - Pankaj
05/01/2026,Payment,AUTO-20260320-0163,1001,Cash-in-Hand,Cash & Cash Equivalents,Assets > Current Assets > Cash & Cash Equivalents,,1000.00,Expense Voucher: EV-CR-20260105-7449 - Pankaj
05/01/2026,Payment,AUTO-20260320-0164,5300,Operating Expenses,Operating Expenses,Expenses > Operating Expenses,4800.00,,Expense Voucher: EV-CR-20260105-6677 - Hari
05/01/2026,Payment,AUTO-20260320-0164,1001,Cash-in-Hand,Cash & Cash Equivalents,Assets > Current Assets > Cash & Cash Equivalents,,4800.00,Expense Voucher: EV-CR-20260105-6677 - Hari
05/01/2026,Payment,AUTO-20260320-0165,5300,Operating Expenses,Operating Expenses,Expenses > Operating Expenses,700.00,,Expense Voucher: EV-CR-20260105-1669 - Vamsi
05/01/2026,Payment,AUTO-20260320-0165,1001,Cash-in-Hand,Cash & Cash Equivalents,Assets > Current Assets > Cash & Cash Equivalents,,700.00,Expense Voucher: EV-CR-20260105-1669 - Vamsi
05/01/2026,Payment,AUTO-20260320-0166,5300,Operating Expenses,Operating Expenses,Expenses > Operating Expenses,750.00,,Expense Voucher: EV-CR-20260105-9089 - Shyam
05/01/2026,Payment,AUTO-20260320-0166,1001,Cash-in-Hand,Cash & Cash Equivalents,Assets > Current Assets > Cash & Cash Equivalents,,750.00,Expense Voucher: EV-CR-20260105-9089 - Shyam
05/01/2026,Payment,AUTO-20260320-0167,5300,Operating Expenses,Operating Expenses,Expenses > Operating Expenses,2250.00,,Expense Voucher: EV-CR-20260105-2630 - Shyam
05/01/2026,Payment,AUTO-20260320-0167,1001,Cash-in-Hand,Cash & Cash Equivalents,Assets > Current Assets > Cash & Cash Equivalents,,2250.00,Expense Voucher: EV-CR-20260105-2630 - Shyam
05/01/2026,Payment,AUTO-20260320-0168,5300,Operating Expenses,Operating Expenses,Expenses > Operating Expenses,3000.00,,Expense Voucher: EV-CR-20260105-5030 - Ramesh
05/01/2026,Payment,AUTO-20260320-0168,1001,Cash-in-Hand,Cash & Cash Equivalents,Assets > Current Assets > Cash & Cash Equivalents,,3000.00,Expense Voucher: EV-CR-20260105-5030 - Ramesh
05/01/2026,Payment,AUTO-20260320-0169,5300,Operating Expenses,Operating Expenses,Expenses > Operating Expenses,3000.00,,Expense Voucher: EV-CR-20260105-5050 - Chinna
05/01/2026,Payment,AUTO-20260320-0169,1001,Cash-in-Hand,Cash & Cash Equivalents,Assets > Current Assets > Cash & Cash Equivalents,,3000.00,Expense Voucher: EV-CR-20260105-5050 - Chinna
05/01/2026,Payment,AUTO-20260320-0170,5300,Operating Expenses,Operating Expenses,Expenses > Operating Expenses,8600.00,,Expense Voucher: EV-CR-20260105-8760 - Shyam
05/01/2026,Payment,AUTO-20260320-0170,1001,Cash-in-Hand,Cash & Cash Equivalents,Assets > Current Assets > Cash & Cash Equivalents,,8600.00,Expense Voucher: EV-CR-20260105-8760 - Shyam
06/01/2026,Payment,AUTO-20260320-0171,5300,Operating Expenses,Operating Expenses,Expenses > Operating Expenses,250.00,,Expense Voucher: EV-CR-20260106-2414 - Rapido
06/01/2026,Payment,AUTO-20260320-0171,1001,Cash-in-Hand,Cash & Cash Equivalents,Assets > Current Assets > Cash & Cash Equivalents,,250.00,Expense Voucher: EV-CR-20260106-2414 - Rapido
06/01/2026,Payment,AUTO-20260320-0172,5300,Operating Expenses,Operating Expenses,Expenses > Operating Expenses,800.00,,Expense Voucher: EV-CR-20260106-9469 - Vamsi
06/01/2026,Payment,AUTO-20260320-0172,1001,Cash-in-Hand,Cash & Cash Equivalents,Assets > Current Assets > Cash & Cash Equivalents,,800.00,Expense Voucher: EV-CR-20260106-9469 - Vamsi
06/01/2026,Payment,AUTO-20260320-0173,5300,Operating Expenses,Operating Expenses,Expenses > Operating Expenses,10000.00,,Expense Voucher: EV-CR-20260106-0680 - Hari
06/01/2026,Payment,AUTO-20260320-0173,1001,Cash-in-Hand,Cash & Cash Equivalents,Assets > Current Assets > Cash & Cash Equivalents,,10000.00,Expense Voucher: EV-CR-20260106-0680 - Hari
06/01/2026,Payment,AUTO-20260320-0174,5300,Operating Expenses,Operating Expenses,Expenses > Operating Expenses,2000.00,,Expense Voucher: EV-CR-20260106-7375 - Hari
06/01/2026,Payment,AUTO-20260320-0174,1001,Cash-in-Hand,Cash & Cash Equivalents,Assets > Current Assets > Cash & Cash Equivalents,,2000.00,Expense Voucher: EV-CR-20260106-7375 - Hari
07/01/2026,Payment,AUTO-20260320-0175,5300,Operating Expenses,Operating Expenses,Expenses > Operating Expenses,9000.00,,Expense Voucher: EV-CR-20260107-3967 - Hari
07/01/2026,Payment,AUTO-20260320-0175,1001,Cash-in-Hand,Cash & Cash Equivalents,Assets > Current Assets > Cash & Cash Equivalents,,9000.00,Expense Voucher: EV-CR-20260107-3967 - Hari
07/01/2026,Payment,AUTO-20260320-0176,5300,Operating Expenses,Operating Expenses,Expenses > Operating Expenses,3000.00,,Expense Voucher: EV-CR-20260107-1667 - Patrudu
07/01/2026,Payment,AUTO-20260320-0176,1001,Cash-in-Hand,Cash & Cash Equivalents,Assets > Current Assets > Cash & Cash Equivalents,,3000.00,Expense Voucher: EV-CR-20260107-1667 - Patrudu
07/01/2026,Payment,AUTO-20260320-0177,5300,Operating Expenses,Operating Expenses,Expenses > Operating Expenses,3000.00,,Expense Voucher: EV-CR-20260107-5246 - Lakshman
07/01/2026,Payment,AUTO-20260320-0177,1001,Cash-in-Hand,Cash & Cash Equivalents,Assets > Current Assets > Cash & Cash Equivalents,,3000.00,Expense Voucher: EV-CR-20260107-5246 - Lakshman
07/01/2026,Payment,AUTO-20260320-0178,5300,Operating Expenses,Operating Expenses,Expenses > Operating Expenses,3000.00,,Expense Voucher: EV-CR-20260107-8898 - Santhosh
07/01/2026,Payment,AUTO-20260320-0178,1001,Cash-in-Hand,Cash & Cash Equivalents,Assets > Current Assets > Cash & Cash Equivalents,,3000.00,Expense Voucher: EV-CR-20260107-8898 - Santhosh
07/01/2026,Payment,AUTO-20260320-0179,5300,Operating Expenses,Operating Expenses,Expenses > Operating Expenses,700.00,,Expense Voucher: EV-CR-20260107-8213 - Vamsi
07/01/2026,Payment,AUTO-20260320-0179,1001,Cash-in-Hand,Cash & Cash Equivalents,Assets > Current Assets > Cash & Cash Equivalents,,700.00,Expense Voucher: EV-CR-20260107-8213 - Vamsi
08/01/2026,Payment,AUTO-20260320-0180,5300,Operating Expenses,Operating Expenses,Expenses > Operating Expenses,9700.00,,Expense Voucher: EV-CR-20260108-3957 - hari
08/01/2026,Payment,AUTO-20260320-0180,1001,Cash-in-Hand,Cash & Cash Equivalents,Assets > Current Assets > Cash & Cash Equivalents,,9700.00,Expense Voucher: EV-CR-20260108-3957 - hari
08/01/2026,Payment,AUTO-20260320-0181,5300,Operating Expenses,Operating Expenses,Expenses > Operating Expenses,1000.00,,Expense Voucher: EV-CR-20260108-5119 - Hari
08/01/2026,Payment,AUTO-20260320-0181,1001,Cash-in-Hand,Cash & Cash Equivalents,Assets > Current Assets > Cash & Cash Equivalents,,1000.00,Expense Voucher: EV-CR-20260108-5119 - Hari
08/01/2026,Payment,AUTO-20260320-0182,5300,Operating Expenses,Operating Expenses,Expenses > Operating Expenses,7785.00,,Expense Voucher: EV-CR-20260108-6237 - Shyam
08/01/2026,Payment,AUTO-20260320-0182,1001,Cash-in-Hand,Cash & Cash Equivalents,Assets > Current Assets > Cash & Cash Equivalents,,7785.00,Expense Voucher: EV-CR-20260108-6237 - Shyam
08/01/2026,Payment,AUTO-20260320-0183,5300,Operating Expenses,Operating Expenses,Expenses > Operating Expenses,1060.00,,Expense Voucher: EV-CR-20260108-6970 - Shyam
08/01/2026,Payment,AUTO-20260320-0183,1001,Cash-in-Hand,Cash & Cash Equivalents,Assets > Current Assets > Cash & Cash Equivalents,,1060.00,Expense Voucher: EV-CR-20260108-6970 - Shyam
08/01/2026,Payment,AUTO-20260320-0184,5300,Operating Expenses,Operating Expenses,Expenses > Operating Expenses,900.00,,Expense Voucher: EV-CR-20260108-2189 - Ravi
08/01/2026,Payment,AUTO-20260320-0184,1001,Cash-in-Hand,Cash & Cash Equivalents,Assets > Current Assets > Cash & Cash Equivalents,,900.00,Expense Voucher: EV-CR-20260108-2189 - Ravi
08/01/2026,Payment,AUTO-20260320-0185,5300,Operating Expenses,Operating Expenses,Expenses > Operating Expenses,7000.00,,Expense Voucher: EV-CR-20260108-7885 - Pankaj
08/01/2026,Payment,AUTO-20260320-0185,1001,Cash-in-Hand,Cash & Cash Equivalents,Assets > Current Assets > Cash & Cash Equivalents,,7000.00,Expense Voucher: EV-CR-20260108-7885 - Pankaj
08/01/2026,Payment,AUTO-20260320-0186,5300,Operating Expenses,Operating Expenses,Expenses > Operating Expenses,13990.00,,Expense Voucher: EV-CR-20260108-0569 - Suribabu
08/01/2026,Payment,AUTO-20260320-0186,1001,Cash-in-Hand,Cash & Cash Equivalents,Assets > Current Assets > Cash & Cash Equivalents,,13990.00,Expense Voucher: EV-CR-20260108-0569 - Suribabu
09/01/2026,Payment,AUTO-20260320-0187,5300,Operating Expenses,Operating Expenses,Expenses > Operating Expenses,2000.00,,Expense Voucher: EV-CR-20260109-4647 - Yadav
09/01/2026,Payment,AUTO-20260320-0187,1001,Cash-in-Hand,Cash & Cash Equivalents,Assets > Current Assets > Cash & Cash Equivalents,,2000.00,Expense Voucher: EV-CR-20260109-4647 - Yadav
09/01/2026,Payment,AUTO-20260320-0188,5300,Operating Expenses,Operating Expenses,Expenses > Operating Expenses,3000.00,,Expense Voucher: EV-CR-20260109-4510 - Chinna
09/01/2026,Payment,AUTO-20260320-0188,1001,Cash-in-Hand,Cash & Cash Equivalents,Assets > Current Assets > Cash & Cash Equivalents,,3000.00,Expense Voucher: EV-CR-20260109-4510 - Chinna
09/01/2026,Payment,AUTO-20260320-0189,5300,Operating Expenses,Operating Expenses,Expenses > Operating Expenses,3000.00,,Expense Voucher: EV-CR-20260109-9767 - Ramesh
09/01/2026,Payment,AUTO-20260320-0189,1001,Cash-in-Hand,Cash & Cash Equivalents,Assets > Current Assets > Cash & Cash Equivalents,,3000.00,Expense Voucher: EV-CR-20260109-9767 - Ramesh
10/01/2026,Payment,AUTO-20260320-0190,5300,Operating Expenses,Operating Expenses,Expenses > Operating Expenses,3000.00,,Expense Voucher: EV-CR-20260110-0398 - Lakshman
10/01/2026,Payment,AUTO-20260320-0190,1001,Cash-in-Hand,Cash & Cash Equivalents,Assets > Current Assets > Cash & Cash Equivalents,,3000.00,Expense Voucher: EV-CR-20260110-0398 - Lakshman
10/01/2026,Payment,AUTO-20260320-0191,5300,Operating Expenses,Operating Expenses,Expenses > Operating Expenses,3000.00,,Expense Voucher: EV-CR-20260110-2791 - Santhosh
10/01/2026,Payment,AUTO-20260320-0191,1001,Cash-in-Hand,Cash & Cash Equivalents,Assets > Current Assets > Cash & Cash Equivalents,,3000.00,Expense Voucher: EV-CR-20260110-2791 - Santhosh
10/01/2026,Payment,AUTO-20260320-0192,5300,Operating Expenses,Operating Expenses,Expenses > Operating Expenses,1200.00,,Expense Voucher: EV-CR-20260110-6239 - Shyam
10/01/2026,Payment,AUTO-20260320-0192,1001,Cash-in-Hand,Cash & Cash Equivalents,Assets > Current Assets > Cash & Cash Equivalents,,1200.00,Expense Voucher: EV-CR-20260110-6239 - Shyam
10/01/2026,Payment,AUTO-20260320-0193,5300,Operating Expenses,Operating Expenses,Expenses > Operating Expenses,1080.00,,Expense Voucher: EV-CR-20260110-1909 - rambabu
10/01/2026,Payment,AUTO-20260320-0193,1001,Cash-in-Hand,Cash & Cash Equivalents,Assets > Current Assets > Cash & Cash Equivalents,,1080.00,Expense Voucher: EV-CR-20260110-1909 - rambabu
10/01/2026,Payment,AUTO-20260320-0194,5300,Operating Expenses,Operating Expenses,Expenses > Operating Expenses,275.00,,Expense Voucher: EV-CR-20260110-7743 - Shyam
10/01/2026,Payment,AUTO-20260320-0194,1001,Cash-in-Hand,Cash & Cash Equivalents,Assets > Current Assets > Cash & Cash Equivalents,,275.00,Expense Voucher: EV-CR-20260110-7743 - Shyam
10/01/2026,Payment,AUTO-20260320-0195,5300,Operating Expenses,Operating Expenses,Expenses > Operating Expenses,2500.00,,Expense Voucher: EV-CR-20260110-5853 - Ramesh
10/01/2026,Payment,AUTO-20260320-0195,1001,Cash-in-Hand,Cash & Cash Equivalents,Assets > Current Assets > Cash & Cash Equivalents,,2500.00,Expense Voucher: EV-CR-20260110-5853 - Ramesh
12/01/2026,Payment,AUTO-20260320-0196,5300,Operating Expenses,Operating Expenses,Expenses > Operating Expenses,800.00,,Expense Voucher: EV-CR-20260112-4427 - Vamsi
12/01/2026,Payment,AUTO-20260320-0196,1001,Cash-in-Hand,Cash & Cash Equivalents,Assets > Current Assets > Cash & Cash Equivalents,,800.00,Expense Voucher: EV-CR-20260112-4427 - Vamsi
12/01/2026,Payment,AUTO-20260320-0197,5300,Operating Expenses,Operating Expenses,Expenses > Operating Expenses,4500.00,,Expense Voucher: EV-CR-20260112-2858 - Shyam
12/01/2026,Payment,AUTO-20260320-0197,1001,Cash-in-Hand,Cash & Cash Equivalents,Assets > Current Assets > Cash & Cash Equivalents,,4500.00,Expense Voucher: EV-CR-20260112-2858 - Shyam
12/01/2026,Payment,AUTO-20260320-0198,5300,Operating Expenses,Operating Expenses,Expenses > Operating Expenses,500.00,,Expense Voucher: EV-CR-20260112-7210 - Pankaj
12/01/2026,Payment,AUTO-20260320-0198,1001,Cash-in-Hand,Cash & Cash Equivalents,Assets > Current Assets > Cash & Cash Equivalents,,500.00,Expense Voucher: EV-CR-20260112-7210 - Pankaj
12/01/2026,Payment,AUTO-20260320-0199,5300,Operating Expenses,Operating Expenses,Expenses > Operating Expenses,500.00,,Expense Voucher: EV-CR-20260112-9511 - Pankaj
12/01/2026,Payment,AUTO-20260320-0199,1001,Cash-in-Hand,Cash & Cash Equivalents,Assets > Current Assets > Cash & Cash Equivalents,,500.00,Expense Voucher: EV-CR-20260112-9511 - Pankaj
13/01/2026,Payment,AUTO-20260320-0200,5300,Operating Expenses,Operating Expenses,Expenses > Operating Expenses,3000.00,,Expense Voucher: EV-CR-20260113-4324 - Patrudu
13/01/2026,Payment,AUTO-20260320-0200,1001,Cash-in-Hand,Cash & Cash Equivalents,Assets > Current Assets > Cash & Cash Equivalents,,3000.00,Expense Voucher: EV-CR-20260113-4324 - Patrudu
13/01/2026,Payment,AUTO-20260320-0201,5300,Operating Expenses,Operating Expenses,Expenses > Operating Expenses,40000.00,,Expense Voucher: EV-CR-20260113-4814 - Shyam
13/01/2026,Payment,AUTO-20260320-0201,1001,Cash-in-Hand,Cash & Cash Equivalents,Assets > Current Assets > Cash & Cash Equivalents,,40000.00,Expense Voucher: EV-CR-20260113-4814 - Shyam
13/01/2026,Payment,AUTO-20260320-0202,5300,Operating Expenses,Operating Expenses,Expenses > Operating Expenses,884.00,,Expense Voucher: EV-CR-20260113-1077 - Shyam
13/01/2026,Payment,AUTO-20260320-0202,1001,Cash-in-Hand,Cash & Cash Equivalents,Assets > Current Assets > Cash & Cash Equivalents,,884.00,Expense Voucher: EV-CR-20260113-1077 - Shyam
13/01/2026,Payment,AUTO-20260320-0203,5300,Operating Expenses,Operating Expenses,Expenses > Operating Expenses,19636.00,,Expense Voucher: EV-CR-20260113-7455 - Shyam
13/01/2026,Payment,AUTO-20260320-0203,1001,Cash-in-Hand,Cash & Cash Equivalents,Assets > Current Assets > Cash & Cash Equivalents,,19636.00,Expense Voucher: EV-CR-20260113-7455 - Shyam
13/01/2026,Payment,AUTO-20260320-0204,5300,Operating Expenses,Operating Expenses,Expenses > Operating Expenses,18000.00,,Expense Voucher: EV-CR-20260113-4529 - Yadav
13/01/2026,Payment,AUTO-20260320-0204,1001,Cash-in-Hand,Cash & Cash Equivalents,Assets > Current Assets > Cash & Cash Equivalents,,18000.00,Expense Voucher: EV-CR-20260113-4529 - Yadav
19/01/2026,Payment,AUTO-20260320-0205,5300,Operating Expenses,Operating Expenses,Expenses > Operating Expenses,3000.00,,Expense Voucher: EV-CR-20260119-0869 - Santhosh
19/01/2026,Payment,AUTO-20260320-0205,1001,Cash-in-Hand,Cash & Cash Equivalents,Assets > Current Assets > Cash & Cash Equivalents,,3000.00,Expense Voucher: EV-CR-20260119-0869 - Santhosh
19/01/2026,Payment,AUTO-20260320-0206,5300,Operating Expenses,Operating Expenses,Expenses > Operating Expenses,3000.00,,Expense Voucher: EV-CR-20260119-6005 - Ramesh
19/01/2026,Payment,AUTO-20260320-0206,1001,Cash-in-Hand,Cash & Cash Equivalents,Assets > Current Assets > Cash & Cash Equivalents,,3000.00,Expense Voucher: EV-CR-20260119-6005 - Ramesh
19/01/2026,Payment,AUTO-20260320-0207,5300,Operating Expenses,Operating Expenses,Expenses > Operating Expenses,3000.00,,Expense Voucher: EV-CR-20260119-4135 - Lakshman
19/01/2026,Payment,AUTO-20260320-0207,1001,Cash-in-Hand,Cash & Cash Equivalents,Assets > Current Assets > Cash & Cash Equivalents,,3000.00,Expense Voucher: EV-CR-20260119-4135 - Lakshman
19/01/2026,Payment,AUTO-20260320-0208,5300,Operating Expenses,Operating Expenses,Expenses > Operating Expenses,3000.00,,Expense Voucher: EV-CR-20260119-2984 - Chinna
19/01/2026,Payment,AUTO-20260320-0208,1001,Cash-in-Hand,Cash & Cash Equivalents,Assets > Current Assets > Cash & Cash Equivalents,,3000.00,Expense Voucher: EV-CR-20260119-2984 - Chinna
19/01/2026,Payment,AUTO-20260320-0209,5300,Operating Expenses,Operating Expenses,Expenses > Operating Expenses,830.00,,Expense Voucher: EV-CR-20260119-3130 - Vamsi
19/01/2026,Payment,AUTO-20260320-0209,1001,Cash-in-Hand,Cash & Cash Equivalents,Assets > Current Assets > Cash & Cash Equivalents,,830.00,Expense Voucher: EV-CR-20260119-3130 - Vamsi
19/01/2026,Payment,AUTO-20260320-0210,5300,Operating Expenses,Operating Expenses,Expenses > Operating Expenses,100.00,,Expense Voucher: EV-CR-20260119-7761 - Shyam
19/01/2026,Payment,AUTO-20260320-0210,1001,Cash-in-Hand,Cash & Cash Equivalents,Assets > Current Assets > Cash & Cash Equivalents,,100.00,Expense Voucher: EV-CR-20260119-7761 - Shyam
20/01/2026,Payment,AUTO-20260320-0211,5300,Operating Expenses,Operating Expenses,Expenses > Operating Expenses,500.00,,Expense Voucher: EV-CR-20260120-3829 - pankaj
20/01/2026,Payment,AUTO-20260320-0211,1001,Cash-in-Hand,Cash & Cash Equivalents,Assets > Current Assets > Cash & Cash Equivalents,,500.00,Expense Voucher: EV-CR-20260120-3829 - pankaj
20/01/2026,Payment,AUTO-20260320-0212,5300,Operating Expenses,Operating Expenses,Expenses > Operating Expenses,36000.00,,Expense Voucher: EV-CR-20260120-7153 - Shyam
20/01/2026,Payment,AUTO-20260320-0212,1001,Cash-in-Hand,Cash & Cash Equivalents,Assets > Current Assets > Cash & Cash Equivalents,,36000.00,Expense Voucher: EV-CR-20260120-7153 - Shyam
20/01/2026,Payment,AUTO-20260320-0213,5300,Operating Expenses,Operating Expenses,Expenses > Operating Expenses,4000.00,,Expense Voucher: EV-CR-20260120-8490 - Shyam
20/01/2026,Payment,AUTO-20260320-0213,1001,Cash-in-Hand,Cash & Cash Equivalents,Assets > Current Assets > Cash & Cash Equivalents,,4000.00,Expense Voucher: EV-CR-20260120-8490 - Shyam
20/01/2026,Payment,AUTO-20260320-0214,5300,Operating Expenses,Operating Expenses,Expenses > Operating Expenses,800.00,,Expense Voucher: EV-CR-20260120-4344 - vamsi
20/01/2026,Payment,AUTO-20260320-0214,1001,Cash-in-Hand,Cash & Cash Equivalents,Assets > Current Assets > Cash & Cash Equivalents,,800.00,Expense Voucher: EV-CR-20260120-4344 - vamsi
21/01/2026,Payment,AUTO-20260320-0215,5300,Operating Expenses,Operating Expenses,Expenses > Operating Expenses,4000.00,,Expense Voucher: EV-CR-20260121-2569 - Hari
21/01/2026,Payment,AUTO-20260320-0215,1001,Cash-in-Hand,Cash & Cash Equivalents,Assets > Current Assets > Cash & Cash Equivalents,,4000.00,Expense Voucher: EV-CR-20260121-2569 - Hari
21/01/2026,Payment,AUTO-20260320-0216,5300,Operating Expenses,Operating Expenses,Expenses > Operating Expenses,3000.00,,Expense Voucher: EV-CR-20260121-1991 - Hari
21/01/2026,Payment,AUTO-20260320-0216,1001,Cash-in-Hand,Cash & Cash Equivalents,Assets > Current Assets > Cash & Cash Equivalents,,3000.00,Expense Voucher: EV-CR-20260121-1991 - Hari
21/01/2026,Payment,AUTO-20260320-0217,5300,Operating Expenses,Operating Expenses,Expenses > Operating Expenses,200.00,,Expense Voucher: EV-CR-20260121-1483 - Hari
21/01/2026,Payment,AUTO-20260320-0217,1001,Cash-in-Hand,Cash & Cash Equivalents,Assets > Current Assets > Cash & Cash Equivalents,,200.00,Expense Voucher: EV-CR-20260121-1483 - Hari
21/01/2026,Payment,AUTO-20260320-0218,5300,Operating Expenses,Operating Expenses,Expenses > Operating Expenses,150.00,,Expense Voucher: EV-CR-20260121-3327 - hari
21/01/2026,Payment,AUTO-20260320-0218,1001,Cash-in-Hand,Cash & Cash Equivalents,Assets > Current Assets > Cash & Cash Equivalents,,150.00,Expense Voucher: EV-CR-20260121-3327 - hari
21/01/2026,Payment,AUTO-20260320-0219,5300,Operating Expenses,Operating Expenses,Expenses > Operating Expenses,2500.00,,Expense Voucher: EV-CR-20260121-3489 - Shyam
21/01/2026,Payment,AUTO-20260320-0219,1001,Cash-in-Hand,Cash & Cash Equivalents,Assets > Current Assets > Cash & Cash Equivalents,,2500.00,Expense Voucher: EV-CR-20260121-3489 - Shyam
21/01/2026,Payment,AUTO-20260320-0220,5300,Operating Expenses,Operating Expenses,Expenses > Operating Expenses,500.00,,Expense Voucher: EV-CR-20260121-4974 - Pankaj
21/01/2026,Payment,AUTO-20260320-0220,1001,Cash-in-Hand,Cash & Cash Equivalents,Assets > Current Assets > Cash & Cash Equivalents,,500.00,Expense Voucher: EV-CR-20260121-4974 - Pankaj
21/01/2026,Payment,AUTO-20260320-0221,5300,Operating Expenses,Operating Expenses,Expenses > Operating Expenses,7000.00,,Expense Voucher: EV-CR-20260121-8730 - Pankaj
21/01/2026,Payment,AUTO-20260320-0221,1001,Cash-in-Hand,Cash & Cash Equivalents,Assets > Current Assets > Cash & Cash Equivalents,,7000.00,Expense Voucher: EV-CR-20260121-8730 - Pankaj
22/01/2026,Payment,AUTO-20260320-0222,5300,Operating Expenses,Operating Expenses,Expenses > Operating Expenses,50000.00,,Expense Voucher: EV-CR-20260122-3203 - VR Industrys
22/01/2026,Payment,AUTO-20260320-0222,1001,Cash-in-Hand,Cash & Cash Equivalents,Assets > Current Assets > Cash & Cash Equivalents,,50000.00,Expense Voucher: EV-CR-20260122-3203 - VR Industrys
22/01/2026,Payment,AUTO-20260320-0223,5300,Operating Expenses,Operating Expenses,Expenses > Operating Expenses,3000.00,,Expense Voucher: EV-CR-20260122-8788 - Ramesh
22/01/2026,Payment,AUTO-20260320-0223,1001,Cash-in-Hand,Cash & Cash Equivalents,Assets > Current Assets > Cash & Cash Equivalents,,3000.00,Expense Voucher: EV-CR-20260122-8788 - Ramesh
22/01/2026,Payment,AUTO-20260320-0224,5300,Operating Expenses,Operating Expenses,Expenses > Operating Expenses,3000.00,,Expense Voucher: EV-CR-20260122-2843 - Lakshman
22/01/2026,Payment,AUTO-20260320-0224,1001,Cash-in-Hand,Cash & Cash Equivalents,Assets > Current Assets > Cash & Cash Equivalents,,3000.00,Expense Voucher: EV-CR-20260122-2843 - Lakshman
22/01/2026,Payment,AUTO-20260320-0225,5300,Operating Expenses,Operating Expenses,Expenses > Operating Expenses,3000.00,,Expense Voucher: EV-CR-20260122-3794 - Patrudu
22/01/2026,Payment,AUTO-20260320-0225,1001,Cash-in-Hand,Cash & Cash Equivalents,Assets > Current Assets > Cash & Cash Equivalents,,3000.00,Expense Voucher: EV-CR-20260122-3794 - Patrudu
22/01/2026,Payment,AUTO-20260320-0226,5300,Operating Expenses,Operating Expenses,Expenses > Operating Expenses,3000.00,,Expense Voucher: EV-CR-20260122-8931 - Santhosh
22/01/2026,Payment,AUTO-20260320-0226,1001,Cash-in-Hand,Cash & Cash Equivalents,Assets > Current Assets > Cash & Cash Equivalents,,3000.00,Expense Voucher: EV-CR-20260122-8931 - Santhosh
22/01/2026,Payment,AUTO-20260320-0227,5300,Operating Expenses,Operating Expenses,Expenses > Operating Expenses,200.00,,Expense Voucher: EV-CR-20260122-0169 - Hari
22/01/2026,Payment,AUTO-20260320-0227,1001,Cash-in-Hand,Cash & Cash Equivalents,Assets > Current Assets > Cash & Cash Equivalents,,200.00,Expense Voucher: EV-CR-20260122-0169 - Hari
22/01/2026,Payment,AUTO-20260320-0228,5300,Operating Expenses,Operating Expenses,Expenses > Operating Expenses,200.00,,Expense Voucher: EV-CR-20260122-0609 - Police
22/01/2026,Payment,AUTO-20260320-0228,1001,Cash-in-Hand,Cash & Cash Equivalents,Assets > Current Assets > Cash & Cash Equivalents,,200.00,Expense Voucher: EV-CR-20260122-0609 - Police
22/01/2026,Payment,AUTO-20260320-0229,5300,Operating Expenses,Operating Expenses,Expenses > Operating Expenses,500.00,,Expense Voucher: EV-CR-20260122-2500 - Hari
22/01/2026,Payment,AUTO-20260320-0229,1001,Cash-in-Hand,Cash & Cash Equivalents,Assets > Current Assets > Cash & Cash Equivalents,,500.00,Expense Voucher: EV-CR-20260122-2500 - Hari
22/01/2026,Payment,AUTO-20260320-0230,5300,Operating Expenses,Operating Expenses,Expenses > Operating Expenses,300.00,,Expense Voucher: EV-CR-20260122-6870 - Ramesh
22/01/2026,Payment,AUTO-20260320-0230,1001,Cash-in-Hand,Cash & Cash Equivalents,Assets > Current Assets > Cash & Cash Equivalents,,300.00,Expense Voucher: EV-CR-20260122-6870 - Ramesh
23/01/2026,Payment,AUTO-20260320-0231,5300,Operating Expenses,Operating Expenses,Expenses > Operating Expenses,3600.00,,Expense Voucher: EV-CR-20260123-6710 - Santhosh
23/01/2026,Payment,AUTO-20260320-0231,1001,Cash-in-Hand,Cash & Cash Equivalents,Assets > Current Assets > Cash & Cash Equivalents,,3600.00,Expense Voucher: EV-CR-20260123-6710 - Santhosh
23/01/2026,Payment,AUTO-20260320-0232,5300,Operating Expenses,Operating Expenses,Expenses > Operating Expenses,500.00,,Expense Voucher: EV-CR-20260123-1010 - Naveen
23/01/2026,Payment,AUTO-20260320-0232,1001,Cash-in-Hand,Cash & Cash Equivalents,Assets > Current Assets > Cash & Cash Equivalents,,500.00,Expense Voucher: EV-CR-20260123-1010 - Naveen
23/01/2026,Payment,AUTO-20260320-0233,5300,Operating Expenses,Operating Expenses,Expenses > Operating Expenses,700.00,,Expense Voucher: EV-CR-20260123-3989 - Vamsi
23/01/2026,Payment,AUTO-20260320-0233,1001,Cash-in-Hand,Cash & Cash Equivalents,Assets > Current Assets > Cash & Cash Equivalents,,700.00,Expense Voucher: EV-CR-20260123-3989 - Vamsi
23/01/2026,Payment,AUTO-20260320-0234,5300,Operating Expenses,Operating Expenses,Expenses > Operating Expenses,250.00,,Expense Voucher: EV-CR-20260123-7909 - Krishna
23/01/2026,Payment,AUTO-20260320-0234,1001,Cash-in-Hand,Cash & Cash Equivalents,Assets > Current Assets > Cash & Cash Equivalents,,250.00,Expense Voucher: EV-CR-20260123-7909 - Krishna
23/01/2026,Payment,AUTO-20260320-0235,1001,Cash-in-Hand,Cash & Cash Equivalents,Assets > Current Assets > Cash & Cash Equivalents,,3000.00,Expense Voucher: EV-CR-20260123-1489 - Chinna
23/01/2026,Payment,AUTO-20260320-0235,5300,Operating Expenses,Operating Expenses,Expenses > Operating Expenses,3000.00,,Expense Voucher: EV-CR-20260123-1489 - Chinna
23/01/2026,Payment,AUTO-20260320-0236,5300,Operating Expenses,Operating Expenses,Expenses > Operating Expenses,200.00,,Expense Voucher: EV-CR-20260123-0648 - Krishna
23/01/2026,Payment,AUTO-20260320-0236,1001,Cash-in-Hand,Cash & Cash Equivalents,Assets > Current Assets > Cash & Cash Equivalents,,200.00,Expense Voucher: EV-CR-20260123-0648 - Krishna
24/01/2026,Payment,AUTO-20260320-0237,5300,Operating Expenses,Operating Expenses,Expenses > Operating Expenses,200.00,,Expense Voucher: EV-CR-20260124-0885 - Hari
24/01/2026,Payment,AUTO-20260320-0237,1001,Cash-in-Hand,Cash & Cash Equivalents,Assets > Current Assets > Cash & Cash Equivalents,,200.00,Expense Voucher: EV-CR-20260124-0885 - Hari
24/01/2026,Payment,AUTO-20260320-0238,5300,Operating Expenses,Operating Expenses,Expenses > Operating Expenses,100.00,,Expense Voucher: EV-CR-20260124-4831 - Police
24/01/2026,Payment,AUTO-20260320-0238,1001,Cash-in-Hand,Cash & Cash Equivalents,Assets > Current Assets > Cash & Cash Equivalents,,100.00,Expense Voucher: EV-CR-20260124-4831 - Police
24/01/2026,Payment,AUTO-20260320-0239,5300,Operating Expenses,Operating Expenses,Expenses > Operating Expenses,1440.00,,Expense Voucher: EV-CR-20260124-3513 - Rambabu
24/01/2026,Payment,AUTO-20260320-0239,1001,Cash-in-Hand,Cash & Cash Equivalents,Assets > Current Assets > Cash & Cash Equivalents,,1440.00,Expense Voucher: EV-CR-20260124-3513 - Rambabu
24/01/2026,Payment,AUTO-20260320-0240,5300,Operating Expenses,Operating Expenses,Expenses > Operating Expenses,470.00,,Expense Voucher: EV-CR-20260124-2030 - Pankaj
24/01/2026,Payment,AUTO-20260320-0240,1001,Cash-in-Hand,Cash & Cash Equivalents,Assets > Current Assets > Cash & Cash Equivalents,,470.00,Expense Voucher: EV-CR-20260124-2030 - Pankaj
26/01/2026,Payment,AUTO-20260320-0241,5300,Operating Expenses,Operating Expenses,Expenses > Operating Expenses,9000.00,,Expense Voucher: EV-CR-20260126-4903 - Mahandra
26/01/2026,Payment,AUTO-20260320-0241,1001,Cash-in-Hand,Cash & Cash Equivalents,Assets > Current Assets > Cash & Cash Equivalents,,9000.00,Expense Voucher: EV-CR-20260126-4903 - Mahandra
26/01/2026,Payment,AUTO-20260320-0242,5300,Operating Expenses,Operating Expenses,Expenses > Operating Expenses,3000.00,,Expense Voucher: EV-CR-20260126-9189 - Ramesh
26/01/2026,Payment,AUTO-20260320-0242,1001,Cash-in-Hand,Cash & Cash Equivalents,Assets > Current Assets > Cash & Cash Equivalents,,3000.00,Expense Voucher: EV-CR-20260126-9189 - Ramesh
26/01/2026,Payment,AUTO-20260320-0243,5300,Operating Expenses,Operating Expenses,Expenses > Operating Expenses,3000.00,,Expense Voucher: EV-CR-20260126-9099 - Ramesh
26/01/2026,Payment,AUTO-20260320-0243,1001,Cash-in-Hand,Cash & Cash Equivalents,Assets > Current Assets > Cash & Cash Equivalents,,3000.00,Expense Voucher: EV-CR-20260126-9099 - Ramesh
26/01/2026,Payment,AUTO-20260320-0244,5300,Operating Expenses,Operating Expenses,Expenses > Operating Expenses,3000.00,,Expense Voucher: EV-CR-20260126-1289 - Lakshman
26/01/2026,Payment,AUTO-20260320-0244,1001,Cash-in-Hand,Cash & Cash Equivalents,Assets > Current Assets > Cash & Cash Equivalents,,3000.00,Expense Voucher: EV-CR-20260126-1289 - Lakshman
26/01/2026,Payment,AUTO-20260320-0245,5300,Operating Expenses,Operating Expenses,Expenses > Operating Expenses,11000.00,,Expense Voucher: EV-CR-20260126-2511 - Hari
26/01/2026,Payment,AUTO-20260320-0245,1001,Cash-in-Hand,Cash & Cash Equivalents,Assets > Current Assets > Cash & Cash Equivalents,,11000.00,Expense Voucher: EV-CR-20260126-2511 - Hari
27/01/2026,Payment,AUTO-20260320-0246,5300,Operating Expenses,Operating Expenses,Expenses > Operating Expenses,700.00,,Expense Voucher: EV-CR-20260127-6209 - Pankaj
27/01/2026,Payment,AUTO-20260320-0246,1001,Cash-in-Hand,Cash & Cash Equivalents,Assets > Current Assets > Cash & Cash Equivalents,,700.00,Expense Voucher: EV-CR-20260127-6209 - Pankaj
27/01/2026,Payment,AUTO-20260320-0247,5300,Operating Expenses,Operating Expenses,Expenses > Operating Expenses,3000.00,,Expense Voucher: EV-CR-20260127-0435 - Santhosh
27/01/2026,Payment,AUTO-20260320-0247,1001,Cash-in-Hand,Cash & Cash Equivalents,Assets > Current Assets > Cash & Cash Equivalents,,3000.00,Expense Voucher: EV-CR-20260127-0435 - Santhosh
27/01/2026,Payment,AUTO-20260320-0248,5300,Operating Expenses,Operating Expenses,Expenses > Operating Expenses,80.00,,Expense Voucher: EV-CR-20260127-3508 - Ramesh
27/01/2026,Payment,AUTO-20260320-0248,1001,Cash-in-Hand,Cash & Cash Equivalents,Assets > Current Assets > Cash & Cash Equivalents,,80.00,Expense Voucher: EV-CR-20260127-3508 - Ramesh
28/01/2026,Payment,AUTO-20260320-0249,5300,Operating Expenses,Operating Expenses,Expenses > Operating Expenses,1500.00,,Expense Voucher: EV-CR-20260128-0855 - Dankush
28/01/2026,Payment,AUTO-20260320-0249,1001,Cash-in-Hand,Cash & Cash Equivalents,Assets > Current Assets > Cash & Cash Equivalents,,1500.00,Expense Voucher: EV-CR-20260128-0855 - Dankush
28/01/2026,Payment,AUTO-20260320-0250,5300,Operating Expenses,Operating Expenses,Expenses > Operating Expenses,8700.00,,Expense Voucher: EV-CR-20260128-1929 - Hari
28/01/2026,Payment,AUTO-20260320-0250,1001,Cash-in-Hand,Cash & Cash Equivalents,Assets > Current Assets > Cash & Cash Equivalents,,8700.00,Expense Voucher: EV-CR-20260128-1929 - Hari
28/01/2026,Payment,AUTO-20260320-0251,5300,Operating Expenses,Operating Expenses,Expenses > Operating Expenses,472.00,,Expense Voucher: EV-CR-20260128-1930 - Anikith
28/01/2026,Payment,AUTO-20260320-0251,1001,Cash-in-Hand,Cash & Cash Equivalents,Assets > Current Assets > Cash & Cash Equivalents,,472.00,Expense Voucher: EV-CR-20260128-1930 - Anikith
29/01/2026,Payment,AUTO-20260321-0020,5300,Operating Expenses,Operating Expenses,Expenses > Operating Expenses,200.00,,Expense Voucher: EV-CR-20260129-6934 - Naveen
29/01/2026,Payment,AUTO-20260321-0020,1001,Cash-in-Hand,Cash & Cash Equivalents,Assets > Current Assets > Cash & Cash Equivalents,,200.00,Expense Voucher: EV-CR-20260129-6934 - Naveen
29/01/2026,Payment,AUTO-20260321-0021,5300,Operating Expenses,Operating Expenses,Expenses > Operating Expenses,7400.00,,Expense Voucher: EV-CR-20260129-3006 - Hari
29/01/2026,Payment,AUTO-20260321-0021,1001,Cash-in-Hand,Cash & Cash Equivalents,Assets > Current Assets > Cash & Cash Equivalents,,7400.00,Expense Voucher: EV-CR-20260129-3006 - Hari
29/01/2026,Payment,AUTO-20260321-0022,5300,Operating Expenses,Operating Expenses,Expenses > Operating Expenses,3000.00,,Expense Voucher: EV-CR-20260129-0105 - Patrudu
29/01/2026,Payment,AUTO-20260321-0022,1001,Cash-in-Hand,Cash & Cash Equivalents,Assets > Current Assets > Cash & Cash Equivalents,,3000.00,Expense Voucher: EV-CR-20260129-0105 - Patrudu
29/01/2026,Payment,AUTO-20260321-0023,5300,Operating Expenses,Operating Expenses,Expenses > Operating Expenses,3000.00,,Expense Voucher: EV-CR-20260129-7666 - Lakshman
29/01/2026,Payment,AUTO-20260321-0023,1001,Cash-in-Hand,Cash & Cash Equivalents,Assets > Current Assets > Cash & Cash Equivalents,,3000.00,Expense Voucher: EV-CR-20260129-7666 - Lakshman
29/01/2026,Payment,AUTO-20260321-0024,5300,Operating Expenses,Operating Expenses,Expenses > Operating Expenses,3000.00,,Expense Voucher: EV-CR-20260129-2567 - Ramesh
29/01/2026,Payment,AUTO-20260321-0024,1001,Cash-in-Hand,Cash & Cash Equivalents,Assets > Current Assets > Cash & Cash Equivalents,,3000.00,Expense Voucher: EV-CR-20260129-2567 - Ramesh
29/01/2026,Payment,AUTO-20260321-0025,5300,Operating Expenses,Operating Expenses,Expenses > Operating Expenses,3000.00,,Expense Voucher: EV-CR-20260129-6306 - Chinna
29/01/2026,Payment,AUTO-20260321-0025,1001,Cash-in-Hand,Cash & Cash Equivalents,Assets > Current Assets > Cash & Cash Equivalents,,3000.00,Expense Voucher: EV-CR-20260129-6306 - Chinna
29/01/2026,Payment,AUTO-20260321-0026,5300,Operating Expenses,Operating Expenses,Expenses > Operating Expenses,350.00,,Expense Voucher: EV-CR-20260129-9206 - Shyam
29/01/2026,Payment,AUTO-20260321-0026,1001,Cash-in-Hand,Cash & Cash Equivalents,Assets > Current Assets > Cash & Cash Equivalents,,350.00,Expense Voucher: EV-CR-20260129-9206 - Shyam
29/01/2026,Payment,AUTO-20260321-0027,5300,Operating Expenses,Operating Expenses,Expenses > Operating Expenses,130.00,,Expense Voucher: EV-CR-20260129-7844 - Krishna
29/01/2026,Payment,AUTO-20260321-0027,1001,Cash-in-Hand,Cash & Cash Equivalents,Assets > Current Assets > Cash & Cash Equivalents,,130.00,Expense Voucher: EV-CR-20260129-7844 - Krishna
29/01/2026,Payment,AUTO-20260321-0028,5300,Operating Expenses,Operating Expenses,Expenses > Operating Expenses,1720.00,,Expense Voucher: EV-CR-20260129-3407 - Naveen
29/01/2026,Payment,AUTO-20260321-0028,1001,Cash-in-Hand,Cash & Cash Equivalents,Assets > Current Assets > Cash & Cash Equivalents,,1720.00,Expense Voucher: EV-CR-20260129-3407 - Naveen
29/01/2026,Payment,AUTO-20260321-0029,5300,Operating Expenses,Operating Expenses,Expenses > Operating Expenses,21500.00,,Expense Voucher: EV-CR-20260129-7487 - Anil
29/01/2026,Payment,AUTO-20260321-0029,1001,Cash-in-Hand,Cash & Cash Equivalents,Assets > Current Assets > Cash & Cash Equivalents,,21500.00,Expense Voucher: EV-CR-20260129-7487 - Anil
29/01/2026,Payment,AUTO-20260321-0030,5300,Operating Expenses,Operating Expenses,Expenses > Operating Expenses,500.00,,Expense Voucher: EV-CR-20260129-4447 - Anikith
29/01/2026,Payment,AUTO-20260321-0030,1001,Cash-in-Hand,Cash & Cash Equivalents,Assets > Current Assets > Cash & Cash Equivalents,,500.00,Expense Voucher: EV-CR-20260129-4447 - Anikith
30/01/2026,Payment,AUTO-20260321-0034,5300,Operating Expenses,Operating Expenses,Expenses > Operating Expenses,5100.00,,Expense Voucher: EV-CR-20260130-8224 - Ramesh
30/01/2026,Payment,AUTO-20260321-0034,1001,Cash-in-Hand,Cash & Cash Equivalents,Assets > Current Assets > Cash & Cash Equivalents,,5100.00,Expense Voucher: EV-CR-20260130-8224 - Ramesh
30/01/2026,Payment,AUTO-20260321-0035,5300,Operating Expenses,Operating Expenses,Expenses > Operating Expenses,2000.00,,Expense Voucher: EV-CR-20260130-2163 - Shyam
30/01/2026,Payment,AUTO-20260321-0035,1001,Cash-in-Hand,Cash & Cash Equivalents,Assets > Current Assets > Cash & Cash Equivalents,,2000.00,Expense Voucher: EV-CR-20260130-2163 - Shyam
30/01/2026,Payment,AUTO-20260321-0036,5300,Operating Expenses,Operating Expenses,Expenses > Operating Expenses,200.00,,Expense Voucher: EV-CR-20260130-9710 - Ramesh
30/01/2026,Payment,AUTO-20260321-0036,1001,Cash-in-Hand,Cash & Cash Equivalents,Assets > Current Assets > Cash & Cash Equivalents,,200.00,Expense Voucher: EV-CR-20260130-9710 - Ramesh
30/01/2026,Payment,AUTO-20260321-0037,5300,Operating Expenses,Operating Expenses,Expenses > Operating Expenses,3000.00,,Expense Voucher: EV-CR-20260130-8244 - Santhosh
30/01/2026,Payment,AUTO-20260321-0037,1001,Cash-in-Hand,Cash & Cash Equivalents,Assets > Current Assets > Cash & Cash Equivalents,,3000.00,Expense Voucher: EV-CR-20260130-8244 - Santhosh
30/01/2026,Payment,AUTO-20260321-0038,5300,Operating Expenses,Operating Expenses,Expenses > Operating Expenses,550.00,,Expense Voucher: EV-CR-20260130-5045 - Krishna
30/01/2026,Payment,AUTO-20260321-0038,1001,Cash-in-Hand,Cash & Cash Equivalents,Assets > Current Assets > Cash & Cash Equivalents,,550.00,Expense Voucher: EV-CR-20260130-5045 - Krishna
30/01/2026,Payment,AUTO-20260321-0039,5300,Operating Expenses,Operating Expenses,Expenses > Operating Expenses,16520.00,,Expense Voucher: EV-CR-20260130-2585 - Naveen
30/01/2026,Payment,AUTO-20260321-0039,1001,Cash-in-Hand,Cash & Cash Equivalents,Assets > Current Assets > Cash & Cash Equivalents,,16520.00,Expense Voucher: EV-CR-20260130-2585 - Naveen
30/01/2026,Payment,AUTO-20260321-0040,5300,Operating Expenses,Operating Expenses,Expenses > Operating Expenses,500.00,,Expense Voucher: EV-CR-20260130-6065 - Naveen
30/01/2026,Payment,AUTO-20260321-0040,1001,Cash-in-Hand,Cash & Cash Equivalents,Assets > Current Assets > Cash & Cash Equivalents,,500.00,Expense Voucher: EV-CR-20260130-6065 - Naveen
30/01/2026,Payment,AUTO-20260321-0041,5300,Operating Expenses,Operating Expenses,Expenses > Operating Expenses,600.00,,Expense Voucher: EV-CR-20260130-1024 - Anikith
30/01/2026,Payment,AUTO-20260321-0041,1001,Cash-in-Hand,Cash & Cash Equivalents,Assets > Current Assets > Cash & Cash Equivalents,,600.00,Expense Voucher: EV-CR-20260130-1024 - Anikith
30/01/2026,Payment,AUTO-20260321-0042,5300,Operating Expenses,Operating Expenses,Expenses > Operating Expenses,840.00,,Expense Voucher: EV-CR-20260130-2343 - Krishna
30/01/2026,Payment,AUTO-20260321-0042,1001,Cash-in-Hand,Cash & Cash Equivalents,Assets > Current Assets > Cash & Cash Equivalents,,840.00,Expense Voucher: EV-CR-20260130-2343 - Krishna
30/01/2026,Payment,AUTO-20260321-0043,5300,Operating Expenses,Operating Expenses,Expenses > Operating Expenses,520.00,,Expense Voucher: EV-CR-20260130-1376 - shyam
30/01/2026,Payment,AUTO-20260321-0043,1001,Cash-in-Hand,Cash & Cash Equivalents,Assets > Current Assets > Cash & Cash Equivalents,,520.00,Expense Voucher: EV-CR-20260130-1376 - shyam
31/01/2026,Payment,AUTO-20260321-0045,5300,Operating Expenses,Operating Expenses,Expenses > Operating Expenses,6000.00,,Expense Voucher: EV-CR-20260131-3649 - Hari
31/01/2026,Payment,AUTO-20260321-0045,1001,Cash-in-Hand,Cash & Cash Equivalents,Assets > Current Assets > Cash & Cash Equivalents,,6000.00,Expense Voucher: EV-CR-20260131-3649 - Hari
31/01/2026,Payment,AUTO-20260321-0046,5300,Operating Expenses,Operating Expenses,Expenses > Operating Expenses,3000.00,,Expense Voucher: EV-CR-20260131-8445 - Hari
31/01/2026,Payment,AUTO-20260321-0046,1001,Cash-in-Hand,Cash & Cash Equivalents,Assets > Current Assets > Cash & Cash Equivalents,,3000.00,Expense Voucher: EV-CR-20260131-8445 - Hari
31/01/2026,Payment,AUTO-20260321-0047,5300,Operating Expenses,Operating Expenses,Expenses > Operating Expenses,800.00,,Expense Voucher: EV-CR-20260131-6543 - Hari
31/01/2026,Payment,AUTO-20260321-0047,1001,Cash-in-Hand,Cash & Cash Equivalents,Assets > Current Assets > Cash & Cash Equivalents,,800.00,Expense Voucher: EV-CR-20260131-6543 - Hari
31/01/2026,Payment,AUTO-20260321-0048,5300,Operating Expenses,Operating Expenses,Expenses > Operating Expenses,1170.00,,Expense Voucher: EV-CR-20260131-3608 - Rambabu
31/01/2026,Payment,AUTO-20260321-0048,1001,Cash-in-Hand,Cash & Cash Equivalents,Assets > Current Assets > Cash & Cash Equivalents,,1170.00,Expense Voucher: EV-CR-20260131-3608 - Rambabu
31/01/2026,Payment,AUTO-20260321-0049,5300,Operating Expenses,Operating Expenses,Expenses > Operating Expenses,2374.00,,Expense Voucher: EV-CR-20260131-4728 - Naveen
31/01/2026,Payment,AUTO-20260321-0049,1001,Cash-in-Hand,Cash & Cash Equivalents,Assets > Current Assets > Cash & Cash Equivalents,,2374.00,Expense Voucher: EV-CR-20260131-4728 - Naveen
31/01/2026,Payment,AUTO-20260321-0050,5300,Operating Expenses,Operating Expenses,Expenses > Operating Expenses,2600.00,,Expense Voucher: EV-CR-20260131-7885 - Krishna
31/01/2026,Payment,AUTO-20260321-0050,1001,Cash-in-Hand,Cash & Cash Equivalents,Assets > Current Assets > Cash & Cash Equivalents,,2600.00,Expense Voucher: EV-CR-20260131-7885 - Krishna
31/01/2026,Payment,AUTO-20260321-0051,5300,Operating Expenses,Operating Expenses,Expenses > Operating Expenses,250.00,,Expense Voucher: EV-CR-20260131-8408 - Naveen
31/01/2026,Payment,AUTO-20260321-0051,1001,Cash-in-Hand,Cash & Cash Equivalents,Assets > Current Assets > Cash & Cash Equivalents,,250.00,Expense Voucher: EV-CR-20260131-8408 - Naveen
31/01/2026,Payment,AUTO-20260321-0052,5300,Operating Expenses,Operating Expenses,Expenses > Operating Expenses,1500.00,,Expense Voucher: EV-CR-20260131-9624 - Vickey
31/01/2026,Payment,AUTO-20260321-0052,1001,Cash-in-Hand,Cash & Cash Equivalents,Assets > Current Assets > Cash & Cash Equivalents,,1500.00,Expense Voucher: EV-CR-20260131-9624 - Vickey
01/02/2026,Payment,AUTO-20260321-0053,5300,Operating Expenses,Operating Expenses,Expenses > Operating Expenses,2000.00,,Expense Voucher: EV-CR-20260201-7826 - Vickey
01/02/2026,Payment,AUTO-20260321-0053,1001,Cash-in-Hand,Cash & Cash Equivalents,Assets > Current Assets > Cash & Cash Equivalents,,2000.00,Expense Voucher: EV-CR-20260201-7826 - Vickey
01/02/2026,Payment,AUTO-20260321-0054,5300,Operating Expenses,Operating Expenses,Expenses > Operating Expenses,480.00,,Expense Voucher: EV-CR-20260201-3865 - Vamsi
01/02/2026,Payment,AUTO-20260321-0054,1001,Cash-in-Hand,Cash & Cash Equivalents,Assets > Current Assets > Cash & Cash Equivalents,,480.00,Expense Voucher: EV-CR-20260201-3865 - Vamsi
01/02/2026,Payment,AUTO-20260321-0055,5300,Operating Expenses,Operating Expenses,Expenses > Operating Expenses,1070.00,,Expense Voucher: EV-CR-20260201-1781 - SNK Grands
01/02/2026,Payment,AUTO-20260321-0055,1001,Cash-in-Hand,Cash & Cash Equivalents,Assets > Current Assets > Cash & Cash Equivalents,,1070.00,Expense Voucher: EV-CR-20260201-1781 - SNK Grands
01/02/2026,Payment,AUTO-20260321-0056,5300,Operating Expenses,Operating Expenses,Expenses > Operating Expenses,200.00,,Expense Voucher: EV-CR-20260201-5361 - krishna
01/02/2026,Payment,AUTO-20260321-0056,1001,Cash-in-Hand,Cash & Cash Equivalents,Assets > Current Assets > Cash & Cash Equivalents,,200.00,Expense Voucher: EV-CR-20260201-5361 - krishna
01/02/2026,Payment,AUTO-20260321-0057,5300,Operating Expenses,Operating Expenses,Expenses > Operating Expenses,3500.00,,Expense Voucher: EV-CR-20260201-6688 - Vickey
01/02/2026,Payment,AUTO-20260321-0057,1001,Cash-in-Hand,Cash & Cash Equivalents,Assets > Current Assets > Cash & Cash Equivalents,,3500.00,Expense Voucher: EV-CR-20260201-6688 - Vickey
02/02/2026,Payment,AUTO-20260321-0058,5300,Operating Expenses,Operating Expenses,Expenses > Operating Expenses,3000.00,,Expense Voucher: EV-CR-20260202-1819 - Vickey
02/02/2026,Payment,AUTO-20260321-0058,1001,Cash-in-Hand,Cash & Cash Equivalents,Assets > Current Assets > Cash & Cash Equivalents,,3000.00,Expense Voucher: EV-CR-20260202-1819 - Vickey
02/02/2026,Payment,AUTO-20260321-0059,5300,Operating Expenses,Operating Expenses,Expenses > Operating Expenses,3000.00,,Expense Voucher: EV-CR-20260202-7665 - Ramesh
02/02/2026,Payment,AUTO-20260321-0059,1001,Cash-in-Hand,Cash & Cash Equivalents,Assets > Current Assets > Cash & Cash Equivalents,,3000.00,Expense Voucher: EV-CR-20260202-7665 - Ramesh
02/02/2026,Payment,AUTO-20260321-0060,5300,Operating Expenses,Operating Expenses,Expenses > Operating Expenses,1000.00,,Expense Voucher: EV-CR-20260202-8560 - Vickey
02/02/2026,Payment,AUTO-20260321-0060,1001,Cash-in-Hand,Cash & Cash Equivalents,Assets > Current Assets > Cash & Cash Equivalents,,1000.00,Expense Voucher: EV-CR-20260202-8560 - Vickey
03/02/2026,Payment,AUTO-20260321-0062,5300,Operating Expenses,Operating Expenses,Expenses > Operating Expenses,600.00,,Expense Voucher: EV-CR-20260203-1384 - Pankaj
03/02/2026,Payment,AUTO-20260321-0062,1001,Cash-in-Hand,Cash & Cash Equivalents,Assets > Current Assets > Cash & Cash Equivalents,,600.00,Expense Voucher: EV-CR-20260203-1384 - Pankaj
03/02/2026,Payment,AUTO-20260321-0064,5300,Operating Expenses,Operating Expenses,Expenses > Operating Expenses,500.00,,Expense Voucher: EV-CR-20260203-4981 - pankaj
03/02/2026,Payment,AUTO-20260321-0064,1001,Cash-in-Hand,Cash & Cash Equivalents,Assets > Current Assets > Cash & Cash Equivalents,,500.00,Expense Voucher: EV-CR-20260203-4981 - pankaj
03/02/2026,Payment,AUTO-20260321-0065,5300,Operating Expenses,Operating Expenses,Expenses > Operating Expenses,3000.00,,Expense Voucher: EV-CR-20260203-5477 - Lakshman
03/02/2026,Payment,AUTO-20260321-0065,1001,Cash-in-Hand,Cash & Cash Equivalents,Assets > Current Assets > Cash & Cash Equivalents,,3000.00,Expense Voucher: EV-CR-20260203-5477 - Lakshman
03/02/2026,Payment,AUTO-20260321-0066,5300,Operating Expenses,Operating Expenses,Expenses > Operating Expenses,3000.00,,Expense Voucher: EV-CR-20260203-1005 - Santhosh 
03/02/2026,Payment,AUTO-20260321-0066,1001,Cash-in-Hand,Cash & Cash Equivalents,Assets > Current Assets > Cash & Cash Equivalents,,3000.00,Expense Voucher: EV-CR-20260203-1005 - Santhosh 
03/02/2026,Payment,AUTO-20260321-0067,5300,Operating Expenses,Operating Expenses,Expenses > Operating Expenses,4000.00,,Expense Voucher: EV-CR-20260203-7624 - Hari
03/02/2026,Payment,AUTO-20260321-0067,1001,Cash-in-Hand,Cash & Cash Equivalents,Assets > Current Assets > Cash & Cash Equivalents,,4000.00,Expense Voucher: EV-CR-20260203-7624 - Hari
03/02/2026,Payment,AUTO-20260321-0068,5300,Operating Expenses,Operating Expenses,Expenses > Operating Expenses,3000.00,,Expense Voucher: EV-CR-20260203-4392 - Hari
03/02/2026,Payment,AUTO-20260321-0068,1001,Cash-in-Hand,Cash & Cash Equivalents,Assets > Current Assets > Cash & Cash Equivalents,,3000.00,Expense Voucher: EV-CR-20260203-4392 - Hari
03/02/2026,Payment,AUTO-20260321-0069,5300,Operating Expenses,Operating Expenses,Expenses > Operating Expenses,200.00,,Expense Voucher: EV-CR-20260203-3704 - Hari
03/02/2026,Payment,AUTO-20260321-0069,1001,Cash-in-Hand,Cash & Cash Equivalents,Assets > Current Assets > Cash & Cash Equivalents,,200.00,Expense Voucher: EV-CR-20260203-3704 - Hari
03/02/2026,Payment,AUTO-20260321-0074,5300,Operating Expenses,Operating Expenses,Expenses > Operating Expenses,100.00,,Expense Voucher: EV-CR-20260203-1465 - Hari
03/02/2026,Payment,AUTO-20260321-0074,1001,Cash-in-Hand,Cash & Cash Equivalents,Assets > Current Assets > Cash & Cash Equivalents,,100.00,Expense Voucher: EV-CR-20260203-1465 - Hari
03/02/2026,Payment,AUTO-20260321-0075,5300,Operating Expenses,Operating Expenses,Expenses > Operating Expenses,150.00,,Expense Voucher: EV-CR-20260203-8900 - Hari
03/02/2026,Payment,AUTO-20260321-0075,1001,Cash-in-Hand,Cash & Cash Equivalents,Assets > Current Assets > Cash & Cash Equivalents,,150.00,Expense Voucher: EV-CR-20260203-8900 - Hari
04/02/2026,Payment,AUTO-20260321-0077,5300,Operating Expenses,Operating Expenses,Expenses > Operating Expenses,3000.00,,Expense Voucher: EV-CR-20260204-7918 - Lakshman
04/02/2026,Payment,AUTO-20260321-0077,1001,Cash-in-Hand,Cash & Cash Equivalents,Assets > Current Assets > Cash & Cash Equivalents,,3000.00,Expense Voucher: EV-CR-20260204-7918 - Lakshman
04/02/2026,Payment,AUTO-20260321-0111,5300,Operating Expenses,Operating Expenses,Expenses > Operating Expenses,800.00,,Expense Voucher: EV-CR-20260204-8576 - lakhman 
04/02/2026,Payment,AUTO-20260321-0111,1001,Cash-in-Hand,Cash & Cash Equivalents,Assets > Current Assets > Cash & Cash Equivalents,,800.00,Expense Voucher: EV-CR-20260204-8576 - lakhman 
04/02/2026,Payment,AUTO-20260321-0112,5300,Operating Expenses,Operating Expenses,Expenses > Operating Expenses,12000.00,,Expense Voucher: EV-CR-20260204-5180 - showri 
04/02/2026,Payment,AUTO-20260321-0112,1001,Cash-in-Hand,Cash & Cash Equivalents,Assets > Current Assets > Cash & Cash Equivalents,,12000.00,Expense Voucher: EV-CR-20260204-5180 - showri 
05/02/2026,Payment,AUTO-20260321-0116,5300,Operating Expenses,Operating Expenses,Expenses > Operating Expenses,6000.00,,Expense Voucher: EV-CR-20260205-8021 - HARI 
05/02/2026,Payment,AUTO-20260321-0116,1001,Cash-in-Hand,Cash & Cash Equivalents,Assets > Current Assets > Cash & Cash Equivalents,,6000.00,Expense Voucher: EV-CR-20260205-8021 - HARI 
05/02/2026,Payment,AUTO-20260321-0117,5300,Operating Expenses,Operating Expenses,Expenses > Operating Expenses,2850.00,,Expense Voucher: EV-CR-20260205-8230 - Hari
05/02/2026,Payment,AUTO-20260321-0117,1001,Cash-in-Hand,Cash & Cash Equivalents,Assets > Current Assets > Cash & Cash Equivalents,,2850.00,Expense Voucher: EV-CR-20260205-8230 - Hari
05/02/2026,Payment,AUTO-20260321-0118,5300,Operating Expenses,Operating Expenses,Expenses > Operating Expenses,620.00,,Expense Voucher: EV-CR-20260205-8432 - hari
05/02/2026,Payment,AUTO-20260321-0118,1001,Cash-in-Hand,Cash & Cash Equivalents,Assets > Current Assets > Cash & Cash Equivalents,,620.00,Expense Voucher: EV-CR-20260205-8432 - hari
05/02/2026,Payment,AUTO-20260321-0119,5300,Operating Expenses,Operating Expenses,Expenses > Operating Expenses,430.00,,Expense Voucher: EV-CR-20260205-7414 - staff
05/02/2026,Payment,AUTO-20260321-0119,1001,Cash-in-Hand,Cash & Cash Equivalents,Assets > Current Assets > Cash & Cash Equivalents,,430.00,Expense Voucher: EV-CR-20260205-7414 - staff
06/02/2026,Payment,AUTO-20260321-0123,5300,Operating Expenses,Operating Expenses,Expenses > Operating Expenses,3000.00,,Expense Voucher: EV-CR-20260206-2478 - Ramesh
06/02/2026,Payment,AUTO-20260321-0123,1001,Cash-in-Hand,Cash & Cash Equivalents,Assets > Current Assets > Cash & Cash Equivalents,,3000.00,Expense Voucher: EV-CR-20260206-2478 - Ramesh
06/02/2026,Payment,AUTO-20260321-0124,5300,Operating Expenses,Operating Expenses,Expenses > Operating Expenses,3000.00,,Expense Voucher: EV-CR-20260206-2691 - Santhosh
06/02/2026,Payment,AUTO-20260321-0124,1001,Cash-in-Hand,Cash & Cash Equivalents,Assets > Current Assets > Cash & Cash Equivalents,,3000.00,Expense Voucher: EV-CR-20260206-2691 - Santhosh
06/02/2026,Payment,AUTO-20260321-0125,5300,Operating Expenses,Operating Expenses,Expenses > Operating Expenses,250.00,,Expense Voucher: EV-CR-20260206-2897 -  Laxman & helper
06/02/2026,Payment,AUTO-20260321-0125,1001,Cash-in-Hand,Cash & Cash Equivalents,Assets > Current Assets > Cash & Cash Equivalents,,250.00,Expense Voucher: EV-CR-20260206-2897 -  Laxman & helper
07/02/2026,Payment,AUTO-20260321-0128,5300,Operating Expenses,Operating Expenses,Expenses > Operating Expenses,7300.00,,Expense Voucher: EV-CR-20260207-3678 - Madugula
07/02/2026,Payment,AUTO-20260321-0128,1001,Cash-in-Hand,Cash & Cash Equivalents,Assets > Current Assets > Cash & Cash Equivalents,,7300.00,Expense Voucher: EV-CR-20260207-3678 - Madugula
07/02/2026,Payment,AUTO-20260321-0129,5300,Operating Expenses,Operating Expenses,Expenses > Operating Expenses,5400.00,,Expense Voucher: EV-CR-20260207-3887 - Hari trip
07/02/2026,Payment,AUTO-20260321-0129,1001,Cash-in-Hand,Cash & Cash Equivalents,Assets > Current Assets > Cash & Cash Equivalents,,5400.00,Expense Voucher: EV-CR-20260207-3887 - Hari trip
07/02/2026,Payment,AUTO-20260321-0130,5300,Operating Expenses,Operating Expenses,Expenses > Operating Expenses,3000.00,,Expense Voucher: EV-CR-20260207-4092 - Laxman
07/02/2026,Payment,AUTO-20260321-0130,1001,Cash-in-Hand,Cash & Cash Equivalents,Assets > Current Assets > Cash & Cash Equivalents,,3000.00,Expense Voucher: EV-CR-20260207-4092 - Laxman
07/02/2026,Payment,AUTO-20260321-0131,5300,Operating Expenses,Operating Expenses,Expenses > Operating Expenses,1080.00,,Expense Voucher: EV-CR-20260207-4297 - Milk 
07/02/2026,Payment,AUTO-20260321-0131,1001,Cash-in-Hand,Cash & Cash Equivalents,Assets > Current Assets > Cash & Cash Equivalents,,1080.00,Expense Voucher: EV-CR-20260207-4297 - Milk 
09/02/2026,Payment,AUTO-20260321-0135,5300,Operating Expenses,Operating Expenses,Expenses > Operating Expenses,7000.00,,Expense Voucher: EV-CR-20260209-2013 - 3BHK rent
09/02/2026,Payment,AUTO-20260321-0135,1001,Cash-in-Hand,Cash & Cash Equivalents,Assets > Current Assets > Cash & Cash Equivalents,,7000.00,Expense Voucher: EV-CR-20260209-2013 - 3BHK rent
09/02/2026,Payment,AUTO-20260321-0136,5300,Operating Expenses,Operating Expenses,Expenses > Operating Expenses,700.00,,Expense Voucher: EV-CR-20260209-2224 - Staff snacks
09/02/2026,Payment,AUTO-20260321-0136,1001,Cash-in-Hand,Cash & Cash Equivalents,Assets > Current Assets > Cash & Cash Equivalents,,700.00,Expense Voucher: EV-CR-20260209-2224 - Staff snacks
09/02/2026,Payment,AUTO-20260321-0137,5300,Operating Expenses,Operating Expenses,Expenses > Operating Expenses,910.00,,Expense Voucher: EV-CR-20260209-2432 - staff
09/02/2026,Payment,AUTO-20260321-0137,1001,Cash-in-Hand,Cash & Cash Equivalents,Assets > Current Assets > Cash & Cash Equivalents,,910.00,Expense Voucher: EV-CR-20260209-2432 - staff
10/02/2026,Payment,AUTO-20260321-0141,5300,Operating Expenses,Operating Expenses,Expenses > Operating Expenses,8580.00,,Expense Voucher: EV-CR-20260210-7033 - Hari
10/02/2026,Payment,AUTO-20260321-0141,1001,Cash-in-Hand,Cash & Cash Equivalents,Assets > Current Assets > Cash & Cash Equivalents,,8580.00,Expense Voucher: EV-CR-20260210-7033 - Hari
10/02/2026,Payment,AUTO-20260321-0142,5300,Operating Expenses,Operating Expenses,Expenses > Operating Expenses,3000.00,,Expense Voucher: EV-CR-20260210-7577 - Ramesh
10/02/2026,Payment,AUTO-20260321-0142,1001,Cash-in-Hand,Cash & Cash Equivalents,Assets > Current Assets > Cash & Cash Equivalents,,3000.00,Expense Voucher: EV-CR-20260210-7577 - Ramesh
10/02/2026,Payment,AUTO-20260321-0144,5300,Operating Expenses,Operating Expenses,Expenses > Operating Expenses,500.00,,Expense Voucher: EV-CR-20260210-8650 - BUSINESS
10/02/2026,Payment,AUTO-20260321-0144,1001,Cash-in-Hand,Cash & Cash Equivalents,Assets > Current Assets > Cash & Cash Equivalents,,500.00,Expense Voucher: EV-CR-20260210-8650 - BUSINESS
10/02/2026,Payment,AUTO-20260321-0145,5300,Operating Expenses,Operating Expenses,Expenses > Operating Expenses,600.00,,Expense Voucher: EV-CR-20260210-8114 - Extra kalasi
10/02/2026,Payment,AUTO-20260321-0145,1001,Cash-in-Hand,Cash & Cash Equivalents,Assets > Current Assets > Cash & Cash Equivalents,,600.00,Expense Voucher: EV-CR-20260210-8114 - Extra kalasi
11/02/2026,Payment,AUTO-20260321-0147,5300,Operating Expenses,Operating Expenses,Expenses > Operating Expenses,10650.00,,Expense Voucher: EV-CR-20260211-2868 - BUSINESS
11/02/2026,Payment,AUTO-20260321-0147,1001,Cash-in-Hand,Cash & Cash Equivalents,Assets > Current Assets > Cash & Cash Equivalents,,10650.00,Expense Voucher: EV-CR-20260211-2868 - BUSINESS
11/02/2026,Payment,AUTO-20260321-0148,5300,Operating Expenses,Operating Expenses,Expenses > Operating Expenses,2000.00,,Expense Voucher: EV-CR-20260211-3088 - FastTag
11/02/2026,Payment,AUTO-20260321-0148,1001,Cash-in-Hand,Cash & Cash Equivalents,Assets > Current Assets > Cash & Cash Equivalents,,2000.00,Expense Voucher: EV-CR-20260211-3088 - FastTag
11/02/2026,Payment,AUTO-20260321-0149,5300,Operating Expenses,Operating Expenses,Expenses > Operating Expenses,775.00,,Expense Voucher: EV-CR-20260211-3299 - BUSINESS
11/02/2026,Payment,AUTO-20260321-0149,1001,Cash-in-Hand,Cash & Cash Equivalents,Assets > Current Assets > Cash & Cash Equivalents,,775.00,Expense Voucher: EV-CR-20260211-3299 - BUSINESS
11/02/2026,Payment,AUTO-20260321-0150,5300,Operating Expenses,Operating Expenses,Expenses > Operating Expenses,250.00,,Expense Voucher: EV-CR-20260211-3506 - Rapido
11/02/2026,Payment,AUTO-20260321-0150,1001,Cash-in-Hand,Cash & Cash Equivalents,Assets > Current Assets > Cash & Cash Equivalents,,250.00,Expense Voucher: EV-CR-20260211-3506 - Rapido
11/02/2026,Payment,AUTO-20260321-0151,5300,Operating Expenses,Operating Expenses,Expenses > Operating Expenses,3000.00,,Expense Voucher: EV-CR-20260211-3716 - Santhosh
11/02/2026,Payment,AUTO-20260321-0151,1001,Cash-in-Hand,Cash & Cash Equivalents,Assets > Current Assets > Cash & Cash Equivalents,,3000.00,Expense Voucher: EV-CR-20260211-3716 - Santhosh
11/02/2026,Payment,AUTO-20260321-0152,5300,Operating Expenses,Operating Expenses,Expenses > Operating Expenses,3000.00,,Expense Voucher: EV-CR-20260211-3922 - Laxman
11/02/2026,Payment,AUTO-20260321-0152,1001,Cash-in-Hand,Cash & Cash Equivalents,Assets > Current Assets > Cash & Cash Equivalents,,3000.00,Expense Voucher: EV-CR-20260211-3922 - Laxman
11/02/2026,Payment,AUTO-20260321-0153,5300,Operating Expenses,Operating Expenses,Expenses > Operating Expenses,1000.00,,Expense Voucher: EV-CR-20260211-4127 - BUSINESS
11/02/2026,Payment,AUTO-20260321-0153,1001,Cash-in-Hand,Cash & Cash Equivalents,Assets > Current Assets > Cash & Cash Equivalents,,1000.00,Expense Voucher: EV-CR-20260211-4127 - BUSINESS
12/02/2026,Payment,AUTO-20260321-0155,5300,Operating Expenses,Operating Expenses,Expenses > Operating Expenses,5000.00,,Expense Voucher: EV-CR-20260212-2797 - Vivek salary (7 days)
12/02/2026,Payment,AUTO-20260321-0155,1001,Cash-in-Hand,Cash & Cash Equivalents,Assets > Current Assets > Cash & Cash Equivalents,,5000.00,Expense Voucher: EV-CR-20260212-2797 - Vivek salary (7 days)
12/02/2026,Payment,AUTO-20260321-0156,5300,Operating Expenses,Operating Expenses,Expenses > Operating Expenses,3900.00,,Expense Voucher: EV-CR-20260212-3006 - Sanjeev salary (7 days)
12/02/2026,Payment,AUTO-20260321-0156,1001,Cash-in-Hand,Cash & Cash Equivalents,Assets > Current Assets > Cash & Cash Equivalents,,3900.00,Expense Voucher: EV-CR-20260212-3006 - Sanjeev salary (7 days)
12/02/2026,Payment,AUTO-20260321-0157,5300,Operating Expenses,Operating Expenses,Expenses > Operating Expenses,14000.00,,Expense Voucher: EV-CR-20260212-3205 - Dankush salary advance
12/02/2026,Payment,AUTO-20260321-0157,1001,Cash-in-Hand,Cash & Cash Equivalents,Assets > Current Assets > Cash & Cash Equivalents,,14000.00,Expense Voucher: EV-CR-20260212-3205 - Dankush salary advance
12/02/2026,Payment,AUTO-20260321-0158,5300,Operating Expenses,Operating Expenses,Expenses > Operating Expenses,495.00,,Expense Voucher: EV-CR-20260212-3407 - Tea / Coffee / Sugar
12/02/2026,Payment,AUTO-20260321-0158,1001,Cash-in-Hand,Cash & Cash Equivalents,Assets > Current Assets > Cash & Cash Equivalents,,495.00,Expense Voucher: EV-CR-20260212-3407 - Tea / Coffee / Sugar
12/02/2026,Payment,AUTO-20260321-0159,5300,Operating Expenses,Operating Expenses,Expenses > Operating Expenses,700.00,,Expense Voucher: EV-CR-20260212-4430 - Aluminium welding
12/02/2026,Payment,AUTO-20260321-0159,1001,Cash-in-Hand,Cash & Cash Equivalents,Assets > Current Assets > Cash & Cash Equivalents,,700.00,Expense Voucher: EV-CR-20260212-4430 - Aluminium welding
12/02/2026,Payment,AUTO-20260321-0160,5300,Operating Expenses,Operating Expenses,Expenses > Operating Expenses,74.00,,Expense Voucher: EV-CR-20260212-4636 - Books
12/02/2026,Payment,AUTO-20260321-0160,1001,Cash-in-Hand,Cash & Cash Equivalents,Assets > Current Assets > Cash & Cash Equivalents,,74.00,Expense Voucher: EV-CR-20260212-4636 - Books
12/02/2026,Payment,AUTO-20260321-0161,5300,Operating Expenses,Operating Expenses,Expenses > Operating Expenses,200.00,,Expense Voucher: EV-CR-20260212-4838 - Nuts & bolts
12/02/2026,Payment,AUTO-20260321-0161,1001,Cash-in-Hand,Cash & Cash Equivalents,Assets > Current Assets > Cash & Cash Equivalents,,200.00,Expense Voucher: EV-CR-20260212-4838 - Nuts & bolts
13/02/2026,Payment,AUTO-20260321-0163,5300,Operating Expenses,Operating Expenses,Expenses > Operating Expenses,3000.00,,Expense Voucher: EV-CR-20260213-2099 - Ramesh
13/02/2026,Payment,AUTO-20260321-0163,1001,Cash-in-Hand,Cash & Cash Equivalents,Assets > Current Assets > Cash & Cash Equivalents,,3000.00,Expense Voucher: EV-CR-20260213-2099 - Ramesh
13/02/2026,Payment,AUTO-20260321-0164,5300,Operating Expenses,Operating Expenses,Expenses > Operating Expenses,3000.00,,Expense Voucher: EV-CR-20260213-2307 - Santhosh
13/02/2026,Payment,AUTO-20260321-0164,1001,Cash-in-Hand,Cash & Cash Equivalents,Assets > Current Assets > Cash & Cash Equivalents,,3000.00,Expense Voucher: EV-CR-20260213-2307 - Santhosh
13/02/2026,Payment,AUTO-20260321-0165,5300,Operating Expenses,Operating Expenses,Expenses > Operating Expenses,300.00,,Expense Voucher: EV-CR-20260213-2508 - Extra kalasi
13/02/2026,Payment,AUTO-20260321-0165,1001,Cash-in-Hand,Cash & Cash Equivalents,Assets > Current Assets > Cash & Cash Equivalents,,300.00,Expense Voucher: EV-CR-20260213-2508 - Extra kalasi
14/02/2026,Payment,AUTO-20260321-0167,5300,Operating Expenses,Operating Expenses,Expenses > Operating Expenses,9400.00,,Expense Voucher: EV-CR-20260214-5744 - Hari 
14/02/2026,Payment,AUTO-20260321-0167,1001,Cash-in-Hand,Cash & Cash Equivalents,Assets > Current Assets > Cash & Cash Equivalents,,9400.00,Expense Voucher: EV-CR-20260214-5744 - Hari 
14/02/2026,Payment,AUTO-20260321-0168,5300,Operating Expenses,Operating Expenses,Expenses > Operating Expenses,4500.00,,Expense Voucher: EV-CR-20260214-5950 - Dankush salary (clear)
14/02/2026,Payment,AUTO-20260321-0168,1001,Cash-in-Hand,Cash & Cash Equivalents,Assets > Current Assets > Cash & Cash Equivalents,,4500.00,Expense Voucher: EV-CR-20260214-5950 - Dankush salary (clear)
14/02/2026,Payment,AUTO-20260321-0169,5300,Operating Expenses,Operating Expenses,Expenses > Operating Expenses,300.00,,Expense Voucher: EV-CR-20260214-6149 - Extra kalasi
14/02/2026,Payment,AUTO-20260321-0169,1001,Cash-in-Hand,Cash & Cash Equivalents,Assets > Current Assets > Cash & Cash Equivalents,,300.00,Expense Voucher: EV-CR-20260214-6149 - Extra kalasi
14/02/2026,Payment,AUTO-20260321-0170,5300,Operating Expenses,Operating Expenses,Expenses > Operating Expenses,350.00,,Expense Voucher: EV-CR-20260214-6349 - Kalasi snacks
14/02/2026,Payment,AUTO-20260321-0170,1001,Cash-in-Hand,Cash & Cash Equivalents,Assets > Current Assets > Cash & Cash Equivalents,,350.00,Expense Voucher: EV-CR-20260214-6349 - Kalasi snacks
14/02/2026,Payment,AUTO-20260321-0171,5300,Operating Expenses,Operating Expenses,Expenses > Operating Expenses,3000.00,,Expense Voucher: EV-CR-20260214-6548 - Laxman
14/02/2026,Payment,AUTO-20260321-0171,1001,Cash-in-Hand,Cash & Cash Equivalents,Assets > Current Assets > Cash & Cash Equivalents,,3000.00,Expense Voucher: EV-CR-20260214-6548 - Laxman
16/02/2026,Payment,AUTO-20260321-0173,5300,Operating Expenses,Operating Expenses,Expenses > Operating Expenses,800.00,,Expense Voucher: EV-CR-20260216-3780 - Kalasi OT
16/02/2026,Payment,AUTO-20260321-0173,1001,Cash-in-Hand,Cash & Cash Equivalents,Assets > Current Assets > Cash & Cash Equivalents,,800.00,Expense Voucher: EV-CR-20260216-3780 - Kalasi OT
16/02/2026,Payment,AUTO-20260321-0174,5300,Operating Expenses,Operating Expenses,Expenses > Operating Expenses,500.00,,Expense Voucher: EV-CR-20260216-3984 - Medical
16/02/2026,Payment,AUTO-20260321-0174,1001,Cash-in-Hand,Cash & Cash Equivalents,Assets > Current Assets > Cash & Cash Equivalents,,500.00,Expense Voucher: EV-CR-20260216-3984 - Medical
16/02/2026,Payment,AUTO-20260321-0175,5300,Operating Expenses,Operating Expenses,Expenses > Operating Expenses,1080.00,,Expense Voucher: EV-CR-20260216-4186 - Milk 
16/02/2026,Payment,AUTO-20260321-0175,1001,Cash-in-Hand,Cash & Cash Equivalents,Assets > Current Assets > Cash & Cash Equivalents,,1080.00,Expense Voucher: EV-CR-20260216-4186 - Milk 
16/02/2026,Payment,AUTO-20260321-0178,5300,Operating Expenses,Operating Expenses,Expenses > Operating Expenses,140.00,,Expense Voucher: EV-CR-20260216-4869 - Milk packets
16/02/2026,Payment,AUTO-20260321-0178,1001,Cash-in-Hand,Cash & Cash Equivalents,Assets > Current Assets > Cash & Cash Equivalents,,140.00,Expense Voucher: EV-CR-20260216-4869 - Milk packets
16/02/2026,Payment,AUTO-20260321-0179,5300,Operating Expenses,Operating Expenses,Expenses > Operating Expenses,600.00,,Expense Voucher: EV-CR-20260216-5070 - Vegetables 
16/02/2026,Payment,AUTO-20260321-0179,1001,Cash-in-Hand,Cash & Cash Equivalents,Assets > Current Assets > Cash & Cash Equivalents,,600.00,Expense Voucher: EV-CR-20260216-5070 - Vegetables 
16/02/2026,Payment,AUTO-20260321-0180,5300,Operating Expenses,Operating Expenses,Expenses > Operating Expenses,7000.00,,Expense Voucher: EV-CR-20260216-5271 - Grocery 
16/02/2026,Payment,AUTO-20260321-0180,1001,Cash-in-Hand,Cash & Cash Equivalents,Assets > Current Assets > Cash & Cash Equivalents,,7000.00,Expense Voucher: EV-CR-20260216-5271 - Grocery 
16/02/2026,Payment,AUTO-20260321-0181,5300,Operating Expenses,Operating Expenses,Expenses > Operating Expenses,300.00,,Expense Voucher: EV-CR-20260216-5473 - Petrol 
16/02/2026,Payment,AUTO-20260321-0181,1001,Cash-in-Hand,Cash & Cash Equivalents,Assets > Current Assets > Cash & Cash Equivalents,,300.00,Expense Voucher: EV-CR-20260216-5473 - Petrol 
16/02/2026,Payment,AUTO-20260321-0182,5300,Operating Expenses,Operating Expenses,Expenses > Operating Expenses,300.00,,Expense Voucher: EV-CR-20260216-5673 - BUSINESS
16/02/2026,Payment,AUTO-20260321-0182,1001,Cash-in-Hand,Cash & Cash Equivalents,Assets > Current Assets > Cash & Cash Equivalents,,300.00,Expense Voucher: EV-CR-20260216-5673 - BUSINESS
16/02/2026,Payment,AUTO-20260321-0183,5300,Operating Expenses,Operating Expenses,Expenses > Operating Expenses,7600.00,,Expense Voucher: EV-CR-20260216-4387 - Hari Madugula
16/02/2026,Payment,AUTO-20260321-0183,1001,Cash-in-Hand,Cash & Cash Equivalents,Assets > Current Assets > Cash & Cash Equivalents,,7600.00,Expense Voucher: EV-CR-20260216-4387 - Hari Madugula
16/02/2026,Payment,AUTO-20260321-0184,5300,Operating Expenses,Operating Expenses,Expenses > Operating Expenses,950.00,,Expense Voucher: EV-CR-20260216-4644 - gas
16/02/2026,Payment,AUTO-20260321-0184,1001,Cash-in-Hand,Cash & Cash Equivalents,Assets > Current Assets > Cash & Cash Equivalents,,950.00,Expense Voucher: EV-CR-20260216-4644 - gas
17/02/2026,Payment,AUTO-20260321-0186,5300,Operating Expenses,Operating Expenses,Expenses > Operating Expenses,5800.00,,Expense Voucher: EV-CR-20260217-4541 - Hari Anakapalli
17/02/2026,Payment,AUTO-20260321-0186,1001,Cash-in-Hand,Cash & Cash Equivalents,Assets > Current Assets > Cash & Cash Equivalents,,5800.00,Expense Voucher: EV-CR-20260217-4541 - Hari Anakapalli
17/02/2026,Payment,AUTO-20260321-0187,5300,Operating Expenses,Operating Expenses,Expenses > Operating Expenses,300.00,,Expense Voucher: EV-CR-20260217-4743 - Extra kalasi
17/02/2026,Payment,AUTO-20260321-0187,1001,Cash-in-Hand,Cash & Cash Equivalents,Assets > Current Assets > Cash & Cash Equivalents,,300.00,Expense Voucher: EV-CR-20260217-4743 - Extra kalasi
17/02/2026,Payment,AUTO-20260321-0188,5300,Operating Expenses,Operating Expenses,Expenses > Operating Expenses,1000.00,,Expense Voucher: EV-CR-20260217-4944 - Diesel Ramesh
17/02/2026,Payment,AUTO-20260321-0188,1001,Cash-in-Hand,Cash & Cash Equivalents,Assets > Current Assets > Cash & Cash Equivalents,,1000.00,Expense Voucher: EV-CR-20260217-4944 - Diesel Ramesh
18/02/2026,Payment,AUTO-20260321-0190,5300,Operating Expenses,Operating Expenses,Expenses > Operating Expenses,10400.00,,Expense Voucher: EV-CR-20260218-3499 - Hari Amalapuram
18/02/2026,Payment,AUTO-20260321-0190,1001,Cash-in-Hand,Cash & Cash Equivalents,Assets > Current Assets > Cash & Cash Equivalents,,10400.00,Expense Voucher: EV-CR-20260218-3499 - Hari Amalapuram
18/02/2026,Payment,AUTO-20260321-0191,5300,Operating Expenses,Operating Expenses,Expenses > Operating Expenses,2000.00,,Expense Voucher: EV-CR-20260218-3700 - Fasttag 
18/02/2026,Payment,AUTO-20260321-0191,1001,Cash-in-Hand,Cash & Cash Equivalents,Assets > Current Assets > Cash & Cash Equivalents,,2000.00,Expense Voucher: EV-CR-20260218-3700 - Fasttag 
18/02/2026,Payment,AUTO-20260321-0192,5300,Operating Expenses,Operating Expenses,Expenses > Operating Expenses,240.00,,Expense Voucher: EV-CR-20260218-3900 - A4
18/02/2026,Payment,AUTO-20260321-0192,1001,Cash-in-Hand,Cash & Cash Equivalents,Assets > Current Assets > Cash & Cash Equivalents,,240.00,Expense Voucher: EV-CR-20260218-3900 - A4
18/02/2026,Payment,AUTO-20260321-0193,5300,Operating Expenses,Operating Expenses,Expenses > Operating Expenses,2000.00,,Expense Voucher: EV-CR-20260218-4098 - Diesel Laxman
18/02/2026,Payment,AUTO-20260321-0193,1001,Cash-in-Hand,Cash & Cash Equivalents,Assets > Current Assets > Cash & Cash Equivalents,,2000.00,Expense Voucher: EV-CR-20260218-4098 - Diesel Laxman
19/02/2026,Payment,AUTO-20260321-0195,5300,Operating Expenses,Operating Expenses,Expenses > Operating Expenses,3000.00,,Expense Voucher: EV-CR-20260219-9864 - Diesel Santhosh
19/02/2026,Payment,AUTO-20260321-0195,1001,Cash-in-Hand,Cash & Cash Equivalents,Assets > Current Assets > Cash & Cash Equivalents,,3000.00,Expense Voucher: EV-CR-20260219-9864 - Diesel Santhosh
19/02/2026,Payment,AUTO-20260321-0196,5300,Operating Expenses,Operating Expenses,Expenses > Operating Expenses,3000.00,,Expense Voucher: EV-CR-20260219-0401 - Diesel Ramesh
19/02/2026,Payment,AUTO-20260321-0196,1001,Cash-in-Hand,Cash & Cash Equivalents,Assets > Current Assets > Cash & Cash Equivalents,,3000.00,Expense Voucher: EV-CR-20260219-0401 - Diesel Ramesh
19/02/2026,Payment,AUTO-20260321-0197,5300,Operating Expenses,Operating Expenses,Expenses > Operating Expenses,100.00,,Expense Voucher: EV-CR-20260219-0943 - tea
19/02/2026,Payment,AUTO-20260321-0197,1001,Cash-in-Hand,Cash & Cash Equivalents,Assets > Current Assets > Cash & Cash Equivalents,,100.00,Expense Voucher: EV-CR-20260219-0943 - tea
19/02/2026,Payment,AUTO-20260321-0198,5300,Operating Expenses,Operating Expenses,Expenses > Operating Expenses,439.00,,Expense Voucher: EV-CR-20260219-1484 - eb bill
19/02/2026,Payment,AUTO-20260321-0198,1001,Cash-in-Hand,Cash & Cash Equivalents,Assets > Current Assets > Cash & Cash Equivalents,,439.00,Expense Voucher: EV-CR-20260219-1484 - eb bill
19/02/2026,Payment,AUTO-20260321-0199,5300,Operating Expenses,Operating Expenses,Expenses > Operating Expenses,400.00,,Expense Voucher: EV-CR-20260219-2022 - Extra kalasi
19/02/2026,Payment,AUTO-20260321-0199,1001,Cash-in-Hand,Cash & Cash Equivalents,Assets > Current Assets > Cash & Cash Equivalents,,400.00,Expense Voucher: EV-CR-20260219-2022 - Extra kalasi
20/02/2026,Payment,AUTO-20260321-0201,5300,Operating Expenses,Operating Expenses,Expenses > Operating Expenses,3000.00,,Expense Voucher: EV-CR-20260220-9132 - Laxman 
20/02/2026,Payment,AUTO-20260321-0201,1001,Cash-in-Hand,Cash & Cash Equivalents,Assets > Current Assets > Cash & Cash Equivalents,,3000.00,Expense Voucher: EV-CR-20260220-9132 - Laxman 
20/02/2026,Payment,AUTO-20260321-0202,5300,Operating Expenses,Operating Expenses,Expenses > Operating Expenses,9350.00,,Expense Voucher: EV-CR-20260220-9691 - Hari PVP
20/02/2026,Payment,AUTO-20260321-0202,1001,Cash-in-Hand,Cash & Cash Equivalents,Assets > Current Assets > Cash & Cash Equivalents,,9350.00,Expense Voucher: EV-CR-20260220-9691 - Hari PVP
20/02/2026,Payment,AUTO-20260321-0203,5300,Operating Expenses,Operating Expenses,Expenses > Operating Expenses,1003.00,,Expense Voucher: EV-CR-20260220-0219 - Fasttag 
20/02/2026,Payment,AUTO-20260321-0203,1001,Cash-in-Hand,Cash & Cash Equivalents,Assets > Current Assets > Cash & Cash Equivalents,,1003.00,Expense Voucher: EV-CR-20260220-0219 - Fasttag 
20/02/2026,Payment,AUTO-20260321-0204,5300,Operating Expenses,Operating Expenses,Expenses > Operating Expenses,600.00,,Expense Voucher: EV-CR-20260220-0759 - Kalasi OT
20/02/2026,Payment,AUTO-20260321-0204,1001,Cash-in-Hand,Cash & Cash Equivalents,Assets > Current Assets > Cash & Cash Equivalents,,600.00,Expense Voucher: EV-CR-20260220-0759 - Kalasi OT
20/02/2026,Payment,AUTO-20260321-0205,5300,Operating Expenses,Operating Expenses,Expenses > Operating Expenses,300.00,,Expense Voucher: EV-CR-20260220-1298 - Extra kalasi
20/02/2026,Payment,AUTO-20260321-0205,1001,Cash-in-Hand,Cash & Cash Equivalents,Assets > Current Assets > Cash & Cash Equivalents,,300.00,Expense Voucher: EV-CR-20260220-1298 - Extra kalasi
23/02/2026,Payment,AUTO-20260321-0208,5300,Operating Expenses,Operating Expenses,Expenses > Operating Expenses,1080.00,,Expense Voucher: EV-CR-20260223-7831 - Milk 
23/02/2026,Payment,AUTO-20260321-0208,1001,Cash-in-Hand,Cash & Cash Equivalents,Assets > Current Assets > Cash & Cash Equivalents,,1080.00,Expense Voucher: EV-CR-20260223-7831 - Milk 
23/02/2026,Payment,AUTO-20260321-0209,5300,Operating Expenses,Operating Expenses,Expenses > Operating Expenses,3000.00,,Expense Voucher: EV-CR-20260223-8367 - Diesel Laxman
23/02/2026,Payment,AUTO-20260321-0209,1001,Cash-in-Hand,Cash & Cash Equivalents,Assets > Current Assets > Cash & Cash Equivalents,,3000.00,Expense Voucher: EV-CR-20260223-8367 - Diesel Laxman
23/02/2026,Payment,AUTO-20260321-0210,5300,Operating Expenses,Operating Expenses,Expenses > Operating Expenses,600.00,,Expense Voucher: EV-CR-20260223-8919 - Vegetables 
23/02/2026,Payment,AUTO-20260321-0210,1001,Cash-in-Hand,Cash & Cash Equivalents,Assets > Current Assets > Cash & Cash Equivalents,,600.00,Expense Voucher: EV-CR-20260223-8919 - Vegetables 
23/02/2026,Payment,AUTO-20260321-0211,5300,Operating Expenses,Operating Expenses,Expenses > Operating Expenses,3000.00,,Expense Voucher: EV-CR-20260223-9458 - Diesel Ramesh
23/02/2026,Payment,AUTO-20260321-0211,1001,Cash-in-Hand,Cash & Cash Equivalents,Assets > Current Assets > Cash & Cash Equivalents,,3000.00,Expense Voucher: EV-CR-20260223-9458 - Diesel Ramesh
23/02/2026,Payment,AUTO-20260321-0212,5300,Operating Expenses,Operating Expenses,Expenses > Operating Expenses,3000.00,,Expense Voucher: EV-CR-20260223-0017 - Diesel Santhosh
23/02/2026,Payment,AUTO-20260321-0212,1001,Cash-in-Hand,Cash & Cash Equivalents,Assets > Current Assets > Cash & Cash Equivalents,,3000.00,Expense Voucher: EV-CR-20260223-0017 - Diesel Santhosh
23/02/2026,Payment,AUTO-20260321-0213,5300,Operating Expenses,Operating Expenses,Expenses > Operating Expenses,220.00,,Expense Voucher: EV-CR-20260223-0619 - Lunch 
23/02/2026,Payment,AUTO-20260321-0213,1001,Cash-in-Hand,Cash & Cash Equivalents,Assets > Current Assets > Cash & Cash Equivalents,,220.00,Expense Voucher: EV-CR-20260223-0619 - Lunch 
23/02/2026,Payment,AUTO-20260321-0214,5300,Operating Expenses,Operating Expenses,Expenses > Operating Expenses,610.00,,Expense Voucher: EV-CR-20260223-1164 - Speaker 
23/02/2026,Payment,AUTO-20260321-0214,1001,Cash-in-Hand,Cash & Cash Equivalents,Assets > Current Assets > Cash & Cash Equivalents,,610.00,Expense Voucher: EV-CR-20260223-1164 - Speaker 
23/02/2026,Payment,AUTO-20260321-0215,5300,Operating Expenses,Operating Expenses,Expenses > Operating Expenses,470.00,,Expense Voucher: EV-CR-20260223-1697 - BUSINESS
23/02/2026,Payment,AUTO-20260321-0215,1001,Cash-in-Hand,Cash & Cash Equivalents,Assets > Current Assets > Cash & Cash Equivalents,,470.00,Expense Voucher: EV-CR-20260223-1697 - BUSINESS
24/02/2026,Payment,AUTO-20260321-0217,5300,Operating Expenses,Operating Expenses,Expenses > Operating Expenses,100.00,,Expense Voucher: EV-CR-20260224-6137 - Petrol cleaning 
24/02/2026,Payment,AUTO-20260321-0217,1001,Cash-in-Hand,Cash & Cash Equivalents,Assets > Current Assets > Cash & Cash Equivalents,,100.00,Expense Voucher: EV-CR-20260224-6137 - Petrol cleaning 
24/02/2026,Payment,AUTO-20260321-0218,5300,Operating Expenses,Operating Expenses,Expenses > Operating Expenses,225.00,,Expense Voucher: EV-CR-20260224-6700 - Tea
24/02/2026,Payment,AUTO-20260321-0218,1001,Cash-in-Hand,Cash & Cash Equivalents,Assets > Current Assets > Cash & Cash Equivalents,,225.00,Expense Voucher: EV-CR-20260224-6700 - Tea
24/02/2026,Payment,AUTO-20260321-0219,5300,Operating Expenses,Operating Expenses,Expenses > Operating Expenses,36000.00,,Expense Voucher: EV-CR-20260224-7245 - Ladies salary
24/02/2026,Payment,AUTO-20260321-0219,1001,Cash-in-Hand,Cash & Cash Equivalents,Assets > Current Assets > Cash & Cash Equivalents,,36000.00,Expense Voucher: EV-CR-20260224-7245 - Ladies salary
24/02/2026,Payment,AUTO-20260321-0220,5300,Operating Expenses,Operating Expenses,Expenses > Operating Expenses,300.00,,Expense Voucher: EV-CR-20260224-7794 - Extra kalasi
24/02/2026,Payment,AUTO-20260321-0220,1001,Cash-in-Hand,Cash & Cash Equivalents,Assets > Current Assets > Cash & Cash Equivalents,,300.00,Expense Voucher: EV-CR-20260224-7794 - Extra kalasi
24/02/2026,Payment,AUTO-20260321-0221,5300,Operating Expenses,Operating Expenses,Expenses > Operating Expenses,1059.00,,Expense Voucher: EV-CR-20260224-8329 - Transport 
24/02/2026,Payment,AUTO-20260321-0221,1001,Cash-in-Hand,Cash & Cash Equivalents,Assets > Current Assets > Cash & Cash Equivalents,,1059.00,Expense Voucher: EV-CR-20260224-8329 - Transport 
25/02/2026,Payment,AUTO-20260321-0223,5300,Operating Expenses,Operating Expenses,Expenses > Operating Expenses,3000.00,,Expense Voucher: EV-CR-20260225-3469 - Diesel Ramesh 3000
25/02/2026,Payment,AUTO-20260321-0223,1001,Cash-in-Hand,Cash & Cash Equivalents,Assets > Current Assets > Cash & Cash Equivalents,,3000.00,Expense Voucher: EV-CR-20260225-3469 - Diesel Ramesh 3000
25/02/2026,Payment,AUTO-20260321-0224,5300,Operating Expenses,Operating Expenses,Expenses > Operating Expenses,740.00,,Expense Voucher: EV-CR-20260225-4296 - Bearings 
25/02/2026,Payment,AUTO-20260321-0224,1001,Cash-in-Hand,Cash & Cash Equivalents,Assets > Current Assets > Cash & Cash Equivalents,,740.00,Expense Voucher: EV-CR-20260225-4296 - Bearings 
26/02/2026,Payment,AUTO-20260321-0226,5300,Operating Expenses,Operating Expenses,Expenses > Operating Expenses,600.00,,Expense Voucher: EV-CR-20260226-3398 - Cement 
26/02/2026,Payment,AUTO-20260321-0226,1001,Cash-in-Hand,Cash & Cash Equivalents,Assets > Current Assets > Cash & Cash Equivalents,,600.00,Expense Voucher: EV-CR-20260226-3398 - Cement 
26/02/2026,Payment,AUTO-20260321-0228,5300,Operating Expenses,Operating Expenses,Expenses > Operating Expenses,3000.00,,Expense Voucher: EV-CR-20260226-3804 - Diesel Laxman
26/02/2026,Payment,AUTO-20260321-0228,1001,Cash-in-Hand,Cash & Cash Equivalents,Assets > Current Assets > Cash & Cash Equivalents,,3000.00,Expense Voucher: EV-CR-20260226-3804 - Diesel Laxman
26/02/2026,Payment,AUTO-20260321-0229,5300,Operating Expenses,Operating Expenses,Expenses > Operating Expenses,3000.00,,Expense Voucher: EV-CR-20260226-4005 - Diesel Santhosh
26/02/2026,Payment,AUTO-20260321-0229,1001,Cash-in-Hand,Cash & Cash Equivalents,Assets > Current Assets > Cash & Cash Equivalents,,3000.00,Expense Voucher: EV-CR-20260226-4005 - Diesel Santhosh
26/02/2026,Payment,AUTO-20260321-0230,5300,Operating Expenses,Operating Expenses,Expenses > Operating Expenses,300.00,,Expense Voucher: EV-CR-20260226-4205 - auto
26/02/2026,Payment,AUTO-20260321-0230,1001,Cash-in-Hand,Cash & Cash Equivalents,Assets > Current Assets > Cash & Cash Equivalents,,300.00,Expense Voucher: EV-CR-20260226-4205 - auto
26/02/2026,Payment,AUTO-20260321-0231,5300,Operating Expenses,Operating Expenses,Expenses > Operating Expenses,5950.00,,Expense Voucher: EV-CR-20260226-4403 - BUSINESS
26/02/2026,Payment,AUTO-20260321-0231,1001,Cash-in-Hand,Cash & Cash Equivalents,Assets > Current Assets > Cash & Cash Equivalents,,5950.00,Expense Voucher: EV-CR-20260226-4403 - BUSINESS
26/02/2026,Payment,AUTO-20260321-0232,5300,Operating Expenses,Operating Expenses,Expenses > Operating Expenses,1909.00,,Expense Voucher: EV-CR-20260226-3605 - Electrical 
26/02/2026,Payment,AUTO-20260321-0232,1001,Cash-in-Hand,Cash & Cash Equivalents,Assets > Current Assets > Cash & Cash Equivalents,,1909.00,Expense Voucher: EV-CR-20260226-3605 - Electrical 
27/02/2026,Payment,AUTO-20260321-0234,5300,Operating Expenses,Operating Expenses,Expenses > Operating Expenses,33000.00,,Expense Voucher: EV-CR-20260227-0362 - Pankaj salary
27/02/2026,Payment,AUTO-20260321-0234,1001,Cash-in-Hand,Cash & Cash Equivalents,Assets > Current Assets > Cash & Cash Equivalents,,33000.00,Expense Voucher: EV-CR-20260227-0362 - Pankaj salary
28/02/2026,Payment,AUTO-20260321-0236,5300,Operating Expenses,Operating Expenses,Expenses > Operating Expenses,3000.00,,Expense Voucher: EV-CR-20260228-6424 - Diesel Laxman
28/02/2026,Payment,AUTO-20260321-0236,1001,Cash-in-Hand,Cash & Cash Equivalents,Assets > Current Assets > Cash & Cash Equivalents,,3000.00,Expense Voucher: EV-CR-20260228-6424 - Diesel Laxman
28/02/2026,Payment,AUTO-20260321-0237,5300,Operating Expenses,Operating Expenses,Expenses > Operating Expenses,250.00,,Expense Voucher: EV-CR-20260228-6647 - Auto 
28/02/2026,Payment,AUTO-20260321-0237,1001,Cash-in-Hand,Cash & Cash Equivalents,Assets > Current Assets > Cash & Cash Equivalents,,250.00,Expense Voucher: EV-CR-20260228-6647 - Auto 
28/02/2026,Payment,AUTO-20260321-0238,5300,Operating Expenses,Operating Expenses,Expenses > Operating Expenses,21500.00,,Expense Voucher: EV-CR-20260228-6857 - EMI
28/02/2026,Payment,AUTO-20260321-0238,1001,Cash-in-Hand,Cash & Cash Equivalents,Assets > Current Assets > Cash & Cash Equivalents,,21500.00,Expense Voucher: EV-CR-20260228-6857 - EMI
28/02/2026,Payment,AUTO-20260321-0240,5300,Operating Expenses,Operating Expenses,Expenses > Operating Expenses,500.00,,Expense Voucher: EV-CR-20260228-7273 - Bike petrol
28/02/2026,Payment,AUTO-20260321-0240,1001,Cash-in-Hand,Cash & Cash Equivalents,Assets > Current Assets > Cash & Cash Equivalents,,500.00,Expense Voucher: EV-CR-20260228-7273 - Bike petrol
28/02/2026,Payment,AUTO-20260321-0241,5300,Operating Expenses,Operating Expenses,Expenses > Operating Expenses,1080.00,,Expense Voucher: EV-CR-20260228-7067 - milk
28/02/2026,Payment,AUTO-20260321-0241,1001,Cash-in-Hand,Cash & Cash Equivalents,Assets > Current Assets > Cash & Cash Equivalents,,1080.00,Expense Voucher: EV-CR-20260228-7067 - milk
02/03/2026,Payment,AUTO-20260321-0243,5300,Operating Expenses,Operating Expenses,Expenses > Operating Expenses,3000.00,,Expense Voucher: EV-CR-20260302-4123 - Diesel Ramesh 3000
02/03/2026,Payment,AUTO-20260321-0243,1001,Cash-in-Hand,Cash & Cash Equivalents,Assets > Current Assets > Cash & Cash Equivalents,,3000.00,Expense Voucher: EV-CR-20260302-4123 - Diesel Ramesh 3000
02/03/2026,Payment,AUTO-20260321-0244,5300,Operating Expenses,Operating Expenses,Expenses > Operating Expenses,600.00,,Expense Voucher: EV-CR-20260302-4334 - Vegetables 
02/03/2026,Payment,AUTO-20260321-0244,1001,Cash-in-Hand,Cash & Cash Equivalents,Assets > Current Assets > Cash & Cash Equivalents,,600.00,Expense Voucher: EV-CR-20260302-4334 - Vegetables 
02/03/2026,Payment,AUTO-20260321-0245,5300,Operating Expenses,Operating Expenses,Expenses > Operating Expenses,1100.00,,Expense Voucher: EV-CR-20260302-4541 - DTDC 
02/03/2026,Payment,AUTO-20260321-0245,1001,Cash-in-Hand,Cash & Cash Equivalents,Assets > Current Assets > Cash & Cash Equivalents,,1100.00,Expense Voucher: EV-CR-20260302-4541 - DTDC 
02/03/2026,Payment,AUTO-20260321-0247,5300,Operating Expenses,Operating Expenses,Expenses > Operating Expenses,3000.00,,Expense Voucher: EV-CR-20260302-4960 - Diesel Santhosh 
02/03/2026,Payment,AUTO-20260321-0247,1001,Cash-in-Hand,Cash & Cash Equivalents,Assets > Current Assets > Cash & Cash Equivalents,,3000.00,Expense Voucher: EV-CR-20260302-4960 - Diesel Santhosh 
02/03/2026,Payment,AUTO-20260321-0248,5300,Operating Expenses,Operating Expenses,Expenses > Operating Expenses,15760.00,,Expense Voucher: EV-CR-20260302-4744 - Krishna salary
02/03/2026,Payment,AUTO-20260321-0248,1001,Cash-in-Hand,Cash & Cash Equivalents,Assets > Current Assets > Cash & Cash Equivalents,,15760.00,Expense Voucher: EV-CR-20260302-4744 - Krishna salary
03/03/2026,Payment,AUTO-20260321-0250,5300,Operating Expenses,Operating Expenses,Expenses > Operating Expenses,30900.00,,Expense Voucher: EV-CR-20260303-5265 - Bhagya salary 
03/03/2026,Payment,AUTO-20260321-0250,1001,Cash-in-Hand,Cash & Cash Equivalents,Assets > Current Assets > Cash & Cash Equivalents,,30900.00,Expense Voucher: EV-CR-20260303-5265 - Bhagya salary 
03/03/2026,Payment,AUTO-20260321-0251,5300,Operating Expenses,Operating Expenses,Expenses > Operating Expenses,1000.00,,Expense Voucher: EV-CR-20260303-5806 - Dankush adv
03/03/2026,Payment,AUTO-20260321-0251,1001,Cash-in-Hand,Cash & Cash Equivalents,Assets > Current Assets > Cash & Cash Equivalents,,1000.00,Expense Voucher: EV-CR-20260303-5806 - Dankush adv
03/03/2026,Payment,AUTO-20260321-0253,5300,Operating Expenses,Operating Expenses,Expenses > Operating Expenses,600.00,,Expense Voucher: EV-CR-20260303-6896 - Preforms auto
03/03/2026,Payment,AUTO-20260321-0253,1001,Cash-in-Hand,Cash & Cash Equivalents,Assets > Current Assets > Cash & Cash Equivalents,,600.00,Expense Voucher: EV-CR-20260303-6896 - Preforms auto
03/03/2026,Payment,AUTO-20260321-0254,5300,Operating Expenses,Operating Expenses,Expenses > Operating Expenses,3000.00,,Expense Voucher: EV-CR-20260303-7422 - Diesel Laxman
03/03/2026,Payment,AUTO-20260321-0254,1001,Cash-in-Hand,Cash & Cash Equivalents,Assets > Current Assets > Cash & Cash Equivalents,,3000.00,Expense Voucher: EV-CR-20260303-7422 - Diesel Laxman
03/03/2026,Payment,AUTO-20260321-0255,5300,Operating Expenses,Operating Expenses,Expenses > Operating Expenses,1400.00,,Expense Voucher: EV-CR-20260303-6362 - rice
03/03/2026,Payment,AUTO-20260321-0255,1001,Cash-in-Hand,Cash & Cash Equivalents,Assets > Current Assets > Cash & Cash Equivalents,,1400.00,Expense Voucher: EV-CR-20260303-6362 - rice
04/03/2026,Payment,AUTO-20260321-0257,5300,Operating Expenses,Operating Expenses,Expenses > Operating Expenses,9300.00,,Expense Voucher: EV-CR-20260304-9183 - Shaker salary 
04/03/2026,Payment,AUTO-20260321-0257,1001,Cash-in-Hand,Cash & Cash Equivalents,Assets > Current Assets > Cash & Cash Equivalents,,9300.00,Expense Voucher: EV-CR-20260304-9183 - Shaker salary 
04/03/2026,Payment,AUTO-20260321-0258,5300,Operating Expenses,Operating Expenses,Expenses > Operating Expenses,7600.00,,Expense Voucher: EV-CR-20260304-9725 - Hari Madugula
04/03/2026,Payment,AUTO-20260321-0258,1001,Cash-in-Hand,Cash & Cash Equivalents,Assets > Current Assets > Cash & Cash Equivalents,,7600.00,Expense Voucher: EV-CR-20260304-9725 - Hari Madugula
04/03/2026,Payment,AUTO-20260321-0260,5300,Operating Expenses,Operating Expenses,Expenses > Operating Expenses,300.00,,Expense Voucher: EV-CR-20260304-0803 - Tea powder 
04/03/2026,Payment,AUTO-20260321-0260,1001,Cash-in-Hand,Cash & Cash Equivalents,Assets > Current Assets > Cash & Cash Equivalents,,300.00,Expense Voucher: EV-CR-20260304-0803 - Tea powder 
04/03/2026,Payment,AUTO-20260321-0261,5300,Operating Expenses,Operating Expenses,Expenses > Operating Expenses,8800.00,,Expense Voucher: EV-CR-20260304-1348 - Hari Bobbili
04/03/2026,Payment,AUTO-20260321-0261,1001,Cash-in-Hand,Cash & Cash Equivalents,Assets > Current Assets > Cash & Cash Equivalents,,8800.00,Expense Voucher: EV-CR-20260304-1348 - Hari Bobbili
04/03/2026,Payment,AUTO-20260321-0262,5300,Operating Expenses,Operating Expenses,Expenses > Operating Expenses,1050.00,,Expense Voucher: EV-CR-20260304-0257 - Unloading Laxman
04/03/2026,Payment,AUTO-20260321-0262,1001,Cash-in-Hand,Cash & Cash Equivalents,Assets > Current Assets > Cash & Cash Equivalents,,1050.00,Expense Voucher: EV-CR-20260304-0257 - Unloading Laxman
05/03/2026,Payment,AUTO-20260321-0264,5300,Operating Expenses,Operating Expenses,Expenses > Operating Expenses,250.00,,Expense Voucher: EV-CR-20260305-8774 - sugar
05/03/2026,Payment,AUTO-20260321-0264,1001,Cash-in-Hand,Cash & Cash Equivalents,Assets > Current Assets > Cash & Cash Equivalents,,250.00,Expense Voucher: EV-CR-20260305-8774 - sugar
05/03/2026,Payment,AUTO-20260321-0265,5300,Operating Expenses,Operating Expenses,Expenses > Operating Expenses,3000.00,,Expense Voucher: EV-CR-20260305-9312 - Diesel Ramesh
05/03/2026,Payment,AUTO-20260321-0265,1001,Cash-in-Hand,Cash & Cash Equivalents,Assets > Current Assets > Cash & Cash Equivalents,,3000.00,Expense Voucher: EV-CR-20260305-9312 - Diesel Ramesh
05/03/2026,Payment,AUTO-20260321-0266,5300,Operating Expenses,Operating Expenses,Expenses > Operating Expenses,5550.00,,Expense Voucher: EV-CR-20260305-9859 - Hari Srikakulam
05/03/2026,Payment,AUTO-20260321-0266,1001,Cash-in-Hand,Cash & Cash Equivalents,Assets > Current Assets > Cash & Cash Equivalents,,5550.00,Expense Voucher: EV-CR-20260305-9859 - Hari Srikakulam
05/03/2026,Payment,AUTO-20260321-0268,5300,Operating Expenses,Operating Expenses,Expenses > Operating Expenses,1000.00,,Expense Voucher: EV-CR-20260305-0408 - Fasttag 
05/03/2026,Payment,AUTO-20260321-0268,1001,Cash-in-Hand,Cash & Cash Equivalents,Assets > Current Assets > Cash & Cash Equivalents,,1000.00,Expense Voucher: EV-CR-20260305-0408 - Fasttag 
06/03/2026,Payment,AUTO-20260321-0270,5300,Operating Expenses,Operating Expenses,Expenses > Operating Expenses,3000.00,,Expense Voucher: EV-CR-20260306-6278 - Diesel Laxman
06/03/2026,Payment,AUTO-20260321-0270,1001,Cash-in-Hand,Cash & Cash Equivalents,Assets > Current Assets > Cash & Cash Equivalents,,3000.00,Expense Voucher: EV-CR-20260306-6278 - Diesel Laxman
06/03/2026,Payment,AUTO-20260321-0271,5300,Operating Expenses,Operating Expenses,Expenses > Operating Expenses,3000.00,,Expense Voucher: EV-CR-20260306-6819 - Diesel Santhosh
06/03/2026,Payment,AUTO-20260321-0271,1001,Cash-in-Hand,Cash & Cash Equivalents,Assets > Current Assets > Cash & Cash Equivalents,,3000.00,Expense Voucher: EV-CR-20260306-6819 - Diesel Santhosh
06/03/2026,Payment,AUTO-20260321-0272,5300,Operating Expenses,Operating Expenses,Expenses > Operating Expenses,10750.00,,Expense Voucher: EV-CR-20260306-7350 - Hari Parvathipuram
06/03/2026,Payment,AUTO-20260321-0272,1001,Cash-in-Hand,Cash & Cash Equivalents,Assets > Current Assets > Cash & Cash Equivalents,,10750.00,Expense Voucher: EV-CR-20260306-7350 - Hari Parvathipuram
09/03/2026,Payment,AUTO-20260321-0275,5300,Operating Expenses,Operating Expenses,Expenses > Operating Expenses,16660.00,,Expense Voucher: EV-CR-20260309-5202 - Hari salary 16660
09/03/2026,Payment,AUTO-20260321-0275,1001,Cash-in-Hand,Cash & Cash Equivalents,Assets > Current Assets > Cash & Cash Equivalents,,16660.00,Expense Voucher: EV-CR-20260309-5202 - Hari salary 16660
09/03/2026,Payment,AUTO-20260321-0276,5300,Operating Expenses,Operating Expenses,Expenses > Operating Expenses,400.00,,Expense Voucher: EV-CR-20260309-5741 - Petrol 
09/03/2026,Payment,AUTO-20260321-0276,1001,Cash-in-Hand,Cash & Cash Equivalents,Assets > Current Assets > Cash & Cash Equivalents,,400.00,Expense Voucher: EV-CR-20260309-5741 - Petrol 
09/03/2026,Payment,AUTO-20260321-0277,5300,Operating Expenses,Operating Expenses,Expenses > Operating Expenses,600.00,,Expense Voucher: EV-CR-20260309-6275 - Vegetables 
09/03/2026,Payment,AUTO-20260321-0277,1001,Cash-in-Hand,Cash & Cash Equivalents,Assets > Current Assets > Cash & Cash Equivalents,,600.00,Expense Voucher: EV-CR-20260309-6275 - Vegetables 
09/03/2026,Payment,AUTO-20260321-0278,5300,Operating Expenses,Operating Expenses,Expenses > Operating Expenses,549.00,,Expense Voucher: EV-CR-20260309-6810 - Speaker cable
09/03/2026,Payment,AUTO-20260321-0278,1001,Cash-in-Hand,Cash & Cash Equivalents,Assets > Current Assets > Cash & Cash Equivalents,,549.00,Expense Voucher: EV-CR-20260309-6810 - Speaker cable
09/03/2026,Payment,AUTO-20260321-0279,5300,Operating Expenses,Operating Expenses,Expenses > Operating Expenses,3000.00,,Expense Voucher: EV-CR-20260309-7348 - Diesel Ramesh
09/03/2026,Payment,AUTO-20260321-0279,1001,Cash-in-Hand,Cash & Cash Equivalents,Assets > Current Assets > Cash & Cash Equivalents,,3000.00,Expense Voucher: EV-CR-20260309-7348 - Diesel Ramesh
09/03/2026,Payment,AUTO-20260321-0280,5300,Operating Expenses,Operating Expenses,Expenses > Operating Expenses,3000.00,,Expense Voucher: EV-CR-20260309-7882 - Diesel Laxman
09/03/2026,Payment,AUTO-20260321-0280,1001,Cash-in-Hand,Cash & Cash Equivalents,Assets > Current Assets > Cash & Cash Equivalents,,3000.00,Expense Voucher: EV-CR-20260309-7882 - Diesel Laxman
09/03/2026,Payment,AUTO-20260321-0281,5300,Operating Expenses,Operating Expenses,Expenses > Operating Expenses,1082.00,,Expense Voucher: EV-CR-20260309-8419 - milk
09/03/2026,Payment,AUTO-20260321-0281,1001,Cash-in-Hand,Cash & Cash Equivalents,Assets > Current Assets > Cash & Cash Equivalents,,1082.00,Expense Voucher: EV-CR-20260309-8419 - milk
09/03/2026,Payment,AUTO-20260321-0282,5300,Operating Expenses,Operating Expenses,Expenses > Operating Expenses,13150.00,,Expense Voucher: EV-CR-20260309-8978 - Ravi security salary
09/03/2026,Payment,AUTO-20260321-0282,1001,Cash-in-Hand,Cash & Cash Equivalents,Assets > Current Assets > Cash & Cash Equivalents,,13150.00,Expense Voucher: EV-CR-20260309-8978 - Ravi security salary
10/03/2026,Payment,AUTO-20260321-0284,5300,Operating Expenses,Operating Expenses,Expenses > Operating Expenses,8300.00,,Expense Voucher: EV-CR-20260310-8146 - Hari Raja trip 
10/03/2026,Payment,AUTO-20260321-0284,1001,Cash-in-Hand,Cash & Cash Equivalents,Assets > Current Assets > Cash & Cash Equivalents,,8300.00,Expense Voucher: EV-CR-20260310-8146 - Hari Raja trip 
10/03/2026,Payment,AUTO-20260321-0285,5300,Operating Expenses,Operating Expenses,Expenses > Operating Expenses,20000.00,,Expense Voucher: EV-CR-20260310-8705 - Dankush salary 
10/03/2026,Payment,AUTO-20260321-0285,1001,Cash-in-Hand,Cash & Cash Equivalents,Assets > Current Assets > Cash & Cash Equivalents,,20000.00,Expense Voucher: EV-CR-20260310-8705 - Dankush salary 
10/03/2026,Payment,AUTO-20260321-0286,5300,Operating Expenses,Operating Expenses,Expenses > Operating Expenses,22000.00,,Expense Voucher: EV-CR-20260310-9370 - Vivek salary
10/03/2026,Payment,AUTO-20260321-0286,1001,Cash-in-Hand,Cash & Cash Equivalents,Assets > Current Assets > Cash & Cash Equivalents,,22000.00,Expense Voucher: EV-CR-20260310-9370 - Vivek salary
10/03/2026,Payment,AUTO-20260321-0287,5300,Operating Expenses,Operating Expenses,Expenses > Operating Expenses,17000.00,,Expense Voucher: EV-CR-20260310-9901 - Sanjeev salary
10/03/2026,Payment,AUTO-20260321-0287,1001,Cash-in-Hand,Cash & Cash Equivalents,Assets > Current Assets > Cash & Cash Equivalents,,17000.00,Expense Voucher: EV-CR-20260310-9901 - Sanjeev salary
10/03/2026,Payment,AUTO-20260321-0288,5300,Operating Expenses,Operating Expenses,Expenses > Operating Expenses,7000.00,,Expense Voucher: EV-CR-20260310-0432 - 3BHK  resnt
10/03/2026,Payment,AUTO-20260321-0288,1001,Cash-in-Hand,Cash & Cash Equivalents,Assets > Current Assets > Cash & Cash Equivalents,,7000.00,Expense Voucher: EV-CR-20260310-0432 - 3BHK  resnt
11/03/2026,Payment,AUTO-20260321-0290,5300,Operating Expenses,Operating Expenses,Expenses > Operating Expenses,7300.00,,Expense Voucher: EV-CR-20260311-8155 - Hari Madugula
11/03/2026,Payment,AUTO-20260321-0290,1001,Cash-in-Hand,Cash & Cash Equivalents,Assets > Current Assets > Cash & Cash Equivalents,,7300.00,Expense Voucher: EV-CR-20260311-8155 - Hari Madugula
11/03/2026,Payment,AUTO-20260321-0291,5300,Operating Expenses,Operating Expenses,Expenses > Operating Expenses,3000.00,,Expense Voucher: EV-CR-20260311-8692 - Diesel Santhosh
11/03/2026,Payment,AUTO-20260321-0291,1001,Cash-in-Hand,Cash & Cash Equivalents,Assets > Current Assets > Cash & Cash Equivalents,,3000.00,Expense Voucher: EV-CR-20260311-8692 - Diesel Santhosh
11/03/2026,Payment,AUTO-20260321-0292,5300,Operating Expenses,Operating Expenses,Expenses > Operating Expenses,8000.00,,Expense Voucher: EV-CR-20260311-9232 - Nukaraju adv
11/03/2026,Payment,AUTO-20260321-0292,1001,Cash-in-Hand,Cash & Cash Equivalents,Assets > Current Assets > Cash & Cash Equivalents,,8000.00,Expense Voucher: EV-CR-20260311-9232 - Nukaraju adv
11/03/2026,Payment,AUTO-20260321-0293,5300,Operating Expenses,Operating Expenses,Expenses > Operating Expenses,50.00,,Expense Voucher: EV-CR-20260311-9764 - CCTV wire
11/03/2026,Payment,AUTO-20260321-0293,1001,Cash-in-Hand,Cash & Cash Equivalents,Assets > Current Assets > Cash & Cash Equivalents,,50.00,Expense Voucher: EV-CR-20260311-9764 - CCTV wire
12/03/2026,Payment,AUTO-20260321-0294,5300,Operating Expenses,Operating Expenses,Expenses > Operating Expenses,4900.00,,Expense Voucher: EV-CR-20260312-1467 - Hari Narsipatnam 
12/03/2026,Payment,AUTO-20260321-0294,1001,Cash-in-Hand,Cash & Cash Equivalents,Assets > Current Assets > Cash & Cash Equivalents,,4900.00,Expense Voucher: EV-CR-20260312-1467 - Hari Narsipatnam 
13/03/2026,Payment,AUTO-20260321-0297,5300,Operating Expenses,Operating Expenses,Expenses > Operating Expenses,1063.00,,Expense Voucher: EV-CR-20260313-5825 - Groceries 
13/03/2026,Payment,AUTO-20260321-0297,1001,Cash-in-Hand,Cash & Cash Equivalents,Assets > Current Assets > Cash & Cash Equivalents,,1063.00,Expense Voucher: EV-CR-20260313-5825 - Groceries 
13/03/2026,Payment,AUTO-20260321-0298,5300,Operating Expenses,Operating Expenses,Expenses > Operating Expenses,250.00,,Expense Voucher: EV-CR-20260313-6366 - A4 sheets
13/03/2026,Payment,AUTO-20260321-0298,1001,Cash-in-Hand,Cash & Cash Equivalents,Assets > Current Assets > Cash & Cash Equivalents,,250.00,Expense Voucher: EV-CR-20260313-6366 - A4 sheets
13/03/2026,Payment,AUTO-20260321-0299,5300,Operating Expenses,Operating Expenses,Expenses > Operating Expenses,1835.00,,Expense Voucher: EV-CR-20260313-6934 - Stationary 
13/03/2026,Payment,AUTO-20260321-0299,1001,Cash-in-Hand,Cash & Cash Equivalents,Assets > Current Assets > Cash & Cash Equivalents,,1835.00,Expense Voucher: EV-CR-20260313-6934 - Stationary 
13/03/2026,Payment,AUTO-20260321-0300,5300,Operating Expenses,Operating Expenses,Expenses > Operating Expenses,200.00,,Expense Voucher: EV-CR-20260313-7473 - Sanitizer & cotton
13/03/2026,Payment,AUTO-20260321-0300,1001,Cash-in-Hand,Cash & Cash Equivalents,Assets > Current Assets > Cash & Cash Equivalents,,200.00,Expense Voucher: EV-CR-20260313-7473 - Sanitizer & cotton
13/03/2026,Payment,AUTO-20260321-0301,5300,Operating Expenses,Operating Expenses,Expenses > Operating Expenses,3400.00,,Expense Voucher: EV-CR-20260313-8029 - FSSAI xerox
13/03/2026,Payment,AUTO-20260321-0301,1001,Cash-in-Hand,Cash & Cash Equivalents,Assets > Current Assets > Cash & Cash Equivalents,,3400.00,Expense Voucher: EV-CR-20260313-8029 - FSSAI xerox
13/03/2026,Payment,AUTO-20260321-0303,5300,Operating Expenses,Operating Expenses,Expenses > Operating Expenses,620.00,,Expense Voucher: EV-CR-20260313-9114 - Staff dinner
13/03/2026,Payment,AUTO-20260321-0303,1001,Cash-in-Hand,Cash & Cash Equivalents,Assets > Current Assets > Cash & Cash Equivalents,,620.00,Expense Voucher: EV-CR-20260313-9114 - Staff dinner
13/03/2026,Payment,AUTO-20260321-0304,5300,Operating Expenses,Operating Expenses,Expenses > Operating Expenses,69.00,,Expense Voucher: EV-CR-20260313-9867 - Milk 
13/03/2026,Payment,AUTO-20260321-0304,1001,Cash-in-Hand,Cash & Cash Equivalents,Assets > Current Assets > Cash & Cash Equivalents,,69.00,Expense Voucher: EV-CR-20260313-9867 - Milk 
13/03/2026,Payment,AUTO-20260321-0305,5300,Operating Expenses,Operating Expenses,Expenses > Operating Expenses,3000.00,,Expense Voucher: EV-CR-20260313-0422 - Diesel Ramesh 
13/03/2026,Payment,AUTO-20260321-0305,1001,Cash-in-Hand,Cash & Cash Equivalents,Assets > Current Assets > Cash & Cash Equivalents,,3000.00,Expense Voucher: EV-CR-20260313-0422 - Diesel Ramesh 
13/03/2026,Payment,AUTO-20260321-0306,5300,Operating Expenses,Operating Expenses,Expenses > Operating Expenses,110.00,,Expense Voucher: EV-CR-20260313-8572 - Stationary items
13/03/2026,Payment,AUTO-20260321-0306,1001,Cash-in-Hand,Cash & Cash Equivalents,Assets > Current Assets > Cash & Cash Equivalents,,110.00,Expense Voucher: EV-CR-20260313-8572 - Stationary items
14/03/2026,Payment,AUTO-20260321-0308,5300,Operating Expenses,Operating Expenses,Expenses > Operating Expenses,3000.00,,Expense Voucher: EV-CR-20260314-1909 - Diesel Laxman 3000
14/03/2026,Payment,AUTO-20260321-0308,1001,Cash-in-Hand,Cash & Cash Equivalents,Assets > Current Assets > Cash & Cash Equivalents,,3000.00,Expense Voucher: EV-CR-20260314-1909 - Diesel Laxman 3000
14/03/2026,Payment,AUTO-20260321-0309,5300,Operating Expenses,Operating Expenses,Expenses > Operating Expenses,1080.00,,Expense Voucher: EV-CR-20260314-2464 - Milk
14/03/2026,Payment,AUTO-20260321-0309,1001,Cash-in-Hand,Cash & Cash Equivalents,Assets > Current Assets > Cash & Cash Equivalents,,1080.00,Expense Voucher: EV-CR-20260314-2464 - Milk
16/03/2026,Payment,AUTO-20260321-0311,5300,Operating Expenses,Operating Expenses,Expenses > Operating Expenses,3000.00,,Expense Voucher: EV-CR-20260316-9760 - Diesel Santhosh 
16/03/2026,Payment,AUTO-20260321-0311,1001,Cash-in-Hand,Cash & Cash Equivalents,Assets > Current Assets > Cash & Cash Equivalents,,3000.00,Expense Voucher: EV-CR-20260316-9760 - Diesel Santhosh 
16/03/2026,Payment,AUTO-20260321-0312,5300,Operating Expenses,Operating Expenses,Expenses > Operating Expenses,496.00,,Expense Voucher: EV-CR-20260316-0297 - Current bill
16/03/2026,Payment,AUTO-20260321-0312,1001,Cash-in-Hand,Cash & Cash Equivalents,Assets > Current Assets > Cash & Cash Equivalents,,496.00,Expense Voucher: EV-CR-20260316-0297 - Current bill
16/03/2026,Payment,AUTO-20260321-0313,5300,Operating Expenses,Operating Expenses,Expenses > Operating Expenses,600.00,,Expense Voucher: EV-CR-20260316-0830 - Vegetables 
16/03/2026,Payment,AUTO-20260321-0313,1001,Cash-in-Hand,Cash & Cash Equivalents,Assets > Current Assets > Cash & Cash Equivalents,,600.00,Expense Voucher: EV-CR-20260316-0830 - Vegetables 
16/03/2026,Payment,AUTO-20260321-0314,5300,Operating Expenses,Operating Expenses,Expenses > Operating Expenses,400.00,,Expense Voucher: EV-CR-20260316-1379 - Bike petrol
16/03/2026,Payment,AUTO-20260321-0314,1001,Cash-in-Hand,Cash & Cash Equivalents,Assets > Current Assets > Cash & Cash Equivalents,,400.00,Expense Voucher: EV-CR-20260316-1379 - Bike petrol
17/03/2026,Payment,AUTO-20260321-0316,5300,Operating Expenses,Operating Expenses,Expenses > Operating Expenses,2500.00,,Expense Voucher: EV-CR-20260317-6776 - Plumber Arun
17/03/2026,Payment,AUTO-20260321-0316,1001,Cash-in-Hand,Cash & Cash Equivalents,Assets > Current Assets > Cash & Cash Equivalents,,2500.00,Expense Voucher: EV-CR-20260317-6776 - Plumber Arun
17/03/2026,Payment,AUTO-20260321-0317,5300,Operating Expenses,Operating Expenses,Expenses > Operating Expenses,800.00,,Expense Voucher: EV-CR-20260317-6984 - Plumbing work
17/03/2026,Payment,AUTO-20260321-0317,1001,Cash-in-Hand,Cash & Cash Equivalents,Assets > Current Assets > Cash & Cash Equivalents,,800.00,Expense Voucher: EV-CR-20260317-6984 - Plumbing work
17/03/2026,Payment,AUTO-20260321-0318,5300,Operating Expenses,Operating Expenses,Expenses > Operating Expenses,7000.00,,Expense Voucher: EV-CR-20260317-7183 - 3BHK groceries
17/03/2026,Payment,AUTO-20260321-0318,1001,Cash-in-Hand,Cash & Cash Equivalents,Assets > Current Assets > Cash & Cash Equivalents,,7000.00,Expense Voucher: EV-CR-20260317-7183 - 3BHK groceries
17/03/2026,Payment,AUTO-20260321-0320,5300,Operating Expenses,Operating Expenses,Expenses > Operating Expenses,280.00,,Expense Voucher: EV-CR-20260317-7379 - Tea 
17/03/2026,Payment,AUTO-20260321-0320,1001,Cash-in-Hand,Cash & Cash Equivalents,Assets > Current Assets > Cash & Cash Equivalents,,280.00,Expense Voucher: EV-CR-20260317-7379 - Tea 
18/03/2026,Payment,AUTO-20260321-0322,5300,Operating Expenses,Operating Expenses,Expenses > Operating Expenses,60.00,,Expense Voucher: EV-CR-20260318-1112 - milk
18/03/2026,Payment,AUTO-20260321-0322,1001,Cash-in-Hand,Cash & Cash Equivalents,Assets > Current Assets > Cash & Cash Equivalents,,60.00,Expense Voucher: EV-CR-20260318-1112 - milk
19/03/2026,Payment,AUTO-20260321-0323,5300,Operating Expenses,Operating Expenses,Expenses > Operating Expenses,400.00,,Expense Voucher: EV-CR-20260319-3563 - Ugadi items 
19/03/2026,Payment,AUTO-20260321-0323,1001,Cash-in-Hand,Cash & Cash Equivalents,Assets > Current Assets > Cash & Cash Equivalents,,400.00,Expense Voucher: EV-CR-20260319-3563 - Ugadi items 
19/03/2026,Payment,AUTO-20260321-0324,5300,Operating Expenses,Operating Expenses,Expenses > Operating Expenses,500.00,,Expense Voucher: EV-CR-20260319-3765 - SS bolts 
19/03/2026,Payment,AUTO-20260321-0324,1001,Cash-in-Hand,Cash & Cash Equivalents,Assets > Current Assets > Cash & Cash Equivalents,,500.00,Expense Voucher: EV-CR-20260319-3765 - SS bolts 
19/03/2026,Payment,AUTO-20260321-0325,5300,Operating Expenses,Operating Expenses,Expenses > Operating Expenses,872.00,,Expense Voucher: EV-CR-20260319-3962 - Lab gloves
19/03/2026,Payment,AUTO-20260321-0325,1001,Cash-in-Hand,Cash & Cash Equivalents,Assets > Current Assets > Cash & Cash Equivalents,,872.00,Expense Voucher: EV-CR-20260319-3962 - Lab gloves
20/03/2026,Payment,AUTO-20260321-0326,5300,Operating Expenses,Operating Expenses,Expenses > Operating Expenses,7300.00,,Expense Voucher: EV-CR-20260320-6609 - Hari Madugula
20/03/2026,Payment,AUTO-20260321-0326,1001,Cash-in-Hand,Cash & Cash Equivalents,Assets > Current Assets > Cash & Cash Equivalents,,7300.00,Expense Voucher: EV-CR-20260320-6609 - Hari Madugula
20/03/2026,Payment,AUTO-20260321-0327,5300,Operating Expenses,Operating Expenses,Expenses > Operating Expenses,600.00,,Expense Voucher: EV-CR-20260320-6814 - Cement 
20/03/2026,Payment,AUTO-20260321-0327,1001,Cash-in-Hand,Cash & Cash Equivalents,Assets > Current Assets > Cash & Cash Equivalents,,600.00,Expense Voucher: EV-CR-20260320-6814 - Cement 
20/03/2026,Payment,AUTO-20260321-0328,5300,Operating Expenses,Operating Expenses,Expenses > Operating Expenses,442.00,,Expense Voucher: EV-CR-20260320-7081 - Machine gloves
20/03/2026,Payment,AUTO-20260321-0328,1001,Cash-in-Hand,Cash & Cash Equivalents,Assets > Current Assets > Cash & Cash Equivalents,,442.00,Expense Voucher: EV-CR-20260320-7081 - Machine gloves
20/03/2026,Payment,AUTO-20260321-0329,5300,Operating Expenses,Operating Expenses,Expenses > Operating Expenses,770.00,,Expense Voucher: EV-CR-20260320-7283 - Shrink terminals 
20/03/2026,Payment,AUTO-20260321-0329,1001,Cash-in-Hand,Cash & Cash Equivalents,Assets > Current Assets > Cash & Cash Equivalents,,770.00,Expense Voucher: EV-CR-20260320-7283 - Shrink terminals 
20/03/2026,Payment,AUTO-20260321-0330,5300,Operating Expenses,Operating Expenses,Expenses > Operating Expenses,430.00,,Expense Voucher: EV-CR-20260320-7484 - Lock plate & grinding wheels
20/03/2026,Payment,AUTO-20260321-0330,1001,Cash-in-Hand,Cash & Cash Equivalents,Assets > Current Assets > Cash & Cash Equivalents,,430.00,Expense Voucher: EV-CR-20260320-7484 - Lock plate & grinding wheels
20/03/2026,Payment,AUTO-20260321-0331,5300,Operating Expenses,Operating Expenses,Expenses > Operating Expenses,200.00,,Expense Voucher: EV-CR-20260320-7684 - Petrol 
20/03/2026,Payment,AUTO-20260321-0331,1001,Cash-in-Hand,Cash & Cash Equivalents,Assets > Current Assets > Cash & Cash Equivalents,,200.00,Expense Voucher: EV-CR-20260320-7684 - Petrol 
20/03/2026,Payment,AUTO-20260321-0332,5300,Operating Expenses,Operating Expenses,Expenses > Operating Expenses,2000.00,,Expense Voucher: EV-CR-20260320-7882 - Vivek adv
20/03/2026,Payment,AUTO-20260321-0332,1001,Cash-in-Hand,Cash & Cash Equivalents,Assets > Current Assets > Cash & Cash Equivalents,,2000.00,Expense Voucher: EV-CR-20260320-7882 - Vivek adv
21/03/2026,Payment,AUTO-20260321-0334,5300,Operating Expenses,Operating Expenses,Expenses > Operating Expenses,291.00,,Expense Voucher: EV-CR-20260321-9025 - Masks 
21/03/2026,Payment,AUTO-20260321-0334,1001,Cash-in-Hand,Cash & Cash Equivalents,Assets > Current Assets > Cash & Cash Equivalents,,291.00,Expense Voucher: EV-CR-20260321-9025 - Masks 
21/03/2026,Payment,AUTO-20260321-0335,5300,Operating Expenses,Operating Expenses,Expenses > Operating Expenses,3000.00,,Expense Voucher: EV-CR-20260321-9232 -  Diesel Laxman
21/03/2026,Payment,AUTO-20260321-0335,1001,Cash-in-Hand,Cash & Cash Equivalents,Assets > Current Assets > Cash & Cash Equivalents,,3000.00,Expense Voucher: EV-CR-20260321-9232 -  Diesel Laxman
21/03/2026,Payment,AUTO-20260321-0336,5300,Operating Expenses,Operating Expenses,Expenses > Operating Expenses,261.00,,Expense Voucher: EV-CR-20260321-9430 - Sanitizer 
21/03/2026,Payment,AUTO-20260321-0336,1001,Cash-in-Hand,Cash & Cash Equivalents,Assets > Current Assets > Cash & Cash Equivalents,,261.00,Expense Voucher: EV-CR-20260321-9430 - Sanitizer 
21/03/2026,Payment,AUTO-20260321-0337,5300,Operating Expenses,Operating Expenses,Expenses > Operating Expenses,12000.00,,Expense Voucher: EV-CR-20260321-9631 - Showri salary
21/03/2026,Payment,AUTO-20260321-0337,1001,Cash-in-Hand,Cash & Cash Equivalents,Assets > Current Assets > Cash & Cash Equivalents,,12000.00,Expense Voucher: EV-CR-20260321-9631 - Showri salary
21/03/2026,Payment,AUTO-20260321-0339,5300,Operating Expenses,Operating Expenses,Expenses > Operating Expenses,1080.00,,Expense Voucher: EV-CR-20260321-9839 - milk
21/03/2026,Payment,AUTO-20260321-0339,1001,Cash-in-Hand,Cash & Cash Equivalents,Assets > Current Assets > Cash & Cash Equivalents,,1080.00,Expense Voucher: EV-CR-20260321-9839 - milk
22/03/2026,Payment,AUTO-20260322-0154,5300,Operating Expenses,Operating Expenses,Expenses > Operating Expenses,2730.00,,Expense Voucher: EV-CR-20260322-0626 - Shyam
22/03/2026,Payment,AUTO-20260322-0154,1001,Cash-in-Hand,Cash & Cash Equivalents,Assets > Current Assets > Cash & Cash Equivalents,,2730.00,Expense Voucher: EV-CR-20260322-0626 - Shyam
22/03/2026,Payment,AUTO-20260322-0155,5300,Operating Expenses,Operating Expenses,Expenses > Operating Expenses,40.00,,Expense Voucher: EV-CR-20260322-4612 - Shyam
22/03/2026,Payment,AUTO-20260322-0155,1001,Cash-in-Hand,Cash & Cash Equivalents,Assets > Current Assets > Cash & Cash Equivalents,,40.00,Expense Voucher: EV-CR-20260322-4612 - Shyam
23/03/2026,Payment,AUTO-20260323-0001,5300,Operating Expenses,Operating Expenses,Expenses > Operating Expenses,3000.00,,Expense Voucher: EV-CR-20260323-6546 - Ramesh
23/03/2026,Payment,AUTO-20260323-0001,1001,Cash-in-Hand,Cash & Cash Equivalents,Assets > Current Assets > Cash & Cash Equivalents,,3000.00,Expense Voucher: EV-CR-20260323-6546 - Ramesh
23/03/2026,Payment,AUTO-20260323-0002,5300,Operating Expenses,Operating Expenses,Expenses > Operating Expenses,3000.00,,Expense Voucher: EV-CR-20260323-1801 - Santhosh
23/03/2026,Payment,AUTO-20260323-0002,1001,Cash-in-Hand,Cash & Cash Equivalents,Assets > Current Assets > Cash & Cash Equivalents,,3000.00,Expense Voucher: EV-CR-20260323-1801 - Santhosh
23/03/2026,Payment,AUTO-20260323-0008,5300,Operating Expenses,Operating Expenses,Expenses > Operating Expenses,1000.00,,Expense Voucher: EV-CR-20260323-8968 - Pankaj
23/03/2026,Payment,AUTO-20260323-0008,1001,Cash-in-Hand,Cash & Cash Equivalents,Assets > Current Assets > Cash & Cash Equivalents,,1000.00,Expense Voucher: EV-CR-20260323-8968 - Pankaj
23/03/2026,Payment,AUTO-20260323-0009,5300,Operating Expenses,Operating Expenses,Expenses > Operating Expenses,600.00,,Expense Voucher: EV-CR-20260323-1589 - Pankaj
23/03/2026,Payment,AUTO-20260323-0009,1001,Cash-in-Hand,Cash & Cash Equivalents,Assets > Current Assets > Cash & Cash Equivalents,,600.00,Expense Voucher: EV-CR-20260323-1589 - Pankaj
23/03/2026,Payment,AUTO-20260323-0010,5300,Operating Expenses,Operating Expenses,Expenses > Operating Expenses,100.00,,Expense Voucher: EV-CR-20260323-6911 - Lakshman
23/03/2026,Payment,AUTO-20260323-0010,1001,Cash-in-Hand,Cash & Cash Equivalents,Assets > Current Assets > Cash & Cash Equivalents,,100.00,Expense Voucher: EV-CR-20260323-6911 - Lakshman
24/03/2026,Payment,AUTO-20260324-0003,5300,Operating Expenses,Operating Expenses,Expenses > Operating Expenses,3000.00,,Expense Voucher: EV-CR-20260324-3228 - Lakshman
24/03/2026,Payment,AUTO-20260324-0003,1001,Cash-in-Hand,Cash & Cash Equivalents,Assets > Current Assets > Cash & Cash Equivalents,,3000.00,Expense Voucher: EV-CR-20260324-3228 - Lakshman
24/03/2026,Payment,AUTO-20260324-0004,5300,Operating Expenses,Operating Expenses,Expenses > Operating Expenses,900.00,,Expense Voucher: EV-CR-20260324-8648 - Lakshman
24/03/2026,Payment,AUTO-20260324-0004,1001,Cash-in-Hand,Cash & Cash Equivalents,Assets > Current Assets > Cash & Cash Equivalents,,900.00,Expense Voucher: EV-CR-20260324-8648 - Lakshman
24/03/2026,Payment,AUTO-20260324-0007,5300,Operating Expenses,Operating Expenses,Expenses > Operating Expenses,5000.00,,Expense Voucher: EV-CR-20260324-1556 - Hari
24/03/2026,Payment,AUTO-20260324-0007,1001,Cash-in-Hand,Cash & Cash Equivalents,Assets > Current Assets > Cash & Cash Equivalents,,5000.00,Expense Voucher: EV-CR-20260324-1556 - Hari
24/03/2026,Payment,AUTO-20260324-0008,5300,Operating Expenses,Operating Expenses,Expenses > Operating Expenses,3000.00,,Expense Voucher: EV-CR-20260324-9085 - Hari
24/03/2026,Payment,AUTO-20260324-0008,1001,Cash-in-Hand,Cash & Cash Equivalents,Assets > Current Assets > Cash & Cash Equivalents,,3000.00,Expense Voucher: EV-CR-20260324-9085 - Hari
24/03/2026,Payment,AUTO-20260324-0009,5300,Operating Expenses,Operating Expenses,Expenses > Operating Expenses,200.00,,Expense Voucher: EV-CR-20260324-9225 - Hari
24/03/2026,Payment,AUTO-20260324-0009,1001,Cash-in-Hand,Cash & Cash Equivalents,Assets > Current Assets > Cash & Cash Equivalents,,200.00,Expense Voucher: EV-CR-20260324-9225 - Hari
24/03/2026,Payment,AUTO-20260324-0010,5300,Operating Expenses,Operating Expenses,Expenses > Operating Expenses,100.00,,Expense Voucher: EV-CR-20260324-7865 - Hari
24/03/2026,Payment,AUTO-20260324-0010,1001,Cash-in-Hand,Cash & Cash Equivalents,Assets > Current Assets > Cash & Cash Equivalents,,100.00,Expense Voucher: EV-CR-20260324-7865 - Hari
24/03/2026,Payment,AUTO-20260324-0011,5300,Operating Expenses,Operating Expenses,Expenses > Operating Expenses,3018.00,,Expense Voucher: EV-CR-20260324-2767 - Shyam
24/03/2026,Payment,AUTO-20260324-0011,1001,Cash-in-Hand,Cash & Cash Equivalents,Assets > Current Assets > Cash & Cash Equivalents,,3018.00,Expense Voucher: EV-CR-20260324-2767 - Shyam
24/03/2026,Payment,AUTO-20260324-0012,5300,Operating Expenses,Operating Expenses,Expenses > Operating Expenses,400.00,,Expense Voucher: EV-CR-20260324-9127 - Pankaj
24/03/2026,Payment,AUTO-20260324-0012,1001,Cash-in-Hand,Cash & Cash Equivalents,Assets > Current Assets > Cash & Cash Equivalents,,400.00,Expense Voucher: EV-CR-20260324-9127 - Pankaj
25/03/2026,Payment,AUTO-20260326-0005,5300,Operating Expenses,Operating Expenses,Expenses > Operating Expenses,3800.00,,Expense Voucher: EV-CR-20260325-4550 - Sumith electronics
25/03/2026,Payment,AUTO-20260326-0005,1001,Cash-in-Hand,Cash & Cash Equivalents,Assets > Current Assets > Cash & Cash Equivalents,,3800.00,Expense Voucher: EV-CR-20260325-4550 - Sumith electronics
25/03/2026,Payment,AUTO-20260326-0006,5300,Operating Expenses,Operating Expenses,Expenses > Operating Expenses,2820.00,,Expense Voucher: EV-CR-20260325-2756 - Rahamani Entraprices
25/03/2026,Payment,AUTO-20260326-0006,1001,Cash-in-Hand,Cash & Cash Equivalents,Assets > Current Assets > Cash & Cash Equivalents,,2820.00,Expense Voucher: EV-CR-20260325-2756 - Rahamani Entraprices
25/03/2026,Payment,AUTO-20260326-0007,5300,Operating Expenses,Operating Expenses,Expenses > Operating Expenses,120.00,,Expense Voucher: EV-CR-20260325-8746 - Shyam
25/03/2026,Payment,AUTO-20260326-0007,1001,Cash-in-Hand,Cash & Cash Equivalents,Assets > Current Assets > Cash & Cash Equivalents,,120.00,Expense Voucher: EV-CR-20260325-8746 - Shyam
25/03/2026,Payment,AUTO-20260326-0008,5300,Operating Expenses,Operating Expenses,Expenses > Operating Expenses,1800.00,,Expense Voucher: EV-CR-20260325-6858 - Vasuvi hardware
25/03/2026,Payment,AUTO-20260326-0008,1001,Cash-in-Hand,Cash & Cash Equivalents,Assets > Current Assets > Cash & Cash Equivalents,,1800.00,Expense Voucher: EV-CR-20260325-6858 - Vasuvi hardware
25/03/2026,Payment,AUTO-20260326-0009,5300,Operating Expenses,Operating Expenses,Expenses > Operating Expenses,2770.00,,Expense Voucher: EV-CR-20260325-2045 - Ravi hardware
25/03/2026,Payment,AUTO-20260326-0009,1001,Cash-in-Hand,Cash & Cash Equivalents,Assets > Current Assets > Cash & Cash Equivalents,,2770.00,Expense Voucher: EV-CR-20260325-2045 - Ravi hardware
25/03/2026,Payment,AUTO-20260326-0010,5300,Operating Expenses,Operating Expenses,Expenses > Operating Expenses,100.00,,Expense Voucher: EV-CR-20260325-4761 - star chemicals
25/03/2026,Payment,AUTO-20260326-0010,1001,Cash-in-Hand,Cash & Cash Equivalents,Assets > Current Assets > Cash & Cash Equivalents,,100.00,Expense Voucher: EV-CR-20260325-4761 - star chemicals
25/03/2026,Payment,AUTO-20260326-0011,5300,Operating Expenses,Operating Expenses,Expenses > Operating Expenses,1980.00,,Expense Voucher: EV-CR-20260325-1752 - Hutaib Tools traders
25/03/2026,Payment,AUTO-20260326-0011,1001,Cash-in-Hand,Cash & Cash Equivalents,Assets > Current Assets > Cash & Cash Equivalents,,1980.00,Expense Voucher: EV-CR-20260325-1752 - Hutaib Tools traders
25/03/2026,Payment,AUTO-20260326-0012,5300,Operating Expenses,Operating Expenses,Expenses > Operating Expenses,100.00,,Expense Voucher: EV-CR-20260325-2402 - Maduri enterprices
25/03/2026,Payment,AUTO-20260326-0012,1001,Cash-in-Hand,Cash & Cash Equivalents,Assets > Current Assets > Cash & Cash Equivalents,,100.00,Expense Voucher: EV-CR-20260325-2402 - Maduri enterprices
25/03/2026,Payment,AUTO-20260326-0014,5300,Operating Expenses,Operating Expenses,Expenses > Operating Expenses,300.00,,Expense Voucher: EV-CR-20260325-8425 - Shyam
25/03/2026,Payment,AUTO-20260326-0014,1001,Cash-in-Hand,Cash & Cash Equivalents,Assets > Current Assets > Cash & Cash Equivalents,,300.00,Expense Voucher: EV-CR-20260325-8425 - Shyam
26/03/2026,Payment,AUTO-20260326-0018,5300,Operating Expenses,Operating Expenses,Expenses > Operating Expenses,3000.00,,Expense Voucher: EV-CR-20260326-1932 - Ramesh
26/03/2026,Payment,AUTO-20260326-0018,1001,Cash-in-Hand,Cash & Cash Equivalents,Assets > Current Assets > Cash & Cash Equivalents,,3000.00,Expense Voucher: EV-CR-20260326-1932 - Ramesh
27/03/2026,Payment,AUTO-20260330-0001,5300,Operating Expenses,Operating Expenses,Expenses > Operating Expenses,5000.00,,Expense Voucher: EV-CR-20260327-3386 - Hari
27/03/2026,Payment,AUTO-20260330-0001,1001,Cash-in-Hand,Cash & Cash Equivalents,Assets > Current Assets > Cash & Cash Equivalents,,5000.00,Expense Voucher: EV-CR-20260327-3386 - Hari
27/03/2026,Payment,AUTO-20260330-0002,5300,Operating Expenses,Operating Expenses,Expenses > Operating Expenses,3000.00,,Expense Voucher: EV-CR-20260327-4934 - hari
27/03/2026,Payment,AUTO-20260330-0002,1001,Cash-in-Hand,Cash & Cash Equivalents,Assets > Current Assets > Cash & Cash Equivalents,,3000.00,Expense Voucher: EV-CR-20260327-4934 - hari
27/03/2026,Payment,AUTO-20260330-0003,5300,Operating Expenses,Operating Expenses,Expenses > Operating Expenses,200.00,,Expense Voucher: EV-CR-20260327-2524 - Hari
27/03/2026,Payment,AUTO-20260330-0003,1001,Cash-in-Hand,Cash & Cash Equivalents,Assets > Current Assets > Cash & Cash Equivalents,,200.00,Expense Voucher: EV-CR-20260327-2524 - Hari
27/03/2026,Payment,AUTO-20260330-0004,5300,Operating Expenses,Operating Expenses,Expenses > Operating Expenses,100.00,,Expense Voucher: EV-CR-20260327-1743 - Hari
27/03/2026,Payment,AUTO-20260330-0004,1001,Cash-in-Hand,Cash & Cash Equivalents,Assets > Current Assets > Cash & Cash Equivalents,,100.00,Expense Voucher: EV-CR-20260327-1743 - Hari
27/03/2026,Payment,AUTO-20260330-0005,5300,Operating Expenses,Operating Expenses,Expenses > Operating Expenses,500.00,,Expense Voucher: EV-CR-20260327-9368 - Shyam
27/03/2026,Payment,AUTO-20260330-0005,1001,Cash-in-Hand,Cash & Cash Equivalents,Assets > Current Assets > Cash & Cash Equivalents,,500.00,Expense Voucher: EV-CR-20260327-9368 - Shyam
27/03/2026,Payment,AUTO-20260330-0006,5300,Operating Expenses,Operating Expenses,Expenses > Operating Expenses,775.00,,Expense Voucher: EV-CR-20260327-6244 - Shyam
27/03/2026,Payment,AUTO-20260330-0006,1001,Cash-in-Hand,Cash & Cash Equivalents,Assets > Current Assets > Cash & Cash Equivalents,,775.00,Expense Voucher: EV-CR-20260327-6244 - Shyam
28/03/2026,Payment,AUTO-20260330-0009,5300,Operating Expenses,Operating Expenses,Expenses > Operating Expenses,150.00,,Expense Voucher: EV-CR-20260328-8665 - Santhosh
28/03/2026,Payment,AUTO-20260330-0009,1001,Cash-in-Hand,Cash & Cash Equivalents,Assets > Current Assets > Cash & Cash Equivalents,,150.00,Expense Voucher: EV-CR-20260328-8665 - Santhosh
28/03/2026,Payment,AUTO-20260330-0010,5300,Operating Expenses,Operating Expenses,Expenses > Operating Expenses,3000.00,,Expense Voucher: EV-CR-20260328-5584 - Santhosh
28/03/2026,Payment,AUTO-20260330-0010,1001,Cash-in-Hand,Cash & Cash Equivalents,Assets > Current Assets > Cash & Cash Equivalents,,3000.00,Expense Voucher: EV-CR-20260328-5584 - Santhosh
28/03/2026,Payment,AUTO-20260330-0011,5300,Operating Expenses,Operating Expenses,Expenses > Operating Expenses,2500.00,,Expense Voucher: EV-CR-20260328-3744 - Showri
28/03/2026,Payment,AUTO-20260330-0011,1001,Cash-in-Hand,Cash & Cash Equivalents,Assets > Current Assets > Cash & Cash Equivalents,,2500.00,Expense Voucher: EV-CR-20260328-3744 - Showri
28/03/2026,Payment,AUTO-20260330-0012,5300,Operating Expenses,Operating Expenses,Expenses > Operating Expenses,2626.00,,Expense Voucher: EV-CR-20260328-0789 - Mayfair electricals
28/03/2026,Payment,AUTO-20260330-0012,1001,Cash-in-Hand,Cash & Cash Equivalents,Assets > Current Assets > Cash & Cash Equivalents,,2626.00,Expense Voucher: EV-CR-20260328-0789 - Mayfair electricals
28/03/2026,Payment,AUTO-20260330-0013,5300,Operating Expenses,Operating Expenses,Expenses > Operating Expenses,1260.00,,Expense Voucher: EV-CR-20260328-0759 - Rambabu
28/03/2026,Payment,AUTO-20260330-0013,1001,Cash-in-Hand,Cash & Cash Equivalents,Assets > Current Assets > Cash & Cash Equivalents,,1260.00,Expense Voucher: EV-CR-20260328-0759 - Rambabu
29/03/2026,Payment,AUTO-20260330-0014,5300,Operating Expenses,Operating Expenses,Expenses > Operating Expenses,6000.00,,Expense Voucher: EV-CR-20260329-5599 - Hari
29/03/2026,Payment,AUTO-20260330-0014,1001,Cash-in-Hand,Cash & Cash Equivalents,Assets > Current Assets > Cash & Cash Equivalents,,6000.00,Expense Voucher: EV-CR-20260329-5599 - Hari
29/03/2026,Payment,AUTO-20260330-0015,5300,Operating Expenses,Operating Expenses,Expenses > Operating Expenses,200.00,,Expense Voucher: EV-CR-20260329-1095 - Hari
29/03/2026,Payment,AUTO-20260330-0015,1001,Cash-in-Hand,Cash & Cash Equivalents,Assets > Current Assets > Cash & Cash Equivalents,,200.00,Expense Voucher: EV-CR-20260329-1095 - Hari
29/03/2026,Payment,AUTO-20260330-0016,5300,Operating Expenses,Operating Expenses,Expenses > Operating Expenses,70.00,,Expense Voucher: EV-CR-20260329-4565 - Hari
29/03/2026,Payment,AUTO-20260330-0016,1001,Cash-in-Hand,Cash & Cash Equivalents,Assets > Current Assets > Cash & Cash Equivalents,,70.00,Expense Voucher: EV-CR-20260329-4565 - Hari
29/03/2026,Payment,AUTO-20260330-0017,5300,Operating Expenses,Operating Expenses,Expenses > Operating Expenses,150.00,,Expense Voucher: EV-CR-20260329-3691 - Hari
29/03/2026,Payment,AUTO-20260330-0017,1001,Cash-in-Hand,Cash & Cash Equivalents,Assets > Current Assets > Cash & Cash Equivalents,,150.00,Expense Voucher: EV-CR-20260329-3691 - Hari
29/03/2026,Payment,AUTO-20260330-0018,5300,Operating Expenses,Operating Expenses,Expenses > Operating Expenses,200.00,,Expense Voucher: EV-CR-20260329-4883 - Hari
29/03/2026,Payment,AUTO-20260330-0018,1001,Cash-in-Hand,Cash & Cash Equivalents,Assets > Current Assets > Cash & Cash Equivalents,,200.00,Expense Voucher: EV-CR-20260329-4883 - Hari
29/03/2026,Payment,AUTO-20260330-0020,5300,Operating Expenses,Operating Expenses,Expenses > Operating Expenses,500.00,,Expense Voucher: EV-CR-20260329-0107 - Anil
29/03/2026,Payment,AUTO-20260330-0020,1001,Cash-in-Hand,Cash & Cash Equivalents,Assets > Current Assets > Cash & Cash Equivalents,,500.00,Expense Voucher: EV-CR-20260329-0107 - Anil
30/03/2026,Payment,AUTO-20260330-0023,5300,Operating Expenses,Operating Expenses,Expenses > Operating Expenses,150.00,,Expense Voucher: EV-CR-20260330-6145 - Lakshman
30/03/2026,Payment,AUTO-20260330-0023,1001,Cash-in-Hand,Cash & Cash Equivalents,Assets > Current Assets > Cash & Cash Equivalents,,150.00,Expense Voucher: EV-CR-20260330-6145 - Lakshman
30/03/2026,Payment,AUTO-20260330-0024,5300,Operating Expenses,Operating Expenses,Expenses > Operating Expenses,50.00,,Expense Voucher: EV-CR-20260330-6227 - Ramesh
30/03/2026,Payment,AUTO-20260330-0024,1001,Cash-in-Hand,Cash & Cash Equivalents,Assets > Current Assets > Cash & Cash Equivalents,,50.00,Expense Voucher: EV-CR-20260330-6227 - Ramesh
30/03/2026,Payment,AUTO-20260330-0025,5300,Operating Expenses,Operating Expenses,Expenses > Operating Expenses,3000.00,,Expense Voucher: EV-CR-20260330-9025 - Ramesh
30/03/2026,Payment,AUTO-20260330-0025,1001,Cash-in-Hand,Cash & Cash Equivalents,Assets > Current Assets > Cash & Cash Equivalents,,3000.00,Expense Voucher: EV-CR-20260330-9025 - Ramesh
30/03/2026,Payment,AUTO-20260330-0026,5300,Operating Expenses,Operating Expenses,Expenses > Operating Expenses,200.00,,Expense Voucher: EV-CR-20260330-5181 - Naveen
30/03/2026,Payment,AUTO-20260330-0026,1001,Cash-in-Hand,Cash & Cash Equivalents,Assets > Current Assets > Cash & Cash Equivalents,,200.00,Expense Voucher: EV-CR-20260330-5181 - Naveen
30/03/2026,Payment,AUTO-20260330-0027,5300,Operating Expenses,Operating Expenses,Expenses > Operating Expenses,600.00,,Expense Voucher: EV-CR-20260330-5631 - Pankaj
30/03/2026,Payment,AUTO-20260330-0027,1001,Cash-in-Hand,Cash & Cash Equivalents,Assets > Current Assets > Cash & Cash Equivalents,,600.00,Expense Voucher: EV-CR-20260330-5631 - Pankaj
31/03/2026,Payment,AUTO-20260331-0006,5300,Operating Expenses,Operating Expenses,Expenses > Operating Expenses,150.00,,Expense Voucher: EV-CR-20260331-3866 - Santhosh
31/03/2026,Payment,AUTO-20260331-0006,1001,Cash-in-Hand,Cash & Cash Equivalents,Assets > Current Assets > Cash & Cash Equivalents,,150.00,Expense Voucher: EV-CR-20260331-3866 - Santhosh
31/03/2026,Payment,AUTO-20260331-0007,5300,Operating Expenses,Operating Expenses,Expenses > Operating Expenses,50.00,,Expense Voucher: EV-CR-20260331-9848 - Ramesh
31/03/2026,Payment,AUTO-20260331-0007,1001,Cash-in-Hand,Cash & Cash Equivalents,Assets > Current Assets > Cash & Cash Equivalents,,50.00,Expense Voucher: EV-CR-20260331-9848 - Ramesh
31/03/2026,Payment,AUTO-20260331-0010,5300,Operating Expenses,Operating Expenses,Expenses > Operating Expenses,200.00,,Expense Voucher: EV-CR-20260331-4985 - Showri
31/03/2026,Payment,AUTO-20260331-0010,1001,Cash-in-Hand,Cash & Cash Equivalents,Assets > Current Assets > Cash & Cash Equivalents,,200.00,Expense Voucher: EV-CR-20260331-4985 - Showri
31/03/2026,Payment,AUTO-20260331-0011,5300,Operating Expenses,Operating Expenses,Expenses > Operating Expenses,3000.00,,Expense Voucher: EV-CR-20260331-1001 - Lakshman
31/03/2026,Payment,AUTO-20260331-0011,1001,Cash-in-Hand,Cash & Cash Equivalents,Assets > Current Assets > Cash & Cash Equivalents,,3000.00,Expense Voucher: EV-CR-20260331-1001 - Lakshman
31/03/2026,Payment,AUTO-20260331-0012,5300,Operating Expenses,Operating Expenses,Expenses > Operating Expenses,3000.00,,Expense Voucher: EV-CR-20260331-0281 - Santhosh
31/03/2026,Payment,AUTO-20260331-0012,1001,Cash-in-Hand,Cash & Cash Equivalents,Assets > Current Assets > Cash & Cash Equivalents,,3000.00,Expense Voucher: EV-CR-20260331-0281 - Santhosh
